{"name":"Log","hostname":"lina-blog","pid":31762,"level":30,"version":"5.118.1","msg":"Ghost is running in production...","time":"2025-05-01T06:25:39.407Z","v":0}
{"name":"Log","hostname":"lina-blog","pid":31762,"level":30,"version":"5.118.1","msg":"Your site is now available on http://localhost:2368/","time":"2025-05-01T06:25:39.410Z","v":0}
{"name":"Log","hostname":"lina-blog","pid":31762,"level":30,"version":"5.118.1","msg":"Ctrl+C to shut down","time":"2025-05-01T06:25:39.411Z","v":0}
{"name":"Log","hostname":"lina-blog","pid":31762,"level":30,"version":"5.118.1","msg":"Ghost server started in 1.177s","time":"2025-05-01T06:25:39.474Z","v":0}
{"name":"Log","hostname":"lina-blog","pid":31762,"level":30,"version":"5.118.1","msg":"Bootstrap client was closed.","time":"2025-05-01T06:25:39.830Z","v":0}
{"name":"Log","hostname":"lina-blog","pid":31762,"level":50,"version":"5.118.1","err":{"id":500,"domain":"http://localhost:2368/","code":"ER_ACCESS_DENIED_ERROR","name":"DatabaseError","statusCode":500,"level":"critical","message":"Access denied for user 'lina'@'localhost' (using password: YES)","help":"\"Unknown database error\"","stack":"Error: Access denied for user 'lina'@'localhost' (using password: YES)\n    at /home/lina/lina-blog/versions/5.118.1/node_modules/knex-migrator/lib/database.js:57:19\n    at Packet.asError (/home/lina/lina-blog/versions/5.118.1/node_modules/mysql2/lib/packets/packet.js:740:17)\n    at ClientHandshake.execute (/home/lina/lina-blog/versions/5.118.1/node_modules/mysql2/lib/commands/command.js:29:26)\n    at Connection.handlePacket (/home/lina/lina-blog/versions/5.118.1/node_modules/mysql2/lib/base/connection.js:475:34)\n    at PacketParser.onPacket (/home/lina/lina-blog/versions/5.118.1/node_modules/mysql2/lib/base/connection.js:93:12)\n    at PacketParser.executeStart (/home/lina/lina-blog/versions/5.118.1/node_modules/mysql2/lib/packet_parser.js:75:16)\n    at Socket.<anonymous> (/home/lina/lina-blog/versions/5.118.1/node_modules/mysql2/lib/base/connection.js:100:25)\n    at Socket.emit (node:events:524:28)\n    at addChunk (node:internal/streams/readable:561:12)\n    at readableAddChunkPushByteMode (node:internal/streams/readable:512:3)\n    at Readable.push (node:internal/streams/readable:392:5)","hideStack":false},"msg":"Access denied for user 'lina'@'localhost' (using password: YES)","time":"2025-05-01T06:25:39.853Z","v":0}
{"name":"Log","hostname":"lina-blog","pid":31762,"level":40,"version":"5.118.1","msg":"Ghost is shutting down","time":"2025-05-01T06:25:39.856Z","v":0}
{"name":"Log","hostname":"lina-blog","pid":31762,"level":40,"version":"5.118.1","msg":"Ghost has shut down","time":"2025-05-01T06:25:39.858Z","v":0}
{"name":"Log","hostname":"lina-blog","pid":31762,"level":40,"version":"5.118.1","msg":"Your site is now offline","time":"2025-05-01T06:25:39.859Z","v":0}
{"name":"Log","hostname":"lina-blog","pid":31762,"level":40,"version":"5.118.1","msg":"Ghost was running for a few seconds","time":"2025-05-01T06:25:39.861Z","v":0}
{"name":"Log","hostname":"lina-blog","pid":31762,"level":30,"version":"5.118.1","msg":"Bootstrap client was closed.","time":"2025-05-01T06:25:39.869Z","v":0}
{"name":"Log","hostname":"lina-blog","pid":32005,"level":30,"version":"5.118.1","msg":"Ghost is running in production...","time":"2025-05-01T06:29:59.329Z","v":0}
{"name":"Log","hostname":"lina-blog","pid":32005,"level":30,"version":"5.118.1","msg":"Your site is now available on http://localhost:2368/","time":"2025-05-01T06:29:59.330Z","v":0}
{"name":"Log","hostname":"lina-blog","pid":32005,"level":30,"version":"5.118.1","msg":"Ctrl+C to shut down","time":"2025-05-01T06:29:59.331Z","v":0}
{"name":"Log","hostname":"lina-blog","pid":32005,"level":30,"version":"5.118.1","msg":"Ghost server started in 0.655s","time":"2025-05-01T06:29:59.389Z","v":0}
{"name":"Log","hostname":"lina-blog","pid":32005,"level":30,"version":"5.118.1","msg":"Bootstrap client was closed.","time":"2025-05-01T06:29:59.584Z","v":0}
{"name":"Log","hostname":"lina-blog","pid":32005,"level":50,"version":"5.118.1","err":{"id":500,"domain":"http://localhost:2368/","code":"ER_ACCESS_DENIED_ERROR","name":"DatabaseError","statusCode":500,"level":"critical","message":"Access denied for user 'lina'@'localhost' (using password: YES)","help":"\"Unknown database error\"","stack":"Error: Access denied for user 'lina'@'localhost' (using password: YES)\n    at /home/lina/lina-blog/versions/5.118.1/node_modules/knex-migrator/lib/database.js:57:19\n    at Packet.asError (/home/lina/lina-blog/versions/5.118.1/node_modules/mysql2/lib/packets/packet.js:740:17)\n    at ClientHandshake.execute (/home/lina/lina-blog/versions/5.118.1/node_modules/mysql2/lib/commands/command.js:29:26)\n    at Connection.handlePacket (/home/lina/lina-blog/versions/5.118.1/node_modules/mysql2/lib/base/connection.js:475:34)\n    at PacketParser.onPacket (/home/lina/lina-blog/versions/5.118.1/node_modules/mysql2/lib/base/connection.js:93:12)\n    at PacketParser.executeStart (/home/lina/lina-blog/versions/5.118.1/node_modules/mysql2/lib/packet_parser.js:75:16)\n    at Socket.<anonymous> (/home/lina/lina-blog/versions/5.118.1/node_modules/mysql2/lib/base/connection.js:100:25)\n    at Socket.emit (node:events:524:28)\n    at addChunk (node:internal/streams/readable:561:12)\n    at readableAddChunkPushByteMode (node:internal/streams/readable:512:3)\n    at Readable.push (node:internal/streams/readable:392:5)","hideStack":false},"msg":"Access denied for user 'lina'@'localhost' (using password: YES)","time":"2025-05-01T06:29:59.608Z","v":0}
{"name":"Log","hostname":"lina-blog","pid":32005,"level":40,"version":"5.118.1","msg":"Ghost is shutting down","time":"2025-05-01T06:29:59.612Z","v":0}
{"name":"Log","hostname":"lina-blog","pid":32005,"level":40,"version":"5.118.1","msg":"Ghost has shut down","time":"2025-05-01T06:29:59.614Z","v":0}
{"name":"Log","hostname":"lina-blog","pid":32005,"level":40,"version":"5.118.1","msg":"Your site is now offline","time":"2025-05-01T06:29:59.615Z","v":0}
{"name":"Log","hostname":"lina-blog","pid":32005,"level":40,"version":"5.118.1","msg":"Ghost was running for a few seconds","time":"2025-05-01T06:29:59.617Z","v":0}
{"name":"Log","hostname":"lina-blog","pid":32005,"level":30,"version":"5.118.1","msg":"Bootstrap client was closed.","time":"2025-05-01T06:29:59.624Z","v":0}
{"name":"Log","hostname":"lina-blog","pid":32153,"level":30,"version":"5.118.1","msg":"Ghost is running in production...","time":"2025-05-01T06:35:44.380Z","v":0}
{"name":"Log","hostname":"lina-blog","pid":32153,"level":30,"version":"5.118.1","msg":"Your site is now available on http://localhost:2368/","time":"2025-05-01T06:35:44.382Z","v":0}
{"name":"Log","hostname":"lina-blog","pid":32153,"level":30,"version":"5.118.1","msg":"Ctrl+C to shut down","time":"2025-05-01T06:35:44.382Z","v":0}
{"name":"Log","hostname":"lina-blog","pid":32153,"level":30,"version":"5.118.1","msg":"Ghost server started in 0.481s","time":"2025-05-01T06:35:44.425Z","v":0}
{"name":"Log","hostname":"lina-blog","pid":32153,"level":30,"version":"5.118.1","msg":"Bootstrap client was closed.","time":"2025-05-01T06:35:44.578Z","v":0}
{"name":"Log","hostname":"lina-blog","pid":32153,"level":50,"version":"5.118.1","err":{"id":500,"domain":"http://localhost:2368/","code":"ER_DBACCESS_DENIED_ERROR","name":"DatabaseError","statusCode":500,"level":"critical","message":"Access denied for user 'lina'@'localhost' to database 'lina_blog_prod'","help":"\"Unknown database error\"","stack":"Error: Access denied for user 'lina'@'localhost' to database 'lina_blog_prod'\n    at /home/lina/lina-blog/versions/5.118.1/node_modules/knex-migrator/lib/database.js:57:19\n    at Packet.asError (/home/lina/lina-blog/versions/5.118.1/node_modules/mysql2/lib/packets/packet.js:740:17)\n    at ClientHandshake.execute (/home/lina/lina-blog/versions/5.118.1/node_modules/mysql2/lib/commands/command.js:29:26)\n    at Connection.handlePacket (/home/lina/lina-blog/versions/5.118.1/node_modules/mysql2/lib/base/connection.js:475:34)\n    at PacketParser.onPacket (/home/lina/lina-blog/versions/5.118.1/node_modules/mysql2/lib/base/connection.js:93:12)\n    at PacketParser.executeStart (/home/lina/lina-blog/versions/5.118.1/node_modules/mysql2/lib/packet_parser.js:75:16)\n    at Socket.<anonymous> (/home/lina/lina-blog/versions/5.118.1/node_modules/mysql2/lib/base/connection.js:100:25)\n    at Socket.emit (node:events:524:28)\n    at addChunk (node:internal/streams/readable:561:12)\n    at readableAddChunkPushByteMode (node:internal/streams/readable:512:3)\n    at Readable.push (node:internal/streams/readable:392:5)","hideStack":false},"msg":"Access denied for user 'lina'@'localhost' to database 'lina_blog_prod'","time":"2025-05-01T06:35:44.597Z","v":0}
{"name":"Log","hostname":"lina-blog","pid":32153,"level":40,"version":"5.118.1","msg":"Ghost is shutting down","time":"2025-05-01T06:35:44.599Z","v":0}
{"name":"Log","hostname":"lina-blog","pid":32153,"level":40,"version":"5.118.1","msg":"Ghost has shut down","time":"2025-05-01T06:35:44.601Z","v":0}
{"name":"Log","hostname":"lina-blog","pid":32153,"level":40,"version":"5.118.1","msg":"Your site is now offline","time":"2025-05-01T06:35:44.601Z","v":0}
{"name":"Log","hostname":"lina-blog","pid":32153,"level":40,"version":"5.118.1","msg":"Ghost was running for a few seconds","time":"2025-05-01T06:35:44.603Z","v":0}
{"name":"Log","hostname":"lina-blog","pid":32153,"level":30,"version":"5.118.1","msg":"Bootstrap client was closed.","time":"2025-05-01T06:35:44.608Z","v":0}
{"name":"Log","hostname":"lina-blog","pid":32242,"level":30,"version":"5.118.1","msg":"Ghost is running in production...","time":"2025-05-01T06:37:00.391Z","v":0}
{"name":"Log","hostname":"lina-blog","pid":32242,"level":30,"version":"5.118.1","msg":"Your site is now available on http://localhost:2368/","time":"2025-05-01T06:37:00.392Z","v":0}
{"name":"Log","hostname":"lina-blog","pid":32242,"level":30,"version":"5.118.1","msg":"Ctrl+C to shut down","time":"2025-05-01T06:37:00.392Z","v":0}
{"name":"Log","hostname":"lina-blog","pid":32242,"level":30,"version":"5.118.1","msg":"Ghost server started in 0.495s","time":"2025-05-01T06:37:00.437Z","v":0}
{"name":"Log","hostname":"lina-blog","pid":32242,"level":30,"version":"5.118.1","msg":"Bootstrap client was closed.","time":"2025-05-01T06:37:00.579Z","v":0}
{"name":"Log","hostname":"lina-blog","pid":32242,"level":50,"version":"5.118.1","err":{"id":500,"domain":"http://localhost:2368/","code":"ER_DBACCESS_DENIED_ERROR","name":"DatabaseError","statusCode":500,"level":"critical","message":"Access denied for user 'lina'@'localhost' to database 'lina_blog_prod'","help":"\"Unknown database error\"","stack":"Error: Access denied for user 'lina'@'localhost' to database 'lina_blog_prod'\n    at /home/lina/lina-blog/versions/5.118.1/node_modules/knex-migrator/lib/database.js:57:19\n    at Packet.asError (/home/lina/lina-blog/versions/5.118.1/node_modules/mysql2/lib/packets/packet.js:740:17)\n    at ClientHandshake.execute (/home/lina/lina-blog/versions/5.118.1/node_modules/mysql2/lib/commands/command.js:29:26)\n    at Connection.handlePacket (/home/lina/lina-blog/versions/5.118.1/node_modules/mysql2/lib/base/connection.js:475:34)\n    at PacketParser.onPacket (/home/lina/lina-blog/versions/5.118.1/node_modules/mysql2/lib/base/connection.js:93:12)\n    at PacketParser.executeStart (/home/lina/lina-blog/versions/5.118.1/node_modules/mysql2/lib/packet_parser.js:75:16)\n    at Socket.<anonymous> (/home/lina/lina-blog/versions/5.118.1/node_modules/mysql2/lib/base/connection.js:100:25)\n    at Socket.emit (node:events:524:28)\n    at addChunk (node:internal/streams/readable:561:12)\n    at readableAddChunkPushByteMode (node:internal/streams/readable:512:3)\n    at Readable.push (node:internal/streams/readable:392:5)","hideStack":false},"msg":"Access denied for user 'lina'@'localhost' to database 'lina_blog_prod'","time":"2025-05-01T06:37:00.597Z","v":0}
{"name":"Log","hostname":"lina-blog","pid":32242,"level":40,"version":"5.118.1","msg":"Ghost is shutting down","time":"2025-05-01T06:37:00.599Z","v":0}
{"name":"Log","hostname":"lina-blog","pid":32242,"level":40,"version":"5.118.1","msg":"Ghost has shut down","time":"2025-05-01T06:37:00.601Z","v":0}
{"name":"Log","hostname":"lina-blog","pid":32242,"level":40,"version":"5.118.1","msg":"Your site is now offline","time":"2025-05-01T06:37:00.601Z","v":0}
{"name":"Log","hostname":"lina-blog","pid":32242,"level":40,"version":"5.118.1","msg":"Ghost was running for a few seconds","time":"2025-05-01T06:37:00.603Z","v":0}
{"name":"Log","hostname":"lina-blog","pid":32242,"level":30,"version":"5.118.1","msg":"Bootstrap client was closed.","time":"2025-05-01T06:37:00.608Z","v":0}
{"name":"Log","hostname":"lina-blog","pid":32332,"level":30,"version":"5.118.1","msg":"Ghost is running in production...","time":"2025-05-01T06:39:00.097Z","v":0}
{"name":"Log","hostname":"lina-blog","pid":32332,"level":30,"version":"5.118.1","msg":"Your site is now available on http://localhost:2368/","time":"2025-05-01T06:39:00.098Z","v":0}
{"name":"Log","hostname":"lina-blog","pid":32332,"level":30,"version":"5.118.1","msg":"Ctrl+C to shut down","time":"2025-05-01T06:39:00.099Z","v":0}
{"name":"Log","hostname":"lina-blog","pid":32332,"level":30,"version":"5.118.1","msg":"Ghost server started in 0.492s","time":"2025-05-01T06:39:00.140Z","v":0}
{"name":"Log","hostname":"lina-blog","pid":32332,"level":30,"version":"5.118.1","msg":"Bootstrap client was closed.","time":"2025-05-01T06:39:00.303Z","v":0}
{"name":"Log","hostname":"lina-blog","pid":32332,"level":40,"version":"5.118.1","msg":"Database state requires initialisation.","time":"2025-05-01T06:39:00.319Z","v":0}
{"name":"Log","hostname":"lina-blog","pid":32332,"level":30,"version":"5.118.1","msg":"Creating table: newsletters","time":"2025-05-01T06:39:00.963Z","v":0}
{"name":"Log","hostname":"lina-blog","pid":32332,"level":30,"version":"5.118.1","msg":"Creating table: posts","time":"2025-05-01T06:39:01.086Z","v":0}
{"name":"Log","hostname":"lina-blog","pid":32332,"level":30,"version":"5.118.1","msg":"Creating table: posts_meta","time":"2025-05-01T06:39:01.342Z","v":0}
{"name":"Log","hostname":"lina-blog","pid":32332,"level":30,"version":"5.118.1","msg":"Creating table: users","time":"2025-05-01T06:39:01.490Z","v":0}
{"name":"Log","hostname":"lina-blog","pid":32332,"level":30,"version":"5.118.1","msg":"Creating table: posts_authors","time":"2025-05-01T06:39:01.618Z","v":0}
{"name":"Log","hostname":"lina-blog","pid":32332,"level":30,"version":"5.118.1","msg":"Creating table: roles","time":"2025-05-01T06:39:01.860Z","v":0}
{"name":"Log","hostname":"lina-blog","pid":32332,"level":30,"version":"5.118.1","msg":"Creating table: roles_users","time":"2025-05-01T06:39:01.942Z","v":0}
{"name":"Log","hostname":"lina-blog","pid":32332,"level":30,"version":"5.118.1","msg":"Creating table: permissions","time":"2025-05-01T06:39:01.988Z","v":0}
{"name":"Log","hostname":"lina-blog","pid":32332,"level":30,"version":"5.118.1","msg":"Creating table: permissions_users","time":"2025-05-01T06:39:02.067Z","v":0}
{"name":"Log","hostname":"lina-blog","pid":32332,"level":30,"version":"5.118.1","msg":"Creating table: permissions_roles","time":"2025-05-01T06:39:02.103Z","v":0}
{"name":"Log","hostname":"lina-blog","pid":32332,"level":30,"version":"5.118.1","msg":"Creating table: settings","time":"2025-05-01T06:39:02.134Z","v":0}
{"name":"Log","hostname":"lina-blog","pid":32332,"level":30,"version":"5.118.1","msg":"Creating table: tags","time":"2025-05-01T06:39:02.185Z","v":0}
{"name":"Log","hostname":"lina-blog","pid":32332,"level":30,"version":"5.118.1","msg":"Creating table: posts_tags","time":"2025-05-01T06:39:02.249Z","v":0}
{"name":"Log","hostname":"lina-blog","pid":32332,"level":30,"version":"5.118.1","msg":"Creating table: invites","time":"2025-05-01T06:39:02.512Z","v":0}
{"name":"Log","hostname":"lina-blog","pid":32332,"level":30,"version":"5.118.1","msg":"Creating table: brute","time":"2025-05-01T06:39:02.791Z","v":0}
{"name":"Log","hostname":"lina-blog","pid":32332,"level":30,"version":"5.118.1","msg":"Creating table: sessions","time":"2025-05-01T06:39:02.830Z","v":0}
{"name":"Log","hostname":"lina-blog","pid":32332,"level":30,"version":"5.118.1","msg":"Creating table: integrations","time":"2025-05-01T06:39:02.889Z","v":0}
{"name":"Log","hostname":"lina-blog","pid":32332,"level":30,"version":"5.118.1","msg":"Creating table: webhooks","time":"2025-05-01T06:39:02.949Z","v":0}
{"name":"Log","hostname":"lina-blog","pid":32332,"level":30,"version":"5.118.1","msg":"Creating table: api_keys","time":"2025-05-01T06:39:03.049Z","v":0}
{"name":"Log","hostname":"lina-blog","pid":32332,"level":30,"version":"5.118.1","msg":"Creating table: mobiledoc_revisions","time":"2025-05-01T06:39:03.105Z","v":0}
{"name":"Log","hostname":"lina-blog","pid":32332,"level":30,"version":"5.118.1","msg":"Creating table: post_revisions","time":"2025-05-01T06:39:03.172Z","v":0}
{"name":"Log","hostname":"lina-blog","pid":32332,"level":30,"version":"5.118.1","msg":"Creating table: members","time":"2025-05-01T06:39:03.300Z","v":0}
{"name":"Log","hostname":"lina-blog","pid":32332,"level":30,"version":"5.118.1","msg":"Creating table: products","time":"2025-05-01T06:39:03.439Z","v":0}
{"name":"Log","hostname":"lina-blog","pid":32332,"level":30,"version":"5.118.1","msg":"Creating table: offers","time":"2025-05-01T06:39:03.489Z","v":0}
{"name":"Log","hostname":"lina-blog","pid":32332,"level":30,"version":"5.118.1","msg":"Creating table: benefits","time":"2025-05-01T06:39:03.657Z","v":0}
{"name":"Log","hostname":"lina-blog","pid":32332,"level":30,"version":"5.118.1","msg":"Creating table: products_benefits","time":"2025-05-01T06:39:03.697Z","v":0}
{"name":"Log","hostname":"lina-blog","pid":32332,"level":30,"version":"5.118.1","msg":"Creating table: members_products","time":"2025-05-01T06:39:03.837Z","v":0}
{"name":"Log","hostname":"lina-blog","pid":32332,"level":30,"version":"5.118.1","msg":"Creating table: posts_products","time":"2025-05-01T06:39:03.968Z","v":0}
{"name":"Log","hostname":"lina-blog","pid":32332,"level":30,"version":"5.118.1","msg":"Creating table: members_created_events","time":"2025-05-01T06:39:04.109Z","v":0}
{"name":"Log","hostname":"lina-blog","pid":32332,"level":30,"version":"5.118.1","msg":"Creating table: members_cancel_events","time":"2025-05-01T06:39:04.217Z","v":0}
{"name":"Log","hostname":"lina-blog","pid":32332,"level":30,"version":"5.118.1","msg":"Creating table: members_payment_events","time":"2025-05-01T06:39:04.294Z","v":0}
{"name":"Log","hostname":"lina-blog","pid":32332,"level":30,"version":"5.118.1","msg":"Creating table: members_login_events","time":"2025-05-01T06:39:04.372Z","v":0}
{"name":"Log","hostname":"lina-blog","pid":32332,"level":30,"version":"5.118.1","msg":"Creating table: members_email_change_events","time":"2025-05-01T06:39:04.442Z","v":0}
{"name":"Log","hostname":"lina-blog","pid":32332,"level":30,"version":"5.118.1","msg":"Creating table: members_status_events","time":"2025-05-01T06:39:04.525Z","v":0}
{"name":"Log","hostname":"lina-blog","pid":32332,"level":30,"version":"5.118.1","msg":"Creating table: members_product_events","time":"2025-05-01T06:39:04.608Z","v":0}
{"name":"Log","hostname":"lina-blog","pid":32332,"level":30,"version":"5.118.1","msg":"Creating table: members_paid_subscription_events","time":"2025-05-01T06:39:04.745Z","v":0}
{"name":"Log","hostname":"lina-blog","pid":32332,"level":30,"version":"5.118.1","msg":"Creating table: labels","time":"2025-05-01T06:39:04.826Z","v":0}
{"name":"Log","hostname":"lina-blog","pid":32332,"level":30,"version":"5.118.1","msg":"Creating table: members_labels","time":"2025-05-01T06:39:04.887Z","v":0}
{"name":"Log","hostname":"lina-blog","pid":32332,"level":30,"version":"5.118.1","msg":"Creating table: members_stripe_customers","time":"2025-05-01T06:39:05.025Z","v":0}
{"name":"Log","hostname":"lina-blog","pid":32332,"level":30,"version":"5.118.1","msg":"Creating table: subscriptions","time":"2025-05-01T06:39:05.119Z","v":0}
{"name":"Log","hostname":"lina-blog","pid":32332,"level":30,"version":"5.118.1","msg":"Creating table: members_stripe_customers_subscriptions","time":"2025-05-01T06:39:05.318Z","v":0}
{"name":"Log","hostname":"lina-blog","pid":32332,"level":30,"version":"5.118.1","msg":"Creating table: members_subscription_created_events","time":"2025-05-01T06:39:05.605Z","v":0}
{"name":"Log","hostname":"lina-blog","pid":32332,"level":30,"version":"5.118.1","msg":"Creating table: offer_redemptions","time":"2025-05-01T06:39:05.781Z","v":0}
{"name":"Log","hostname":"lina-blog","pid":32332,"level":30,"version":"5.118.1","msg":"Creating table: members_subscribe_events","time":"2025-05-01T06:39:05.986Z","v":0}
{"name":"Log","hostname":"lina-blog","pid":32332,"level":30,"version":"5.118.1","msg":"Creating table: donation_payment_events","time":"2025-05-01T06:39:06.120Z","v":0}
{"name":"Log","hostname":"lina-blog","pid":32332,"level":30,"version":"5.118.1","msg":"Creating table: stripe_products","time":"2025-05-01T06:39:06.196Z","v":0}
{"name":"Log","hostname":"lina-blog","pid":32332,"level":30,"version":"5.118.1","msg":"Creating table: stripe_prices","time":"2025-05-01T06:39:06.286Z","v":0}
{"name":"Log","hostname":"lina-blog","pid":32332,"level":30,"version":"5.118.1","msg":"Creating table: actions","time":"2025-05-01T06:39:06.383Z","v":0}
{"name":"Log","hostname":"lina-blog","pid":32332,"level":30,"version":"5.118.1","msg":"Creating table: emails","time":"2025-05-01T06:39:06.400Z","v":0}
{"name":"Log","hostname":"lina-blog","pid":32332,"level":30,"version":"5.118.1","msg":"Creating table: email_batches","time":"2025-05-01T06:39:06.551Z","v":0}
{"name":"Log","hostname":"lina-blog","pid":32332,"level":30,"version":"5.118.1","msg":"Creating table: email_recipients","time":"2025-05-01T06:39:06.629Z","v":0}
{"name":"Log","hostname":"lina-blog","pid":32332,"level":30,"version":"5.118.1","msg":"Creating table: email_recipient_failures","time":"2025-05-01T06:39:06.863Z","v":0}
{"name":"Log","hostname":"lina-blog","pid":32332,"level":30,"version":"5.118.1","msg":"Creating table: tokens","time":"2025-05-01T06:39:06.989Z","v":0}
{"name":"Log","hostname":"lina-blog","pid":32332,"level":30,"version":"5.118.1","msg":"Creating table: snippets","time":"2025-05-01T06:39:07.023Z","v":0}
{"name":"Log","hostname":"lina-blog","pid":32332,"level":30,"version":"5.118.1","msg":"Creating table: custom_theme_settings","time":"2025-05-01T06:39:07.060Z","v":0}
{"name":"Log","hostname":"lina-blog","pid":32332,"level":30,"version":"5.118.1","msg":"Creating table: members_newsletters","time":"2025-05-01T06:39:07.082Z","v":0}
{"name":"Log","hostname":"lina-blog","pid":32332,"level":30,"version":"5.118.1","msg":"Creating table: comments","time":"2025-05-01T06:39:07.218Z","v":0}
{"name":"Log","hostname":"lina-blog","pid":32332,"level":30,"version":"5.118.1","msg":"Creating table: comment_likes","time":"2025-05-01T06:39:07.498Z","v":0}
{"name":"Log","hostname":"lina-blog","pid":32332,"level":30,"version":"5.118.1","msg":"Creating table: comment_reports","time":"2025-05-01T06:39:07.634Z","v":0}
{"name":"Log","hostname":"lina-blog","pid":32332,"level":30,"version":"5.118.1","msg":"Creating table: jobs","time":"2025-05-01T06:39:07.856Z","v":0}
{"name":"Log","hostname":"lina-blog","pid":32332,"level":30,"version":"5.118.1","msg":"Creating table: redirects","time":"2025-05-01T06:39:07.897Z","v":0}
{"name":"Log","hostname":"lina-blog","pid":32332,"level":30,"version":"5.118.1","msg":"Creating table: members_click_events","time":"2025-05-01T06:39:07.990Z","v":0}
{"name":"Log","hostname":"lina-blog","pid":32332,"level":30,"version":"5.118.1","msg":"Creating table: members_feedback","time":"2025-05-01T06:39:08.104Z","v":0}
{"name":"Log","hostname":"lina-blog","pid":32332,"level":30,"version":"5.118.1","msg":"Creating table: suppressions","time":"2025-05-01T06:39:08.224Z","v":0}
{"name":"Log","hostname":"lina-blog","pid":32332,"level":30,"version":"5.118.1","msg":"Creating table: email_spam_complaint_events","time":"2025-05-01T06:39:08.317Z","v":0}
{"name":"Log","hostname":"lina-blog","pid":32332,"level":30,"version":"5.118.1","msg":"Creating table: mentions","time":"2025-05-01T06:39:08.446Z","v":0}
{"name":"Log","hostname":"lina-blog","pid":32332,"level":30,"version":"5.118.1","msg":"Creating table: milestones","time":"2025-05-01T06:39:08.474Z","v":0}
{"name":"Log","hostname":"lina-blog","pid":32332,"level":30,"version":"5.118.1","msg":"Creating table: temp_mail_events","time":"2025-05-01T06:39:08.495Z","v":0}
{"name":"Log","hostname":"lina-blog","pid":32332,"level":30,"version":"5.118.1","msg":"Creating table: collections","time":"2025-05-01T06:39:08.512Z","v":0}
{"name":"Log","hostname":"lina-blog","pid":32332,"level":30,"version":"5.118.1","msg":"Creating table: collections_posts","time":"2025-05-01T06:39:08.550Z","v":0}
{"name":"Log","hostname":"lina-blog","pid":32332,"level":30,"version":"5.118.1","msg":"Creating table: recommendations","time":"2025-05-01T06:39:08.687Z","v":0}
{"name":"Log","hostname":"lina-blog","pid":32332,"level":30,"version":"5.118.1","msg":"Creating table: recommendation_click_events","time":"2025-05-01T06:39:08.710Z","v":0}
{"name":"Log","hostname":"lina-blog","pid":32332,"level":30,"version":"5.118.1","msg":"Creating table: recommendation_subscribe_events","time":"2025-05-01T06:39:08.851Z","v":0}
{"name":"Log","hostname":"lina-blog","pid":32332,"level":30,"version":"5.118.1","msg":"Model: Collection","time":"2025-05-01T06:39:09.695Z","v":0}
{"name":"Log","hostname":"lina-blog","pid":32332,"level":30,"version":"5.118.1","msg":"Model: Product","time":"2025-05-01T06:39:09.710Z","v":0}
{"name":"Log","hostname":"lina-blog","pid":32332,"level":30,"version":"5.118.1","msg":"Model: Newsletter","time":"2025-05-01T06:39:09.736Z","v":0}
{"name":"Log","hostname":"lina-blog","pid":32332,"level":30,"version":"5.118.1","msg":"Model: Tag","time":"2025-05-01T06:39:09.752Z","v":0}
{"name":"Log","hostname":"lina-blog","pid":32332,"level":30,"version":"5.118.1","msg":"Model: Permission","time":"2025-05-01T06:39:09.766Z","v":0}
{"name":"Log","hostname":"lina-blog","pid":32332,"level":30,"version":"5.118.1","msg":"Model: Post","time":"2025-05-01T06:39:10.581Z","v":0}
{"name":"Log","hostname":"lina-blog","pid":32332,"level":30,"version":"5.118.1","msg":"Model: Integration","time":"2025-05-01T06:39:11.344Z","v":0}
{"name":"Log","hostname":"lina-blog","pid":32332,"level":30,"version":"5.118.1","msg":"Relation: Role to Permission","time":"2025-05-01T06:39:11.553Z","v":0}
{"name":"Log","hostname":"lina-blog","pid":32332,"level":30,"version":"5.118.1","msg":"Relation: Post to Tag","time":"2025-05-01T06:39:12.579Z","v":0}
{"name":"Log","hostname":"lina-blog","pid":32332,"level":30,"version":"5.118.1","msg":"Database is in a ready state.","time":"2025-05-01T06:39:12.746Z","v":0}
{"name":"Log","hostname":"lina-blog","pid":32332,"level":30,"version":"5.118.1","msg":"Ghost database ready in 13.108s","time":"2025-05-01T06:39:12.755Z","v":0}
{"name":"Log","hostname":"lina-blog","pid":32332,"level":40,"version":"5.118.1","msg":"Missing mail.from config, falling back to a generated email address. Please update your config file and set a valid from address","time":"2025-05-01T06:39:13.621Z","v":0}
{"name":"Log","hostname":"lina-blog","pid":32332,"level":30,"version":"5.118.1","msg":"Invalidating assets for regeneration","time":"2025-05-01T06:39:14.898Z","v":0}
{"name":"Log","hostname":"lina-blog","pid":32332,"level":30,"version":"5.118.1","msg":"Adding offloaded job to the inline job queue","time":"2025-05-01T06:39:15.809Z","v":0}
{"name":"Log","hostname":"lina-blog","pid":32332,"level":30,"version":"5.118.1","msg":"Scheduling job mentions-email-report at 20 50 * * * *. Next run on: Thu May 01 2025 06:50:20 GMT+0000 (Coordinated Universal Time)","time":"2025-05-01T06:39:15.827Z","v":0}
{"name":"Log","hostname":"lina-blog","pid":32332,"level":30,"version":"5.118.1","msg":"URL Service ready in 2130ms","time":"2025-05-01T06:39:16.158Z","v":0}
{"name":"Log","hostname":"lina-blog","pid":32332,"level":30,"version":"5.118.1","msg":"Adding one-off job to inlineQueue with current length = 0 called 'members-migrations'","time":"2025-05-01T06:39:16.269Z","v":0}
{"name":"Log","hostname":"lina-blog","pid":32332,"level":30,"version":"5.118.1","msg":"Stripe not configured - skipping migrations","time":"2025-05-01T06:39:16.281Z","v":0}
{"name":"Log","hostname":"lina-blog","pid":32332,"level":30,"version":"5.118.1","msg":"Adding offloaded job to the inline job queue","time":"2025-05-01T06:39:16.758Z","v":0}
{"name":"Log","hostname":"lina-blog","pid":32332,"level":30,"version":"5.118.1","msg":"Scheduling job clean-expired-comped at 44 37 4 * * *. Next run on: Fri May 02 2025 04:37:44 GMT+0000 (Coordinated Universal Time)","time":"2025-05-01T06:39:16.765Z","v":0}
{"name":"Log","hostname":"lina-blog","pid":32332,"level":30,"version":"5.118.1","msg":"Adding offloaded job to the inline job queue","time":"2025-05-01T06:39:16.785Z","v":0}
{"name":"Log","hostname":"lina-blog","pid":32332,"level":30,"version":"5.118.1","msg":"Scheduling job clean-tokens at 24 55 7 * * *. Next run on: Thu May 01 2025 07:55:24 GMT+0000 (Coordinated Universal Time)","time":"2025-05-01T06:39:16.796Z","v":0}
{"name":"Log","hostname":"lina-blog","pid":32332,"level":30,"version":"5.118.1","msg":"Ghost booted in 17.17s","time":"2025-05-01T06:39:16.817Z","v":0}
{"name":"Log","hostname":"lina-blog","pid":32332,"level":30,"version":"5.118.1","msg":"Adding offloaded job to the inline job queue","time":"2025-05-01T06:39:16.854Z","v":0}
{"name":"Log","hostname":"lina-blog","pid":32332,"level":30,"version":"5.118.1","msg":"Scheduling job update-check at 34 29 12 * * *. Next run on: Thu May 01 2025 12:29:34 GMT+0000 (Coordinated Universal Time)","time":"2025-05-01T06:39:16.874Z","v":0}
{"name":"Log","hostname":"lina-blog","pid":32332,"level":30,"version":"5.118.1","msg":"Running milestone emails job on Thu May 01 2025 06:39:16 GMT+0000 (Coordinated Universal Time)","time":"2025-05-01T06:39:16.895Z","v":0}
{"name":"Log","hostname":"lina-blog","pid":32332,"level":30,"version":"5.118.1","msg":"Bootstrap client was closed.","time":"2025-05-01T06:39:16.895Z","v":0}
{"name":"Log","hostname":"lina-blog","pid":32332,"level":30,"version":"5.118.1","msg":"Updating incoming recommendations on boot","time":"2025-05-01T06:41:59.132Z","v":0}
{"name":"Log","hostname":"lina-blog","pid":32332,"level":30,"version":"5.118.1","msg":"[Recommendations] Updating recommendations metadata","time":"2025-05-01T06:44:15.534Z","v":0}
{"name":"Log","hostname":"lina-blog","pid":32332,"level":40,"version":"5.118.1","err":{"id":"dc87c160-2657-11f0-83a2-e531d9dbcd5b","domain":"http://localhost:2368/","code":"SLOW_GET_HELPER","name":"HelperWarning","statusCode":400,"level":"normal","message":"{{#get}} helper took 352ms to complete","stack":"HelperWarning: {{#get}} helper took 352ms to complete\n    at Object.get (/home/lina/lina-blog/versions/5.118.1/core/frontend/helpers/get.js:335:35)\n    at runNextTicks (node:internal/process/task_queues:60:5)\n    at process.processImmediate (node:internal/timers:454:9)\n    at async Object.returnAsync (/home/lina/lina-blog/versions/5.118.1/core/frontend/services/helpers/handlebars.js:16:30)","hideStack":true,"errorDetails":"{\"api\":\"postsPublic.browse\",\"apiOptions\":{\"limit\":\"12\",\"include\":\"authors\",\"context\":{\"member\":null}},\"time\":352,\"returnedRows\":1}"},"msg":"{{#get}} helper took 352ms to complete","time":"2025-05-01T06:45:25.251Z","v":0}
{"name":"Log","hostname":"lina-blog","pid":32332,"level":30,"version":"5.118.1","req":{"meta":{"requestId":"67ae853a-97ba-4b11-bf68-163df6d16a9e","userId":null},"url":"/favicon.ico","method":"GET","originalUrl":"/favicon.ico","params":{},"headers":{"accept":"*/*","user-agent":"Mozilla/5.0 Safari/537.36","host":"localhost:2368","connection":"keep-alive"},"query":{}},"res":{"_headers":{"x-powered-by":"Express","content-type":"image/x-icon","content-length":15406,"etag":"\"a9c6dbdcdc3ae568f4e0dad92149a0e3\"","cache-control":"public, max-age=86400","vary":"Accept-Encoding"},"statusCode":200,"responseTime":"88ms"},"msg":"","time":"2025-05-01T06:45:25.270Z","v":0}
{"name":"Log","hostname":"lina-blog","pid":32332,"level":30,"version":"5.118.1","req":{"meta":{"requestId":"457cf901-29ba-43e6-99fd-85597d9cfbe8","userId":null},"url":"/","method":"GET","originalUrl":"/","params":{},"headers":{"x-real-ip":"171.224.177.21","host":"192.34.61.231","connection":"close","user-agent":"Mozilla/5.0 (Macintosh; Intel Mac OS X 10.15; rv:137.0) Gecko/20100101 Firefox/137.0","accept":"text/html,application/xhtml+xml,application/xml;q=0.9,*/*;q=0.8","accept-language":"en-US,en;q=0.5","accept-encoding":"gzip, deflate","upgrade-insecure-requests":"1","if-modified-since":"Thu, 01 May 2025 06:10:36 GMT","if-none-match":"W/\"6813105c-264\"","priority":"u=0, i"},"query":{}},"res":{"_headers":{"x-powered-by":"Express","cache-control":"public, max-age=0","content-type":"text/html; charset=utf-8","etag":"W/\"43a3-3xBFw4tPlNliD+89msSXhQpunso\"","vary":"Accept-Encoding","content-encoding":"gzip"},"statusCode":200,"responseTime":"835ms"},"msg":"","time":"2025-05-01T06:45:25.291Z","v":0}
{"name":"Log","hostname":"lina-blog","pid":32332,"level":40,"version":"5.118.1","msg":"Ghost is shutting down","time":"2025-05-01T06:47:19.770Z","v":0}
{"name":"Log","hostname":"lina-blog","pid":32332,"level":40,"version":"5.118.1","msg":"Ghost has shut down","time":"2025-05-01T06:47:19.775Z","v":0}
{"name":"Log","hostname":"lina-blog","pid":32332,"level":40,"version":"5.118.1","msg":"Your site is now offline","time":"2025-05-01T06:47:19.775Z","v":0}
{"name":"Log","hostname":"lina-blog","pid":32332,"level":40,"version":"5.118.1","msg":"Ghost was running for 8 minutes","time":"2025-05-01T06:47:19.781Z","v":0}
{"name":"Log","hostname":"lina-blog","pid":32635,"level":30,"version":"5.118.1","msg":"Ghost is running in production...","time":"2025-05-01T06:47:21.570Z","v":0}
{"name":"Log","hostname":"lina-blog","pid":32635,"level":30,"version":"5.118.1","msg":"Your site is now available on http://localhost:2368/","time":"2025-05-01T06:47:21.571Z","v":0}
{"name":"Log","hostname":"lina-blog","pid":32635,"level":30,"version":"5.118.1","msg":"Ctrl+C to shut down","time":"2025-05-01T06:47:21.572Z","v":0}
{"name":"Log","hostname":"lina-blog","pid":32635,"level":30,"version":"5.118.1","msg":"Ghost server started in 0.706s","time":"2025-05-01T06:47:21.574Z","v":0}
{"name":"Log","hostname":"lina-blog","pid":32635,"level":30,"version":"5.118.1","msg":"Database is in a ready state.","time":"2025-05-01T06:47:21.927Z","v":0}
{"name":"Log","hostname":"lina-blog","pid":32635,"level":30,"version":"5.118.1","msg":"Ghost database ready in 1.072s","time":"2025-05-01T06:47:21.940Z","v":0}
{"name":"Log","hostname":"lina-blog","pid":32635,"level":40,"version":"5.118.1","msg":"Missing mail.from config, falling back to a generated email address. Please update your config file and set a valid from address","time":"2025-05-01T06:47:22.397Z","v":0}
{"name":"Log","hostname":"lina-blog","pid":32635,"level":30,"version":"5.118.1","msg":"Invalidating assets for regeneration","time":"2025-05-01T06:47:23.622Z","v":0}
{"name":"Log","hostname":"lina-blog","pid":32635,"level":30,"version":"5.118.1","msg":"Adding offloaded job to the inline job queue","time":"2025-05-01T06:47:24.475Z","v":0}
{"name":"Log","hostname":"lina-blog","pid":32635,"level":30,"version":"5.118.1","msg":"Scheduling job mentions-email-report at 8 46 * * * *. Next run on: Thu May 01 2025 07:46:08 GMT+0000 (Coordinated Universal Time)","time":"2025-05-01T06:47:24.490Z","v":0}
{"name":"Log","hostname":"lina-blog","pid":32635,"level":30,"version":"5.118.1","msg":"URL Service ready in 2021ms","time":"2025-05-01T06:47:24.787Z","v":0}
{"name":"Log","hostname":"lina-blog","pid":32635,"level":30,"version":"5.118.1","msg":"Adding offloaded job to the inline job queue","time":"2025-05-01T06:47:24.884Z","v":0}
{"name":"Log","hostname":"lina-blog","pid":32635,"level":30,"version":"5.118.1","msg":"Scheduling job clean-expired-comped at 9 22 0 * * *. Next run on: Fri May 02 2025 00:22:09 GMT+0000 (Coordinated Universal Time)","time":"2025-05-01T06:47:24.890Z","v":0}
{"name":"Log","hostname":"lina-blog","pid":32635,"level":30,"version":"5.118.1","msg":"Adding offloaded job to the inline job queue","time":"2025-05-01T06:47:24.910Z","v":0}
{"name":"Log","hostname":"lina-blog","pid":32635,"level":30,"version":"5.118.1","msg":"Scheduling job clean-tokens at 4 4 9 * * *. Next run on: Thu May 01 2025 09:04:04 GMT+0000 (Coordinated Universal Time)","time":"2025-05-01T06:47:24.927Z","v":0}
{"name":"Log","hostname":"lina-blog","pid":32635,"level":30,"version":"5.118.1","msg":"Ghost booted in 4.129s","time":"2025-05-01T06:47:24.997Z","v":0}
{"name":"Log","hostname":"lina-blog","pid":32635,"level":30,"version":"5.118.1","msg":"Adding offloaded job to the inline job queue","time":"2025-05-01T06:47:25.037Z","v":0}
{"name":"Log","hostname":"lina-blog","pid":32635,"level":30,"version":"5.118.1","msg":"Scheduling job update-check at 36 13 23 * * *. Next run on: Thu May 01 2025 23:13:36 GMT+0000 (Coordinated Universal Time)","time":"2025-05-01T06:47:25.056Z","v":0}
{"name":"Log","hostname":"lina-blog","pid":32635,"level":30,"version":"5.118.1","msg":"Running milestone emails job on Sat May 03 2025 06:47:25 GMT+0000 (Coordinated Universal Time)","time":"2025-05-01T06:47:25.088Z","v":0}
{"name":"Log","hostname":"lina-blog","pid":32635,"level":40,"version":"5.118.1","err":{"id":"24ab50b0-2658-11f0-8e00-5b74047255e7","domain":"http://localhost:2368/","code":"SLOW_GET_HELPER","name":"HelperWarning","statusCode":400,"level":"normal","message":"{{#get}} helper took 210ms to complete","stack":"HelperWarning: {{#get}} helper took 210ms to complete\n    at Object.get (/home/lina/lina-blog/versions/5.118.1/core/frontend/helpers/get.js:335:35)\n    at runNextTicks (node:internal/process/task_queues:60:5)\n    at process.processImmediate (node:internal/timers:454:9)\n    at async Object.returnAsync (/home/lina/lina-blog/versions/5.118.1/core/frontend/services/helpers/handlebars.js:16:30)","hideStack":true,"errorDetails":"{\"api\":\"postsPublic.browse\",\"apiOptions\":{\"limit\":\"12\",\"include\":\"authors\",\"context\":{\"member\":null}},\"time\":210,\"returnedRows\":1}"},"msg":"{{#get}} helper took 210ms to complete","time":"2025-05-01T06:47:26.270Z","v":0}
{"name":"Log","hostname":"lina-blog","pid":32635,"level":30,"version":"5.118.1","req":{"meta":{"requestId":"0056e5e7-ab5d-41d4-8a68-4c018a707564","userId":null},"url":"/favicon.ico","method":"GET","originalUrl":"/favicon.ico","params":{},"headers":{"accept":"*/*","user-agent":"Mozilla/5.0 Safari/537.36","host":"localhost:2368","connection":"keep-alive"},"query":{}},"res":{"_headers":{"x-powered-by":"Express","content-type":"image/x-icon","content-length":15406,"etag":"\"a9c6dbdcdc3ae568f4e0dad92149a0e3\"","cache-control":"public, max-age=86400","vary":"Accept-Encoding"},"statusCode":200,"responseTime":"56ms"},"msg":"","time":"2025-05-01T06:47:26.289Z","v":0}
{"name":"Log","hostname":"lina-blog","pid":32635,"level":30,"version":"5.118.1","req":{"meta":{"requestId":"df7cea05-7f1a-4b60-8069-e7728b40dab6","userId":null},"url":"/","method":"GET","originalUrl":"/","params":{},"headers":{"x-real-ip":"171.224.177.21","host":"192.34.61.231","connection":"close","user-agent":"Mozilla/5.0 (Macintosh; Intel Mac OS X 10.15; rv:137.0) Gecko/20100101 Firefox/137.0","accept":"text/html,application/xhtml+xml,application/xml;q=0.9,*/*;q=0.8","accept-language":"en-US,en;q=0.5","accept-encoding":"gzip, deflate","upgrade-insecure-requests":"1","if-modified-since":"Thu, 01 May 2025 06:10:36 GMT","if-none-match":"W/\"6813105c-264\"","priority":"u=0, i"},"query":{}},"res":{"_headers":{"x-powered-by":"Express","cache-control":"public, max-age=0","content-type":"text/html; charset=utf-8","etag":"W/\"43a3-l7/9P9YhC8zi+NXo312EqheBmyk\"","vary":"Accept-Encoding","content-encoding":"gzip"},"statusCode":200,"responseTime":"571ms"},"msg":"","time":"2025-05-01T06:47:26.311Z","v":0}
{"name":"Log","hostname":"lina-blog","pid":32635,"level":30,"version":"5.118.1","req":{"meta":{"requestId":"f906a26e-f1fd-462c-8458-4443167f3996","userId":null},"url":"/assets/built/screen.css?v=5508cbe2b5","method":"GET","originalUrl":"/assets/built/screen.css?v=5508cbe2b5","params":{},"headers":{"x-real-ip":"171.224.177.21","host":"192.34.61.231","connection":"close","user-agent":"Mozilla/5.0 (Macintosh; Intel Mac OS X 10.15; rv:137.0) Gecko/20100101 Firefox/137.0","accept":"text/css,*/*;q=0.1","accept-language":"en-US,en;q=0.5","accept-encoding":"gzip, deflate","referer":"http://192.34.61.231/","priority":"u=0"},"query":{"v":"5508cbe2b5"}},"res":{"_headers":{"x-powered-by":"Express","accept-ranges":"bytes","cache-control":"public, max-age=31536000","last-modified":"Sat, 26 Oct 1985 08:15:00 GMT","etag":"W/\"d1bb-7438674ba0\"","content-type":"text/css; charset=UTF-8","vary":"Accept-Encoding","content-encoding":"gzip"},"statusCode":200,"responseTime":"7ms"},"msg":"","time":"2025-05-01T06:47:26.768Z","v":0}
{"name":"Log","hostname":"lina-blog","pid":32635,"level":30,"version":"5.118.1","req":{"meta":{"requestId":"fdcdff31-d6e0-43ef-a729-a72a3b71e6b3","userId":null},"url":"/assets/built/source.js?v=5508cbe2b5","method":"GET","originalUrl":"/assets/built/source.js?v=5508cbe2b5","params":{},"headers":{"x-real-ip":"171.224.177.21","host":"192.34.61.231","connection":"close","user-agent":"Mozilla/5.0 (Macintosh; Intel Mac OS X 10.15; rv:137.0) Gecko/20100101 Firefox/137.0","accept":"*/*","accept-language":"en-US,en;q=0.5","accept-encoding":"gzip, deflate","referer":"http://192.34.61.231/","priority":"u=1"},"query":{"v":"5508cbe2b5"}},"res":{"_headers":{"x-powered-by":"Express","accept-ranges":"bytes","cache-control":"public, max-age=31536000","last-modified":"Sat, 26 Oct 1985 08:15:00 GMT","etag":"W/\"cde1-7438674ba0\"","content-type":"application/javascript; charset=UTF-8","vary":"Accept-Encoding","content-encoding":"gzip"},"statusCode":200,"responseTime":"5ms"},"msg":"","time":"2025-05-01T06:47:27.021Z","v":0}
{"name":"Log","hostname":"lina-blog","pid":32635,"level":30,"version":"5.118.1","req":{"meta":{"requestId":"75d4e1f5-4263-424c-a484-ffff961dabb9","userId":null},"url":"/assets/fonts/inter-roman.woff2?v=5508cbe2b5","method":"GET","originalUrl":"/assets/fonts/inter-roman.woff2?v=5508cbe2b5","params":{},"headers":{"x-real-ip":"171.224.177.21","host":"192.34.61.231","connection":"close","user-agent":"Mozilla/5.0 (Macintosh; Intel Mac OS X 10.15; rv:137.0) Gecko/20100101 Firefox/137.0","accept":"application/font-woff2;q=1.0,application/font-woff;q=0.9,*/*;q=0.8","accept-language":"en-US,en;q=0.5","accept-encoding":"gzip, deflate","referer":"http://192.34.61.231/","priority":"u=2"},"query":{"v":"5508cbe2b5"}},"res":{"_headers":{"x-powered-by":"Express","accept-ranges":"bytes","cache-control":"public, max-age=31536000","last-modified":"Sat, 26 Oct 1985 08:15:00 GMT","etag":"W/\"9394-7438674ba0\"","content-type":"font/woff2","content-length":37780},"statusCode":200,"responseTime":"4ms"},"msg":"","time":"2025-05-01T06:47:27.028Z","v":0}
{"name":"Log","hostname":"lina-blog","pid":32635,"level":30,"version":"5.118.1","req":{"meta":{"requestId":"5f8ead3d-f01e-4600-89fe-3ba9598c61d2","userId":null},"url":"/public/member-attribution.min.js?v=5508cbe2b5","method":"GET","originalUrl":"/public/member-attribution.min.js?v=5508cbe2b5","params":{},"headers":{"x-real-ip":"171.224.177.21","host":"192.34.61.231","connection":"close","user-agent":"Mozilla/5.0 (Macintosh; Intel Mac OS X 10.15; rv:137.0) Gecko/20100101 Firefox/137.0","accept":"*/*","accept-language":"en-US,en;q=0.5","accept-encoding":"gzip, deflate","referer":"http://192.34.61.231/"},"query":{"v":"5508cbe2b5"}},"res":{"_headers":{"x-powered-by":"Express","content-type":"application/javascript","etag":"\"90a301fc8a68d077ca64866820fab358\"","cache-control":"public, max-age=31536000","vary":"Accept-Encoding","content-encoding":"gzip"},"statusCode":200,"responseTime":"4ms"},"msg":"","time":"2025-05-01T06:47:27.040Z","v":0}
{"name":"Log","hostname":"lina-blog","pid":32635,"level":30,"version":"5.118.1","req":{"meta":{"requestId":"96cd179a-f929-4509-bcb8-14b10ba2125f","userId":null},"url":"/public/cards.min.js?v=5508cbe2b5","method":"GET","originalUrl":"/public/cards.min.js?v=5508cbe2b5","params":{},"headers":{"x-real-ip":"171.224.177.21","host":"192.34.61.231","connection":"close","user-agent":"Mozilla/5.0 (Macintosh; Intel Mac OS X 10.15; rv:137.0) Gecko/20100101 Firefox/137.0","accept":"*/*","accept-language":"en-US,en;q=0.5","accept-encoding":"gzip, deflate","referer":"http://192.34.61.231/"},"query":{"v":"5508cbe2b5"}},"res":{"_headers":{"x-powered-by":"Express","content-type":"application/javascript","etag":"\"55333b755c5385e9d3df7b224ded944f\"","cache-control":"public, max-age=31536000","vary":"Accept-Encoding","content-encoding":"gzip"},"statusCode":200,"responseTime":"1380ms"},"msg":"","time":"2025-05-01T06:47:28.411Z","v":0}
{"name":"Log","hostname":"lina-blog","pid":32635,"level":30,"version":"5.118.1","req":{"meta":{"requestId":"48353198-d6e8-4a38-98ec-f1729d5b6d6d","userId":null},"url":"/public/cards.min.css?v=5508cbe2b5","method":"GET","originalUrl":"/public/cards.min.css?v=5508cbe2b5","params":{},"headers":{"x-real-ip":"171.224.177.21","host":"192.34.61.231","connection":"close","user-agent":"Mozilla/5.0 (Macintosh; Intel Mac OS X 10.15; rv:137.0) Gecko/20100101 Firefox/137.0","accept":"text/css,*/*;q=0.1","accept-language":"en-US,en;q=0.5","accept-encoding":"gzip, deflate","referer":"http://192.34.61.231/","priority":"u=2"},"query":{"v":"5508cbe2b5"}},"res":{"_headers":{"x-powered-by":"Express","content-type":"text/css","etag":"\"3801af0a554047aab1689db8c9cd3501\"","cache-control":"public, max-age=31536000","vary":"Accept-Encoding","content-encoding":"gzip"},"statusCode":200,"responseTime":"1383ms"},"msg":"","time":"2025-05-01T06:47:28.413Z","v":0}
{"name":"Log","hostname":"lina-blog","pid":32635,"level":30,"version":"5.118.1","req":{"meta":{"requestId":"3fe37eed-7db1-45b1-8f3f-9605032226e7","userId":null},"url":"/assets/built/source.js?v=5508cbe2b5","method":"GET","originalUrl":"/assets/built/source.js?v=5508cbe2b5","params":{},"headers":{"x-real-ip":"171.224.177.21","host":"192.34.61.231","connection":"close","user-agent":"Mozilla/5.0 (Macintosh; Intel Mac OS X 10.15; rv:137.0) Gecko/20100101 Firefox/137.0","accept":"*/*","accept-language":"en-US,en;q=0.5","accept-encoding":"gzip, deflate","priority":"u=4"},"query":{"v":"5508cbe2b5"}},"res":{"_headers":{"x-powered-by":"Express","accept-ranges":"bytes","cache-control":"public, max-age=31536000","last-modified":"Sat, 26 Oct 1985 08:15:00 GMT","etag":"W/\"cde1-7438674ba0\"","content-type":"application/javascript; charset=UTF-8","vary":"Accept-Encoding","content-encoding":"gzip"},"statusCode":200,"responseTime":"11ms"},"msg":"","time":"2025-05-01T06:47:28.517Z","v":0}
{"name":"Log","hostname":"lina-blog","pid":32635,"level":30,"version":"5.118.1","req":{"meta":{"requestId":"17766f2b-9d64-46f9-b6b5-5eb31c410518","userId":null},"url":"/public/member-attribution.min.js?v=5508cbe2b5","method":"GET","originalUrl":"/public/member-attribution.min.js?v=5508cbe2b5","params":{},"headers":{"x-real-ip":"171.224.177.21","host":"192.34.61.231","connection":"close","user-agent":"Mozilla/5.0 (Macintosh; Intel Mac OS X 10.15; rv:137.0) Gecko/20100101 Firefox/137.0","accept":"*/*","accept-language":"en-US,en;q=0.5","accept-encoding":"gzip, deflate","priority":"u=4"},"query":{"v":"5508cbe2b5"}},"res":{"_headers":{"x-powered-by":"Express","content-type":"application/javascript","etag":"\"90a301fc8a68d077ca64866820fab358\"","cache-control":"public, max-age=31536000","vary":"Accept-Encoding","content-encoding":"gzip"},"statusCode":200,"responseTime":"6ms"},"msg":"","time":"2025-05-01T06:47:28.519Z","v":0}
{"name":"Log","hostname":"lina-blog","pid":32635,"level":30,"version":"5.118.1","req":{"meta":{"requestId":"1be2b426-b581-4a72-9b5c-fe0f66243f71","userId":null},"url":"/public/cards.min.js?v=5508cbe2b5","method":"GET","originalUrl":"/public/cards.min.js?v=5508cbe2b5","params":{},"headers":{"x-real-ip":"171.224.177.21","host":"192.34.61.231","connection":"close","user-agent":"Mozilla/5.0 (Macintosh; Intel Mac OS X 10.15; rv:137.0) Gecko/20100101 Firefox/137.0","accept":"*/*","accept-language":"en-US,en;q=0.5","accept-encoding":"gzip, deflate","priority":"u=4"},"query":{"v":"5508cbe2b5"}},"res":{"_headers":{"x-powered-by":"Express","content-type":"application/javascript","etag":"\"55333b755c5385e9d3df7b224ded944f\"","cache-control":"public, max-age=31536000","vary":"Accept-Encoding","content-encoding":"gzip"},"statusCode":200,"responseTime":"2ms"},"msg":"","time":"2025-05-01T06:47:28.743Z","v":0}
{"name":"Log","hostname":"lina-blog","pid":32635,"level":30,"version":"5.118.1","req":{"meta":{"requestId":"22d9fbbe-b061-48ad-8afa-5289f798e018","userId":null},"url":"/?email=thuymn266%40gmail.com","method":"GET","originalUrl":"/?email=thuymn266%40gmail.com","params":{},"headers":{"x-real-ip":"171.224.177.21","host":"192.34.61.231","connection":"close","user-agent":"Mozilla/5.0 (Macintosh; Intel Mac OS X 10.15; rv:137.0) Gecko/20100101 Firefox/137.0","accept":"text/html,application/xhtml+xml,application/xml;q=0.9,*/*;q=0.8","accept-language":"en-US,en;q=0.5","accept-encoding":"gzip, deflate","referer":"http://192.34.61.231/","upgrade-insecure-requests":"1","priority":"u=0, i"},"query":{"email":"thuymn266@gmail.com"}},"res":{"_headers":{"x-powered-by":"Express","cache-control":"public, max-age=0","content-type":"text/html; charset=utf-8","etag":"W/\"43a3-l7/9P9YhC8zi+NXo312EqheBmyk\"","vary":"Accept-Encoding","content-encoding":"gzip"},"statusCode":200,"responseTime":"76ms"},"msg":"","time":"2025-05-01T06:47:45.048Z","v":0}
{"name":"Log","hostname":"lina-blog","pid":32635,"level":30,"version":"5.118.1","req":{"meta":{"requestId":"ddff9662-8140-40e0-9f31-133cb35b8e9d","userId":null},"url":"/","method":"GET","originalUrl":"/ghost","params":{},"headers":{"x-real-ip":"171.224.177.21","host":"192.34.61.231","connection":"close","user-agent":"Mozilla/5.0 (Macintosh; Intel Mac OS X 10.15; rv:137.0) Gecko/20100101 Firefox/137.0","accept":"text/html,application/xhtml+xml,application/xml;q=0.9,*/*;q=0.8","accept-language":"en-US,en;q=0.5","accept-encoding":"gzip, deflate","upgrade-insecure-requests":"1","priority":"u=0, i"},"query":{}},"res":{"_headers":{"x-powered-by":"Express","cache-control":"public, max-age=31536000","location":"/ghost/"},"statusCode":301,"responseTime":"2ms"},"msg":"","time":"2025-05-01T06:48:04.686Z","v":0}
{"name":"Log","hostname":"lina-blog","pid":32635,"level":30,"version":"5.118.1","req":{"meta":{"requestId":"36a261de-cb62-4791-8dfe-e5adcf757516","userId":null},"url":"/","method":"GET","originalUrl":"/ghost/","params":{"0":"/"},"headers":{"x-real-ip":"171.224.177.21","host":"192.34.61.231","connection":"close","user-agent":"Mozilla/5.0 (Macintosh; Intel Mac OS X 10.15; rv:137.0) Gecko/20100101 Firefox/137.0","accept":"text/html,application/xhtml+xml,application/xml;q=0.9,*/*;q=0.8","accept-language":"en-US,en;q=0.5","accept-encoding":"gzip, deflate","upgrade-insecure-requests":"1","priority":"u=0, i"},"query":{}},"res":{"_headers":{"x-powered-by":"Express","cache-control":"no-cache, private, no-store, must-revalidate, max-stale=0, post-check=0, pre-check=0","etag":"8c670d38001513076d206700c5a5f814","x-frame-options":"sameorigin","accept-ranges":"bytes","last-modified":"Sat, 26 Oct 1985 08:15:00 GMT","content-type":"text/html; charset=UTF-8","vary":"Accept-Encoding","content-encoding":"gzip"},"statusCode":200,"responseTime":"114ms"},"msg":"","time":"2025-05-01T06:48:05.160Z","v":0}
{"name":"Log","hostname":"lina-blog","pid":32635,"level":30,"version":"5.118.1","req":{"meta":{"requestId":"b92f93e9-2b91-49b2-b9f4-36a0dfe70080","userId":null},"url":"/vendor-0ede59da8efb5e28fa929557f7ff7154.css","method":"GET","originalUrl":"/ghost/assets/vendor-0ede59da8efb5e28fa929557f7ff7154.css","params":{},"headers":{"x-real-ip":"171.224.177.21","host":"192.34.61.231","connection":"close","user-agent":"Mozilla/5.0 (Macintosh; Intel Mac OS X 10.15; rv:137.0) Gecko/20100101 Firefox/137.0","accept":"text/css,*/*;q=0.1","accept-language":"en-US,en;q=0.5","accept-encoding":"gzip, deflate","referer":"http://192.34.61.231/ghost/","priority":"u=2"},"query":{}},"res":{"_headers":{"x-powered-by":"Express","accept-ranges":"bytes","cache-control":"public, max-age=31536000, immutable","last-modified":"Sat, 26 Oct 1985 08:15:00 GMT","etag":"W/\"8b45-7438674ba0\"","content-type":"text/css; charset=UTF-8","vary":"Accept-Encoding","content-encoding":"gzip"},"statusCode":200,"responseTime":"21ms"},"msg":"","time":"2025-05-01T06:48:05.504Z","v":0}
{"name":"Log","hostname":"lina-blog","pid":32635,"level":30,"version":"5.118.1","req":{"meta":{"requestId":"e83d47aa-6496-4b2e-af4f-2f7a62c3cd8b","userId":null},"url":"/chunk.524.9c1e444ecff073f053f5.js","method":"GET","originalUrl":"/ghost/assets/chunk.524.9c1e444ecff073f053f5.js","params":{},"headers":{"x-real-ip":"171.224.177.21","host":"192.34.61.231","connection":"close","user-agent":"Mozilla/5.0 (Macintosh; Intel Mac OS X 10.15; rv:137.0) Gecko/20100101 Firefox/137.0","accept":"*/*","accept-language":"en-US,en;q=0.5","accept-encoding":"gzip, deflate","referer":"http://192.34.61.231/ghost/"},"query":{}},"res":{"_headers":{"x-powered-by":"Express","accept-ranges":"bytes","cache-control":"public, max-age=31536000, immutable","last-modified":"Sat, 26 Oct 1985 08:15:00 GMT","etag":"W/\"2f55-7438674ba0\"","content-type":"application/javascript; charset=UTF-8","vary":"Accept-Encoding","content-encoding":"gzip"},"statusCode":200,"responseTime":"41ms"},"msg":"","time":"2025-05-01T06:48:05.548Z","v":0}
{"name":"Log","hostname":"lina-blog","pid":32635,"level":30,"version":"5.118.1","req":{"meta":{"requestId":"4ee8680a-5528-4213-9692-d458b9cee563","userId":null},"url":"/ghost-c10c25cbf2256a65051bf20fdb32b1a9.css","method":"GET","originalUrl":"/ghost/assets/ghost-c10c25cbf2256a65051bf20fdb32b1a9.css","params":{},"headers":{"x-real-ip":"171.224.177.21","host":"192.34.61.231","connection":"close","user-agent":"Mozilla/5.0 (Macintosh; Intel Mac OS X 10.15; rv:137.0) Gecko/20100101 Firefox/137.0","accept":"text/css,*/*;q=0.1","accept-language":"en-US,en;q=0.5","accept-encoding":"gzip, deflate","referer":"http://192.34.61.231/ghost/","priority":"u=2"},"query":{}},"res":{"_headers":{"x-powered-by":"Express","accept-ranges":"bytes","cache-control":"public, max-age=31536000, immutable","last-modified":"Sat, 26 Oct 1985 08:15:00 GMT","etag":"W/\"8bfb1-7438674ba0\"","content-type":"text/css; charset=UTF-8","vary":"Accept-Encoding","content-encoding":"gzip"},"statusCode":200,"responseTime":"130ms"},"msg":"","time":"2025-05-01T06:48:05.610Z","v":0}
{"name":"Log","hostname":"lina-blog","pid":32635,"level":30,"version":"5.118.1","req":{"meta":{"requestId":"6e630e55-d608-4ae7-b824-496c30054dc2","userId":null},"url":"/chunk.524.9c1e444ecff073f053f5.js","method":"GET","originalUrl":"/ghost/assets/chunk.524.9c1e444ecff073f053f5.js","params":{},"headers":{"x-real-ip":"171.224.177.21","host":"192.34.61.231","connection":"close","user-agent":"Mozilla/5.0 (Macintosh; Intel Mac OS X 10.15; rv:137.0) Gecko/20100101 Firefox/137.0","accept":"*/*","accept-language":"en-US,en;q=0.5","accept-encoding":"gzip, deflate","priority":"u=4"},"query":{}},"res":{"_headers":{"x-powered-by":"Express","accept-ranges":"bytes","cache-control":"public, max-age=31536000, immutable","last-modified":"Sat, 26 Oct 1985 08:15:00 GMT","etag":"W/\"2f55-7438674ba0\"","content-type":"application/javascript; charset=UTF-8","vary":"Accept-Encoding","content-encoding":"gzip"},"statusCode":200,"responseTime":"26ms"},"msg":"","time":"2025-05-01T06:48:05.868Z","v":0}
{"name":"Log","hostname":"lina-blog","pid":32635,"level":30,"version":"5.118.1","req":{"meta":{"requestId":"cbc1944e-f84f-40ac-b7a6-8d3e1a2012b1","userId":null},"url":"/vendor-778197221846b9f24b630ecc57b8d8a9.js","method":"GET","originalUrl":"/ghost/assets/vendor-778197221846b9f24b630ecc57b8d8a9.js","params":{},"headers":{"x-real-ip":"171.224.177.21","host":"192.34.61.231","connection":"close","user-agent":"Mozilla/5.0 (Macintosh; Intel Mac OS X 10.15; rv:137.0) Gecko/20100101 Firefox/137.0","accept":"*/*","accept-language":"en-US,en;q=0.5","accept-encoding":"gzip, deflate","referer":"http://192.34.61.231/ghost/"},"query":{}},"res":{"_headers":{"x-powered-by":"Express","accept-ranges":"bytes","cache-control":"public, max-age=31536000, immutable","last-modified":"Sat, 26 Oct 1985 08:15:00 GMT","etag":"W/\"19b5fc-7438674ba0\"","content-type":"application/javascript; charset=UTF-8","vary":"Accept-Encoding","content-encoding":"gzip"},"statusCode":200,"responseTime":"378ms"},"msg":"","time":"2025-05-01T06:48:05.874Z","v":0}
{"name":"Log","hostname":"lina-blog","pid":32635,"level":30,"version":"5.118.1","req":{"meta":{"requestId":"bc968ce5-c6b0-4abc-8da2-aff656c3af02","userId":null},"url":"/ghost-941b0691f9ab77a31452151d2828caee.js","method":"GET","originalUrl":"/ghost/assets/ghost-941b0691f9ab77a31452151d2828caee.js","params":{},"headers":{"x-real-ip":"171.224.177.21","host":"192.34.61.231","connection":"close","user-agent":"Mozilla/5.0 (Macintosh; Intel Mac OS X 10.15; rv:137.0) Gecko/20100101 Firefox/137.0","accept":"*/*","accept-language":"en-US,en;q=0.5","accept-encoding":"gzip, deflate","referer":"http://192.34.61.231/ghost/"},"query":{}},"res":{"_headers":{"x-powered-by":"Express","accept-ranges":"bytes","cache-control":"public, max-age=31536000, immutable","last-modified":"Sat, 26 Oct 1985 08:15:00 GMT","etag":"W/\"21e665-7438674ba0\"","content-type":"application/javascript; charset=UTF-8","vary":"Accept-Encoding","content-encoding":"gzip"},"statusCode":200,"responseTime":"386ms"},"msg":"","time":"2025-05-01T06:48:05.886Z","v":0}
{"name":"Log","hostname":"lina-blog","pid":32635,"level":30,"version":"5.118.1","req":{"meta":{"requestId":"482e5d25-aebe-47e4-8691-85fa3e6476c9","userId":null},"url":"/chunk.709.0cb431c2ada3758f5368.js","method":"GET","originalUrl":"/ghost/assets/chunk.709.0cb431c2ada3758f5368.js","params":{},"headers":{"x-real-ip":"171.224.177.21","host":"192.34.61.231","connection":"close","user-agent":"Mozilla/5.0 (Macintosh; Intel Mac OS X 10.15; rv:137.0) Gecko/20100101 Firefox/137.0","accept":"*/*","accept-language":"en-US,en;q=0.5","accept-encoding":"gzip, deflate","referer":"http://192.34.61.231/ghost/"},"query":{}},"res":{"_headers":{"x-powered-by":"Express","accept-ranges":"bytes","cache-control":"public, max-age=31536000, immutable","last-modified":"Sat, 26 Oct 1985 08:15:00 GMT","etag":"W/\"3a8ae6-7438674ba0\"","content-type":"application/javascript; charset=UTF-8","vary":"Accept-Encoding","content-encoding":"gzip"},"statusCode":200,"responseTime":"466ms"},"msg":"","time":"2025-05-01T06:48:05.979Z","v":0}
{"name":"Log","hostname":"lina-blog","pid":32635,"level":30,"version":"5.118.1","req":{"meta":{"requestId":"9950dbcb-c601-453f-95e4-3c0eef7c5fde","userId":null},"url":"/videos/logo-loader-d91f93ba1dbf0f52a22815b5a571bd31.mp4","method":"GET","originalUrl":"/ghost/assets/videos/logo-loader-d91f93ba1dbf0f52a22815b5a571bd31.mp4","params":{},"headers":{"x-real-ip":"171.224.177.21","host":"192.34.61.231","connection":"close","user-agent":"Mozilla/5.0 (Macintosh; Intel Mac OS X 10.15; rv:137.0) Gecko/20100101 Firefox/137.0","accept":"video/webm,video/ogg,video/*;q=0.9,application/ogg;q=0.7,audio/*;q=0.6,*/*;q=0.5","accept-language":"en-US,en;q=0.5","range":"bytes=0-","referer":"http://192.34.61.231/ghost/","accept-encoding":"identity","priority":"u=4"},"query":{}},"res":{"_headers":{"x-powered-by":"Express","accept-ranges":"bytes","cache-control":"public, max-age=31536000, immutable","last-modified":"Sat, 26 Oct 1985 08:15:00 GMT","etag":"W/\"1ff8a-7438674ba0\"","content-type":"video/mp4","content-range":"bytes 0-130953/130954","content-length":130954},"statusCode":206,"responseTime":"5ms"},"msg":"","time":"2025-05-01T06:48:06.543Z","v":0}
{"name":"Log","hostname":"lina-blog","pid":32635,"level":30,"version":"5.118.1","req":{"meta":{"requestId":"03039070-4e9b-4720-9933-0976a1f95d38","userId":null},"url":"/fonts/Inter-roman.var-66c6e40883646a7ad993108b2ce2da32.woff2","method":"GET","originalUrl":"/ghost/assets/fonts/Inter-roman.var-66c6e40883646a7ad993108b2ce2da32.woff2","params":{},"headers":{"x-real-ip":"171.224.177.21","host":"192.34.61.231","connection":"close","user-agent":"Mozilla/5.0 (Macintosh; Intel Mac OS X 10.15; rv:137.0) Gecko/20100101 Firefox/137.0","accept":"application/font-woff2;q=1.0,application/font-woff;q=0.9,*/*;q=0.8","accept-language":"en-US,en;q=0.5","accept-encoding":"identity","referer":"http://192.34.61.231/ghost/assets/ghost-c10c25cbf2256a65051bf20fdb32b1a9.css"},"query":{}},"res":{"_headers":{"x-powered-by":"Express","accept-ranges":"bytes","cache-control":"public, max-age=31536000, immutable","last-modified":"Sat, 26 Oct 1985 08:15:00 GMT","etag":"W/\"3776c-7438674ba0\"","content-type":"font/woff2","content-length":227180},"statusCode":200,"responseTime":"4ms"},"msg":"","time":"2025-05-01T06:48:06.577Z","v":0}
{"name":"Log","hostname":"lina-blog","pid":32635,"level":30,"version":"5.118.1","req":{"meta":{"requestId":"50093843-b030-400a-a780-ac1cb0c974c1","userId":null},"url":"/ghost-941b0691f9ab77a31452151d2828caee.js","method":"GET","originalUrl":"/ghost/assets/ghost-941b0691f9ab77a31452151d2828caee.js","params":{},"headers":{"x-real-ip":"171.224.177.21","host":"192.34.61.231","connection":"close","user-agent":"Mozilla/5.0 (Macintosh; Intel Mac OS X 10.15; rv:137.0) Gecko/20100101 Firefox/137.0","accept":"*/*","accept-language":"en-US,en;q=0.5","accept-encoding":"gzip, deflate","priority":"u=4"},"query":{}},"res":{"_headers":{"x-powered-by":"Express","accept-ranges":"bytes","cache-control":"public, max-age=31536000, immutable","last-modified":"Sat, 26 Oct 1985 08:15:00 GMT","etag":"W/\"21e665-7438674ba0\"","content-type":"application/javascript; charset=UTF-8","vary":"Accept-Encoding","content-encoding":"gzip"},"statusCode":200,"responseTime":"204ms"},"msg":"","time":"2025-05-01T06:48:07.089Z","v":0}
{"name":"Log","hostname":"lina-blog","pid":32635,"level":30,"version":"5.118.1","req":{"meta":{"requestId":"75c39000-cd3d-4efb-9638-b17ab0848043","userId":null},"url":"/chunk.709.0cb431c2ada3758f5368.js","method":"GET","originalUrl":"/ghost/assets/chunk.709.0cb431c2ada3758f5368.js","params":{},"headers":{"x-real-ip":"171.224.177.21","host":"192.34.61.231","connection":"close","user-agent":"Mozilla/5.0 (Macintosh; Intel Mac OS X 10.15; rv:137.0) Gecko/20100101 Firefox/137.0","accept":"*/*","accept-language":"en-US,en;q=0.5","accept-encoding":"gzip, deflate","priority":"u=4"},"query":{}},"res":{"_headers":{"x-powered-by":"Express","accept-ranges":"bytes","cache-control":"public, max-age=31536000, immutable","last-modified":"Sat, 26 Oct 1985 08:15:00 GMT","etag":"W/\"3a8ae6-7438674ba0\"","content-type":"application/javascript; charset=UTF-8","vary":"Accept-Encoding","content-encoding":"gzip"},"statusCode":200,"responseTime":"163ms"},"msg":"","time":"2025-05-01T06:48:07.568Z","v":0}
{"name":"Log","hostname":"lina-blog","pid":32635,"level":30,"version":"5.118.1","req":{"meta":{"requestId":"77c23de8-6bde-42c8-8fb6-54337617ef8e","userId":null},"url":"/img/favicon-a9c6dbdcdc3ae568f4e0dad92149a0e3.ico","method":"GET","originalUrl":"/ghost/assets/img/favicon-a9c6dbdcdc3ae568f4e0dad92149a0e3.ico","params":{},"headers":{"x-real-ip":"171.224.177.21","host":"192.34.61.231","connection":"close","user-agent":"Mozilla/5.0 (Macintosh; Intel Mac OS X 10.15; rv:137.0) Gecko/20100101 Firefox/137.0","accept":"image/avif,image/webp,image/png,image/svg+xml,image/*;q=0.8,*/*;q=0.5","accept-language":"en-US,en;q=0.5","accept-encoding":"gzip, deflate","referer":"http://192.34.61.231/ghost/","priority":"u=6"},"query":{}},"res":{"_headers":{"x-powered-by":"Express","accept-ranges":"bytes","cache-control":"public, max-age=31536000, immutable","last-modified":"Sat, 26 Oct 1985 08:15:00 GMT","etag":"W/\"3c2e-7438674ba0\"","content-type":"image/x-icon","vary":"Accept-Encoding","content-encoding":"gzip"},"statusCode":200,"responseTime":"6ms"},"msg":"","time":"2025-05-01T06:48:08.905Z","v":0}
{"name":"Log","hostname":"lina-blog","pid":32635,"level":30,"version":"5.118.1","req":{"meta":{"requestId":"bf889f56-014f-4da9-98e8-eff4b0c1f140","userId":null},"url":"/img/apple-touch-icon-74680e326a7e87b159d366c7d4fb3d4b.png","method":"GET","originalUrl":"/ghost/assets/img/apple-touch-icon-74680e326a7e87b159d366c7d4fb3d4b.png","params":{},"headers":{"x-real-ip":"171.224.177.21","host":"192.34.61.231","connection":"close","user-agent":"Mozilla/5.0 (Macintosh; Intel Mac OS X 10.15; rv:137.0) Gecko/20100101 Firefox/137.0","accept":"image/avif,image/webp,image/png,image/svg+xml,image/*;q=0.8,*/*;q=0.5","accept-language":"en-US,en;q=0.5","accept-encoding":"gzip, deflate","referer":"http://192.34.61.231/ghost/","priority":"u=6"},"query":{}},"res":{"_headers":{"x-powered-by":"Express","accept-ranges":"bytes","cache-control":"public, max-age=31536000, immutable","last-modified":"Sat, 26 Oct 1985 08:15:00 GMT","etag":"W/\"1302-7438674ba0\"","content-type":"image/png","content-length":4866},"statusCode":200,"responseTime":"2ms"},"msg":"","time":"2025-05-01T06:48:08.909Z","v":0}
{"name":"Log","hostname":"lina-blog","pid":32635,"level":30,"version":"5.118.1","req":{"meta":{"requestId":"e37cf1dc-60ab-4844-a358-c5e82480a2a3","userId":null},"url":"/vendor-778197221846b9f24b630ecc57b8d8a9.js","method":"GET","originalUrl":"/ghost/assets/vendor-778197221846b9f24b630ecc57b8d8a9.js","params":{},"headers":{"x-real-ip":"171.224.177.21","host":"192.34.61.231","connection":"close","user-agent":"Mozilla/5.0 (Macintosh; Intel Mac OS X 10.15; rv:137.0) Gecko/20100101 Firefox/137.0","accept":"*/*","accept-language":"en-US,en;q=0.5","accept-encoding":"gzip, deflate","priority":"u=4"},"query":{}},"res":{"_headers":{"x-powered-by":"Express","accept-ranges":"bytes","cache-control":"public, max-age=31536000, immutable","last-modified":"Sat, 26 Oct 1985 08:15:00 GMT","etag":"W/\"19b5fc-7438674ba0\"","content-type":"application/javascript; charset=UTF-8","vary":"Accept-Encoding","content-encoding":"gzip"},"statusCode":200,"responseTime":"71ms"},"msg":"","time":"2025-05-01T06:48:12.798Z","v":0}
{"name":"Log","hostname":"lina-blog","pid":32635,"level":50,"version":"5.118.1","req":{"meta":{"requestId":"e8c9e623-1413-4dd1-8328-ada3e9e3e933","userId":null},"url":"/users/me/?include=roles","method":"GET","originalUrl":"/ghost/api/admin/users/me/?include=roles","params":{},"headers":{"x-real-ip":"171.224.177.21","host":"192.34.61.231","connection":"close","user-agent":"Mozilla/5.0 (Macintosh; Intel Mac OS X 10.15; rv:137.0) Gecko/20100101 Firefox/137.0","accept":"application/json, text/javascript, */*; q=0.01","accept-language":"en-US,en;q=0.5","accept-encoding":"gzip, deflate","content-type":"application/json; charset=UTF-8","x-ghost-version":"5.118","app-pragma":"no-cache","x-requested-with":"XMLHttpRequest","referer":"http://192.34.61.231/ghost/"},"query":{"include":"roles"}},"res":{"_headers":{"x-powered-by":"Express","content-version":"v5.118","vary":"Accept-Version, Accept-Encoding","cache-control":"no-cache, private, no-store, must-revalidate, max-stale=0, post-check=0, pre-check=0","content-type":"application/json; charset=utf-8","content-length":"343","etag":"W/\"157-of5/xtccu0PJ8Fn3CVYEp+VzTgo\""},"statusCode":403,"responseTime":"254ms"},"err":{"id":"4097e7c0-2658-11f0-8e00-5b74047255e7","domain":"http://localhost:2368/","code":null,"name":"NoPermissionError","statusCode":403,"level":"normal","message":"Authorization failed","context":"\"Unable to determine the authenticated user or integration. Check that cookies are being passed through if using session authentication.\"","stack":"NoPermissionError: Authorization failed\n    at authorizeAdminApi (/home/lina/lina-blog/versions/5.118.1/core/server/services/auth/authorize.js:33:25)\n    at Layer.handle [as handle_request] (/home/lina/lina-blog/versions/5.118.1/node_modules/express/lib/router/layer.js:95:5)\n    at next (/home/lina/lina-blog/versions/5.118.1/node_modules/express/lib/router/route.js:149:13)\n    at authenticate (/home/lina/lina-blog/versions/5.118.1/core/server/services/auth/session/middleware.js:55:13)\n    at process.processTicksAndRejections (node:internal/process/task_queues:95:5)","hideStack":false},"msg":"Authorization failed","time":"2025-05-01T06:48:13.124Z","v":0}
{"name":"Log","hostname":"lina-blog","pid":32635,"level":30,"version":"5.118.1","req":{"meta":{"requestId":"074253ba-2e77-486a-9b25-2af0d5df8925","userId":null},"url":"/site/","method":"GET","originalUrl":"/ghost/api/admin/site/","params":{},"headers":{"x-real-ip":"171.224.177.21","host":"192.34.61.231","connection":"close","user-agent":"Mozilla/5.0 (Macintosh; Intel Mac OS X 10.15; rv:137.0) Gecko/20100101 Firefox/137.0","accept":"application/json, text/javascript, */*; q=0.01","accept-language":"en-US,en;q=0.5","accept-encoding":"gzip, deflate","content-type":"application/json; charset=UTF-8","x-ghost-version":"5.118","app-pragma":"no-cache","x-requested-with":"XMLHttpRequest","referer":"http://192.34.61.231/ghost/"},"query":{}},"res":{"_headers":{"x-powered-by":"Express","content-version":"v5.118","vary":"Accept-Version, Accept-Encoding","cache-control":"no-cache, private, no-store, must-revalidate, max-stale=0, post-check=0, pre-check=0","content-type":"application/json; charset=utf-8","content-length":"288","etag":"W/\"120-r2coZbwsItbEr/JsLYgfFY/GLso\""},"statusCode":200,"responseTime":"6ms"},"msg":"","time":"2025-05-01T06:48:13.406Z","v":0}
{"name":"Log","hostname":"lina-blog","pid":32635,"level":50,"version":"5.118.1","req":{"meta":{"requestId":"842d9a11-ad70-4777-baf6-ca1bb3e534e5","userId":null},"url":"/users/me/?include=roles","method":"GET","originalUrl":"/ghost/api/admin/users/me/?include=roles","params":{},"headers":{"x-real-ip":"171.224.177.21","host":"192.34.61.231","connection":"close","user-agent":"Mozilla/5.0 (Macintosh; Intel Mac OS X 10.15; rv:137.0) Gecko/20100101 Firefox/137.0","accept":"application/json, text/javascript, */*; q=0.01","accept-language":"en-US,en;q=0.5","accept-encoding":"gzip, deflate","content-type":"application/json; charset=UTF-8","x-ghost-version":"5.118","app-pragma":"no-cache","x-requested-with":"XMLHttpRequest","referer":"http://192.34.61.231/ghost/"},"query":{"include":"roles"}},"res":{"_headers":{"x-powered-by":"Express","content-version":"v5.118","vary":"Accept-Version, Accept-Encoding","cache-control":"no-cache, private, no-store, must-revalidate, max-stale=0, post-check=0, pre-check=0","content-type":"application/json; charset=utf-8","content-length":"343","etag":"W/\"157-pVCGFY5tYH68LMHYoGW4xXC0r60\""},"statusCode":403,"responseTime":"4ms"},"err":{"id":"40f215b0-2658-11f0-8e00-5b74047255e7","domain":"http://localhost:2368/","code":null,"name":"NoPermissionError","statusCode":403,"level":"normal","message":"Authorization failed","context":"\"Unable to determine the authenticated user or integration. Check that cookies are being passed through if using session authentication.\"","stack":"NoPermissionError: Authorization failed\n    at authorizeAdminApi (/home/lina/lina-blog/versions/5.118.1/core/server/services/auth/authorize.js:33:25)\n    at Layer.handle [as handle_request] (/home/lina/lina-blog/versions/5.118.1/node_modules/express/lib/router/layer.js:95:5)\n    at next (/home/lina/lina-blog/versions/5.118.1/node_modules/express/lib/router/route.js:149:13)\n    at authenticate (/home/lina/lina-blog/versions/5.118.1/core/server/services/auth/session/middleware.js:55:13)\n    at process.processTicksAndRejections (node:internal/process/task_queues:95:5)","hideStack":false},"msg":"Authorization failed","time":"2025-05-01T06:48:13.711Z","v":0}
{"name":"Log","hostname":"lina-blog","pid":32635,"level":30,"version":"5.118.1","req":{"meta":{"requestId":"a648f3e3-0aeb-4731-887b-ae07eb57741d","userId":null},"url":"/site/","method":"GET","originalUrl":"/ghost/api/admin/site/","params":{},"headers":{"x-real-ip":"171.224.177.21","host":"192.34.61.231","connection":"close","user-agent":"Mozilla/5.0 (Macintosh; Intel Mac OS X 10.15; rv:137.0) Gecko/20100101 Firefox/137.0","accept":"application/json, text/javascript, */*; q=0.01","accept-language":"en-US,en;q=0.5","accept-encoding":"gzip, deflate","content-type":"application/json; charset=UTF-8","x-ghost-version":"5.118","app-pragma":"no-cache","x-requested-with":"XMLHttpRequest","referer":"http://192.34.61.231/ghost/"},"query":{}},"res":{"_headers":{"x-powered-by":"Express","content-version":"v5.118","vary":"Accept-Version, Accept-Encoding","cache-control":"no-cache, private, no-store, must-revalidate, max-stale=0, post-check=0, pre-check=0","content-type":"application/json; charset=utf-8","content-length":"288","etag":"W/\"120-r2coZbwsItbEr/JsLYgfFY/GLso\""},"statusCode":200,"responseTime":"3ms"},"msg":"","time":"2025-05-01T06:48:14.818Z","v":0}
{"name":"Log","hostname":"lina-blog","pid":32635,"level":30,"version":"5.118.1","req":{"meta":{"requestId":"ba8a1ae2-cf90-442a-b93e-9af79aadacc1","userId":null},"url":"/admin-x-settings/admin-x-settings.js?v=c1f9acc69c","method":"GET","originalUrl":"/ghost/assets/admin-x-settings/admin-x-settings.js?v=c1f9acc69c","params":{},"headers":{"x-real-ip":"171.224.177.21","host":"192.34.61.231","connection":"close","user-agent":"Mozilla/5.0 (Macintosh; Intel Mac OS X 10.15; rv:137.0) Gecko/20100101 Firefox/137.0","accept":"*/*","accept-language":"en-US,en;q=0.5","accept-encoding":"gzip, deflate","referer":"http://192.34.61.231/ghost/assets/ghost-941b0691f9ab77a31452151d2828caee.js"},"query":{"v":"c1f9acc69c"}},"res":{"_headers":{"x-powered-by":"Express","accept-ranges":"bytes","cache-control":"public, max-age=31536000, immutable","last-modified":"Sat, 26 Oct 1985 08:15:00 GMT","etag":"W/\"1db70-7438674ba0\"","content-type":"application/javascript; charset=UTF-8","vary":"Accept-Encoding","content-encoding":"gzip"},"statusCode":200,"responseTime":"10ms"},"msg":"","time":"2025-05-01T06:48:14.823Z","v":0}
{"name":"Log","hostname":"lina-blog","pid":32635,"level":30,"version":"5.118.1","req":{"meta":{"requestId":"621bbae2-3b7b-400f-b917-cedba192c172","userId":null},"url":"/authentication/setup/","method":"GET","originalUrl":"/ghost/api/admin/authentication/setup/","params":{},"headers":{"x-real-ip":"171.224.177.21","host":"192.34.61.231","connection":"close","user-agent":"Mozilla/5.0 (Macintosh; Intel Mac OS X 10.15; rv:137.0) Gecko/20100101 Firefox/137.0","accept":"application/json, text/javascript, */*; q=0.01","accept-language":"en-US,en;q=0.5","accept-encoding":"gzip, deflate","content-type":"application/json; charset=UTF-8","x-ghost-version":"5.118","app-pragma":"no-cache","x-requested-with":"XMLHttpRequest","referer":"http://192.34.61.231/ghost/"},"query":{}},"res":{"_headers":{"x-powered-by":"Express","content-version":"v5.118","vary":"Accept-Version, Accept-Encoding","cache-control":"no-cache, private, no-store, must-revalidate, max-stale=0, post-check=0, pre-check=0","content-type":"application/json; charset=utf-8","content-length":"28","etag":"W/\"1c-sQKS0vX9z/0iYRVKKjytkkIupoI\""},"statusCode":200,"responseTime":"20ms"},"msg":"","time":"2025-05-01T06:48:15.114Z","v":0}
{"name":"Log","hostname":"lina-blog","pid":32635,"level":30,"version":"5.118.1","req":{"meta":{"requestId":"0d37137c-043b-48c2-8a39-52dff522451e","userId":null},"url":"/admin-x-settings/admin-x-settings.js?v=c1f9acc69c","method":"GET","originalUrl":"/ghost/assets/admin-x-settings/admin-x-settings.js?v=c1f9acc69c","params":{},"headers":{"x-real-ip":"171.224.177.21","host":"192.34.61.231","connection":"close","user-agent":"Mozilla/5.0 (Macintosh; Intel Mac OS X 10.15; rv:137.0) Gecko/20100101 Firefox/137.0","accept":"*/*","accept-language":"en-US,en;q=0.5","accept-encoding":"gzip, deflate","priority":"u=4"},"query":{"v":"c1f9acc69c"}},"res":{"_headers":{"x-powered-by":"Express","accept-ranges":"bytes","cache-control":"public, max-age=31536000, immutable","last-modified":"Sat, 26 Oct 1985 08:15:00 GMT","etag":"W/\"1db70-7438674ba0\"","content-type":"application/javascript; charset=UTF-8","vary":"Accept-Encoding","content-encoding":"gzip"},"statusCode":200,"responseTime":"6ms"},"msg":"","time":"2025-05-01T06:48:15.357Z","v":0}
{"name":"Log","hostname":"lina-blog","pid":32635,"level":30,"version":"5.118.1","req":{"meta":{"requestId":"8226634d-4d53-45ed-9b0e-b9a797673c90","userId":null},"url":"/authentication/setup/","method":"GET","originalUrl":"/ghost/api/admin/authentication/setup/","params":{},"headers":{"x-real-ip":"171.224.177.21","host":"192.34.61.231","connection":"close","user-agent":"Mozilla/5.0 (Macintosh; Intel Mac OS X 10.15; rv:137.0) Gecko/20100101 Firefox/137.0","accept":"application/json, text/javascript, */*; q=0.01","accept-language":"en-US,en;q=0.5","accept-encoding":"gzip, deflate","content-type":"application/json; charset=UTF-8","x-ghost-version":"5.118","app-pragma":"no-cache","x-requested-with":"XMLHttpRequest","referer":"http://192.34.61.231/ghost/"},"query":{}},"res":{"_headers":{"x-powered-by":"Express","content-version":"v5.118","vary":"Accept-Version, Accept-Encoding","cache-control":"no-cache, private, no-store, must-revalidate, max-stale=0, post-check=0, pre-check=0","content-type":"application/json; charset=utf-8","content-length":"28","etag":"W/\"1c-sQKS0vX9z/0iYRVKKjytkkIupoI\""},"statusCode":200,"responseTime":"81ms"},"msg":"","time":"2025-05-01T06:48:15.512Z","v":0}
{"name":"Log","hostname":"lina-blog","pid":32635,"level":30,"version":"5.118.1","req":{"meta":{"requestId":"9dc27325-5146-4c7f-b816-3936e4c7e253","userId":null},"url":"/admin-x-settings/index-fd83d7a5.mjs","method":"GET","originalUrl":"/ghost/assets/admin-x-settings/index-fd83d7a5.mjs","params":{},"headers":{"x-real-ip":"171.224.177.21","host":"192.34.61.231","connection":"close","user-agent":"Mozilla/5.0 (Macintosh; Intel Mac OS X 10.15; rv:137.0) Gecko/20100101 Firefox/137.0","accept":"*/*","accept-language":"en-US,en;q=0.5","accept-encoding":"gzip, deflate","referer":"http://192.34.61.231/ghost/assets/admin-x-settings/admin-x-settings.js?v=c1f9acc69c"},"query":{}},"res":{"_headers":{"x-powered-by":"Express","accept-ranges":"bytes","cache-control":"public, max-age=31536000, immutable","last-modified":"Sat, 26 Oct 1985 08:15:00 GMT","etag":"W/\"17ae84-7438674ba0\"","content-type":"application/javascript; charset=UTF-8","vary":"Accept-Encoding","content-encoding":"gzip"},"statusCode":200,"responseTime":"287ms"},"msg":"","time":"2025-05-01T06:48:15.649Z","v":0}
{"name":"Log","hostname":"lina-blog","pid":32635,"level":30,"version":"5.118.1","req":{"meta":{"requestId":"433a1a97-1474-47f1-b5a6-5861a7f5a620","userId":null},"url":"/img/logos/orb-black-1-32b72766be2164fdea6ab2565fb1c137.png","method":"GET","originalUrl":"/ghost/assets/img/logos/orb-black-1-32b72766be2164fdea6ab2565fb1c137.png","params":{},"headers":{"x-real-ip":"171.224.177.21","host":"192.34.61.231","connection":"close","user-agent":"Mozilla/5.0 (Macintosh; Intel Mac OS X 10.15; rv:137.0) Gecko/20100101 Firefox/137.0","accept":"image/avif,image/webp,image/png,image/svg+xml,image/*;q=0.8,*/*;q=0.5","accept-language":"en-US,en;q=0.5","accept-encoding":"gzip, deflate","referer":"http://192.34.61.231/ghost/","priority":"u=4, i"},"query":{}},"res":{"_headers":{"x-powered-by":"Express","accept-ranges":"bytes","cache-control":"public, max-age=31536000, immutable","last-modified":"Sat, 26 Oct 1985 08:15:00 GMT","etag":"W/\"ca4a-7438674ba0\"","content-type":"image/png","content-length":51786},"statusCode":200,"responseTime":"2ms"},"msg":"","time":"2025-05-01T06:48:15.855Z","v":0}
{"name":"Log","hostname":"lina-blog","pid":32635,"level":30,"version":"5.118.1","req":{"meta":{"requestId":"0e2af754-5fd5-49d3-9bbe-8dbefd0a97fd","userId":null},"url":"/","method":"GET","originalUrl":"/","params":{},"headers":{"x-real-ip":"148.113.206.49","host":"192.34.61.231","connection":"close","accept":"*/*","accept-encoding":"gzip","user-agent":"Mozilla/5.0 zgrab/0.x"},"query":{}},"res":{"_headers":{"x-powered-by":"Express","cache-control":"public, max-age=0","content-type":"text/html; charset=utf-8","etag":"W/\"43a3-l7/9P9YhC8zi+NXo312EqheBmyk\"","vary":"Accept-Encoding","content-encoding":"gzip"},"statusCode":200,"responseTime":"65ms"},"msg":"","time":"2025-05-01T06:48:18.058Z","v":0}
{"name":"Log","hostname":"lina-blog","pid":32635,"level":30,"version":"5.118.1","req":{"meta":{"requestId":"beb0e88b-d1c4-426a-b807-9475c57e67e5","userId":null},"url":"/admin-x-settings/index-fd83d7a5.mjs","method":"GET","originalUrl":"/ghost/assets/admin-x-settings/index-fd83d7a5.mjs","params":{},"headers":{"x-real-ip":"171.224.177.21","host":"192.34.61.231","connection":"close","user-agent":"Mozilla/5.0 (Macintosh; Intel Mac OS X 10.15; rv:137.0) Gecko/20100101 Firefox/137.0","accept":"*/*","accept-language":"en-US,en;q=0.5","accept-encoding":"gzip, deflate","priority":"u=4"},"query":{}},"res":{"_headers":{"x-powered-by":"Express","accept-ranges":"bytes","cache-control":"public, max-age=31536000, immutable","last-modified":"Sat, 26 Oct 1985 08:15:00 GMT","etag":"W/\"17ae84-7438674ba0\"","content-type":"application/javascript; charset=UTF-8","vary":"Accept-Encoding","content-encoding":"gzip"},"statusCode":200,"responseTime":"77ms"},"msg":"","time":"2025-05-01T06:48:18.664Z","v":0}
{"name":"Log","hostname":"lina-blog","pid":32635,"level":30,"version":"5.118.1","msg":"Updating incoming recommendations on boot","time":"2025-05-01T06:48:25.266Z","v":0}
{"name":"Log","hostname":"lina-blog","pid":32635,"level":30,"version":"5.118.1","msg":"Adding one-off job to inlineQueue with current length = 0 called 'sendWebmentions'","time":"2025-05-01T06:49:26.389Z","v":0}
{"name":"Log","hostname":"lina-blog","pid":32635,"level":30,"version":"5.118.1","req":{"meta":{"requestId":"05c1ee85-fa0b-440a-9fbc-460e8dd0d255","userId":null},"url":"/authentication/setup/","method":"POST","originalUrl":"/ghost/api/admin/authentication/setup/","params":{},"headers":{"x-real-ip":"171.224.177.21","host":"192.34.61.231","connection":"close","content-length":"127","user-agent":"Mozilla/5.0 (Macintosh; Intel Mac OS X 10.15; rv:137.0) Gecko/20100101 Firefox/137.0","accept":"application/json, text/javascript, */*; q=0.01","accept-language":"en-US,en;q=0.5","accept-encoding":"gzip, deflate","content-type":"application/json; charset=UTF-8","x-ghost-version":"5.118","app-pragma":"no-cache","x-requested-with":"XMLHttpRequest","origin":"http://192.34.61.231","referer":"http://192.34.61.231/ghost/","priority":"u=0"},"query":{}},"res":{"_headers":{"x-powered-by":"Express","content-version":"v5.118","vary":"Accept-Version, Origin, Accept-Encoding","cache-control":"no-cache, private, no-store, must-revalidate, max-stale=0, post-check=0, pre-check=0","access-control-allow-origin":"http://192.34.61.231","x-cache-invalidate":"/*","content-type":"application/json; charset=utf-8","content-length":"828","etag":"W/\"33c-E0ICdUEyUwrUwyRANd1t+g5vrz4\""},"statusCode":201,"responseTime":"1295ms"},"msg":"","time":"2025-05-01T06:49:26.498Z","v":0}
{"name":"Log","hostname":"lina-blog","pid":32635,"level":40,"version":"5.118.1","msg":"Missing mail.from config, falling back to a generated email address. Please update your config file and set a valid from address","time":"2025-05-01T06:49:26.549Z","v":0}
{"name":"Log","hostname":"lina-blog","pid":32635,"level":40,"version":"5.118.1","msg":"Missing mail.from config, falling back to a generated email address. Please update your config file and set a valid from address","time":"2025-05-01T06:49:26.550Z","v":0}
{"name":"Log","hostname":"lina-blog","pid":32635,"level":40,"version":"5.118.1","msg":"Missing mail.from config, falling back to a generated email address. Please update your config file and set a valid from address","time":"2025-05-01T06:49:26.552Z","v":0}
{"name":"Log","hostname":"lina-blog","pid":32635,"level":30,"version":"5.118.1","msg":"Adding one-off job to inlineQueue with current length = 0 called 'sendWebmentions'","time":"2025-05-01T06:49:26.609Z","v":0}
{"name":"Log","hostname":"lina-blog","pid":32635,"level":30,"version":"5.118.1","req":{"meta":{"requestId":"ed675004-7961-4962-871d-80dd5e586d20","userId":"1"},"url":"/session","method":"POST","originalUrl":"/ghost/api/admin/session","params":{},"headers":{"x-real-ip":"171.224.177.21","host":"192.34.61.231","connection":"close","content-length":"68","user-agent":"Mozilla/5.0 (Macintosh; Intel Mac OS X 10.15; rv:137.0) Gecko/20100101 Firefox/137.0","accept":"text/plain, */*; q=0.01","accept-language":"en-US,en;q=0.5","accept-encoding":"gzip, deflate","content-type":"application/json;charset=utf-8","x-ghost-version":"5.118","app-pragma":"no-cache","x-requested-with":"XMLHttpRequest","origin":"http://192.34.61.231","referer":"http://192.34.61.231/ghost/"},"query":{}},"res":{"_headers":{"x-powered-by":"Express","content-version":"v5.118","vary":"Accept-Version, Origin, Accept-Encoding","cache-control":"no-cache, private, no-store, must-revalidate, max-stale=0, post-check=0, pre-check=0","access-control-allow-origin":"http://192.34.61.231","content-type":"text/plain; charset=utf-8","content-length":"7","etag":"W/\"7-rM9AyJuqT6iOan/xHh+AW+7K/T8\"","set-cookie":"**REDACTED**"},"statusCode":201,"responseTime":"202ms"},"msg":"","time":"2025-05-01T06:49:27.107Z","v":0}
{"name":"Log","hostname":"lina-blog","pid":32635,"level":30,"version":"5.118.1","req":{"meta":{"requestId":"b397aa5f-4e2b-4c5d-87a4-590e2b2614d0","userId":"1"},"url":"/users/me/?include=roles","method":"GET","originalUrl":"/ghost/api/admin/users/me/?include=roles","params":{"id":"me"},"headers":{"x-real-ip":"171.224.177.21","host":"192.34.61.231","connection":"close","user-agent":"Mozilla/5.0 (Macintosh; Intel Mac OS X 10.15; rv:137.0) Gecko/20100101 Firefox/137.0","accept":"application/json, text/javascript, */*; q=0.01","accept-language":"en-US,en;q=0.5","accept-encoding":"gzip, deflate","content-type":"application/json; charset=UTF-8","x-ghost-version":"5.118","app-pragma":"no-cache","x-requested-with":"XMLHttpRequest","referer":"http://192.34.61.231/ghost/","cookie":"**REDACTED**"},"query":{"include":"roles"}},"res":{"_headers":{"x-powered-by":"Express","content-version":"v5.118","vary":"Accept-Version, Accept-Encoding","cache-control":"no-cache, private, no-store, must-revalidate, max-stale=0, post-check=0, pre-check=0","content-type":"application/json; charset=utf-8","content-length":"1016","etag":"W/\"3f8-tW2ZkWHtNlzpQU0CxMyvBsvP1sQ\""},"statusCode":200,"responseTime":"24ms"},"msg":"","time":"2025-05-01T06:49:27.410Z","v":0}
{"name":"Log","hostname":"lina-blog","pid":32635,"level":30,"version":"5.118.1","req":{"meta":{"requestId":"47820515-31ef-416b-9718-472cec235ff7","userId":"1"},"url":"/config/","method":"GET","originalUrl":"/ghost/api/admin/config/","params":{},"headers":{"x-real-ip":"171.224.177.21","host":"192.34.61.231","connection":"close","user-agent":"Mozilla/5.0 (Macintosh; Intel Mac OS X 10.15; rv:137.0) Gecko/20100101 Firefox/137.0","accept":"application/json, text/javascript, */*; q=0.01","accept-language":"en-US,en;q=0.5","accept-encoding":"gzip, deflate","content-type":"application/json; charset=UTF-8","x-ghost-version":"5.118","app-pragma":"no-cache","x-requested-with":"XMLHttpRequest","referer":"http://192.34.61.231/ghost/","cookie":"**REDACTED**"},"query":{}},"res":{"_headers":{"x-powered-by":"Express","content-version":"v5.118","vary":"Accept-Version, Accept-Encoding","cache-control":"no-cache, private, no-store, must-revalidate, max-stale=0, post-check=0, pre-check=0","content-type":"application/json; charset=utf-8","content-length":"612","etag":"W/\"264-4KQ3xYd3/olOYOTs2FmeiatqBvM\""},"statusCode":200,"responseTime":"18ms"},"msg":"","time":"2025-05-01T06:49:27.718Z","v":0}
{"name":"Log","hostname":"lina-blog","pid":32635,"level":30,"version":"5.118.1","req":{"meta":{"requestId":"1ebbb4a7-c657-4b7c-aa99-af490599e956","userId":"1"},"url":"/settings/?group=site%2Ctheme%2Cprivate%2Cmembers%2Cportal%2Cnewsletter%2Cemail%2Camp%2Clabs%2Cslack%2Cunsplash%2Cviews%2Cfirstpromoter%2Ceditor%2Ccomments%2Canalytics%2Cannouncement%2Cpintura%2Cdonations%2Crecommendations%2Csecurity","method":"GET","originalUrl":"/ghost/api/admin/settings/?group=site%2Ctheme%2Cprivate%2Cmembers%2Cportal%2Cnewsletter%2Cemail%2Camp%2Clabs%2Cslack%2Cunsplash%2Cviews%2Cfirstpromoter%2Ceditor%2Ccomments%2Canalytics%2Cannouncement%2Cpintura%2Cdonations%2Crecommendations%2Csecurity","params":{},"headers":{"x-real-ip":"171.224.177.21","host":"192.34.61.231","connection":"close","user-agent":"Mozilla/5.0 (Macintosh; Intel Mac OS X 10.15; rv:137.0) Gecko/20100101 Firefox/137.0","accept":"application/json, text/javascript, */*; q=0.01","accept-language":"en-US,en;q=0.5","accept-encoding":"gzip, deflate","content-type":"application/json; charset=UTF-8","x-ghost-version":"5.118","app-pragma":"no-cache","x-requested-with":"XMLHttpRequest","referer":"http://192.34.61.231/ghost/","cookie":"**REDACTED**"},"query":{"group":"site,theme,private,members,portal,newsletter,email,amp,labs,slack,unsplash,views,firstpromoter,editor,comments,analytics,announcement,pintura,donations,recommendations,security"}},"res":{"_headers":{"x-powered-by":"Express","content-version":"v5.118","vary":"Accept-Version, Accept-Encoding","cache-control":"no-cache, private, no-store, must-revalidate, max-stale=0, post-check=0, pre-check=0","content-type":"application/json; charset=utf-8","etag":"W/\"11a2-8kEbYgPSznIPYavjhq4x9l7n4Zc\"","content-encoding":"gzip"},"statusCode":200,"responseTime":"52ms"},"msg":"","time":"2025-05-01T06:49:27.756Z","v":0}
{"name":"Log","hostname":"lina-blog","pid":32635,"level":50,"version":"5.118.1","err":{"id":"6d20d090-2658-11f0-8e00-5b74047255e7","domain":"http://localhost:2368/","code":null,"name":"EmailError","statusCode":500,"level":"normal","message":"Failed to send email. Reason: Email has been temporarily rejected.","context":"\"Unable to send welcome email, your site will continue to function.\"","help":"\"Please see https://ghost.org/docs/config/#mail for instructions on configuring email.\"","stack":"EmailError: Failed to send email. Reason: Email has been temporarily rejected.\n    at createMailError (/home/lina/lina-blog/versions/5.118.1/core/server/services/mail/GhostMailer.js:81:12)\n    at GhostMailer.handleDirectTransportResponse (/home/lina/lina-blog/versions/5.118.1/core/server/services/mail/GhostMailer.js:171:19)\n    at GhostMailer.send (/home/lina/lina-blog/versions/5.118.1/core/server/services/mail/GhostMailer.js:133:25)\n    at process.processTicksAndRejections (node:internal/process/task_queues:95:5)\n    at async getResponse (/home/lina/lina-blog/versions/5.118.1/node_modules/@tryghost/api-framework/lib/pipeline.js:259:34)\n    at async Object.ImplWrapper [as send] (/home/lina/lina-blog/versions/5.118.1/node_modules/@tryghost/api-framework/lib/pipeline.js:264:30)\n    at async /home/lina/lina-blog/versions/5.118.1/core/server/services/auth/setup.js:186:17","hideStack":false},"msg":"Failed to send email. Reason: Email has been temporarily rejected.","time":"2025-05-01T06:49:27.837Z","v":0}
{"name":"Log","hostname":"lina-blog","pid":32635,"level":30,"version":"5.118.1","req":{"meta":{"requestId":"7105d0a7-cee0-46cc-9df2-47488a5d9de7","userId":"1"},"url":"/tiers/?filter=type%3Apaid%2Bactive%3Atrue&limit=all","method":"GET","originalUrl":"/ghost/api/admin/tiers/?filter=type%3Apaid%2Bactive%3Atrue&limit=all","params":{},"headers":{"x-real-ip":"171.224.177.21","host":"192.34.61.231","connection":"close","user-agent":"Mozilla/5.0 (Macintosh; Intel Mac OS X 10.15; rv:137.0) Gecko/20100101 Firefox/137.0","accept":"application/json, text/javascript, */*; q=0.01","accept-language":"en-US,en;q=0.5","accept-encoding":"gzip, deflate","content-type":"application/json; charset=UTF-8","x-ghost-version":"5.118","app-pragma":"no-cache","x-requested-with":"XMLHttpRequest","referer":"http://192.34.61.231/ghost/","cookie":"**REDACTED**"},"query":{"filter":"type:paid+active:true","limit":"all"}},"res":{"_headers":{"x-powered-by":"Express","content-version":"v5.118","vary":"Accept-Version, Accept-Encoding","cache-control":"no-cache, private, no-store, must-revalidate, max-stale=0, post-check=0, pre-check=0","content-type":"application/json; charset=utf-8","content-length":"447","etag":"W/\"1bf-nuGIF4JdWFzP+P7+0PPWMPYy8Jg\""},"statusCode":200,"responseTime":"33ms"},"msg":"","time":"2025-05-01T06:49:27.991Z","v":0}
{"name":"Log","hostname":"lina-blog","pid":32635,"level":30,"version":"5.118.1","req":{"meta":{"requestId":"2a5ad5ca-6d7b-40b8-9a85-3f1f2cacca79","userId":null},"url":"/ghost-dark-6cbe9c3d45b8b605f846c4b417881e50.css","method":"GET","originalUrl":"/ghost/assets/ghost-dark-6cbe9c3d45b8b605f846c4b417881e50.css","params":{},"headers":{"x-real-ip":"171.224.177.21","host":"192.34.61.231","connection":"close","user-agent":"Mozilla/5.0 (Macintosh; Intel Mac OS X 10.15; rv:137.0) Gecko/20100101 Firefox/137.0","accept":"text/css,*/*;q=0.1","accept-language":"en-US,en;q=0.5","accept-encoding":"gzip, deflate","referer":"http://192.34.61.231/ghost/","cookie":"**REDACTED**","priority":"u=4"},"query":{}},"res":{"_headers":{"x-powered-by":"Express","accept-ranges":"bytes","cache-control":"public, max-age=31536000, immutable","last-modified":"Sat, 26 Oct 1985 08:15:00 GMT","etag":"W/\"8da8c-7438674ba0\"","content-type":"text/css; charset=UTF-8","vary":"Accept-Encoding","content-encoding":"gzip"},"statusCode":200,"responseTime":"26ms"},"msg":"","time":"2025-05-01T06:49:28.069Z","v":0}
{"name":"Log","hostname":"lina-blog","pid":32635,"level":30,"version":"5.118.1","req":{"meta":{"requestId":"cdc2db23-9550-473a-941c-c60a1eba68e5","userId":"1"},"url":"/notifications/","method":"GET","originalUrl":"/ghost/api/admin/notifications/","params":{},"headers":{"x-real-ip":"171.224.177.21","host":"192.34.61.231","connection":"close","user-agent":"Mozilla/5.0 (Macintosh; Intel Mac OS X 10.15; rv:137.0) Gecko/20100101 Firefox/137.0","accept":"application/json, text/javascript, */*; q=0.01","accept-language":"en-US,en;q=0.5","accept-encoding":"gzip, deflate","content-type":"application/json; charset=UTF-8","x-ghost-version":"5.118","app-pragma":"no-cache","x-requested-with":"XMLHttpRequest","referer":"http://192.34.61.231/ghost/","cookie":"**REDACTED**"},"query":{}},"res":{"_headers":{"x-powered-by":"Express","content-version":"v5.118","vary":"Accept-Version, Accept-Encoding","cache-control":"no-cache, private, no-store, must-revalidate, max-stale=0, post-check=0, pre-check=0","content-type":"application/json; charset=utf-8","content-length":"243","etag":"W/\"f3-Hq4pWdKFDz+2mCCeWQSp6UcdYw8\""},"statusCode":200,"responseTime":"65ms"},"msg":"","time":"2025-05-01T06:49:29.237Z","v":0}
{"name":"Log","hostname":"lina-blog","pid":32635,"level":30,"version":"5.118.1","req":{"meta":{"requestId":"53d7e4af-235d-4a6d-8969-4603958d0edc","userId":"1"},"url":"/themes/active/","method":"GET","originalUrl":"/ghost/api/admin/themes/active/","params":{},"headers":{"x-real-ip":"171.224.177.21","host":"192.34.61.231","connection":"close","user-agent":"Mozilla/5.0 (Macintosh; Intel Mac OS X 10.15; rv:137.0) Gecko/20100101 Firefox/137.0","accept":"application/json, text/javascript, */*; q=0.01","accept-language":"en-US,en;q=0.5","accept-encoding":"gzip, deflate","content-type":"application/json; charset=UTF-8","x-ghost-version":"5.118","app-pragma":"no-cache","x-requested-with":"XMLHttpRequest","referer":"http://192.34.61.231/ghost/","cookie":"**REDACTED**"},"query":{}},"res":{"_headers":{"x-powered-by":"Express","content-version":"v5.118","vary":"Accept-Version, Accept-Encoding","cache-control":"no-cache, private, no-store, must-revalidate, max-stale=0, post-check=0, pre-check=0","content-type":"application/json; charset=utf-8","etag":"W/\"e93-rJ65zfyElQqbqi/vH2pWLKGkojE\"","content-encoding":"gzip"},"statusCode":200,"responseTime":"81ms"},"msg":"","time":"2025-05-01T06:49:29.258Z","v":0}
{"name":"Log","hostname":"lina-blog","pid":32635,"level":30,"version":"5.118.1","req":{"meta":{"requestId":"38f6fdf5-d879-4f90-97af-3ca1852bcc03","userId":"1"},"url":"/users/1/?include=roles","method":"PUT","originalUrl":"/ghost/api/admin/users/1/?include=roles","params":{"id":"1"},"headers":{"x-real-ip":"171.224.177.21","host":"192.34.61.231","connection":"close","content-length":"892","user-agent":"Mozilla/5.0 (Macintosh; Intel Mac OS X 10.15; rv:137.0) Gecko/20100101 Firefox/137.0","accept":"application/json, text/javascript, */*; q=0.01","accept-language":"en-US,en;q=0.5","accept-encoding":"gzip, deflate","content-type":"application/json; charset=utf-8","x-ghost-version":"5.118","app-pragma":"no-cache","x-requested-with":"XMLHttpRequest","origin":"http://192.34.61.231","referer":"http://192.34.61.231/ghost/","cookie":"**REDACTED**"},"query":{"include":"roles"}},"res":{"_headers":{"x-powered-by":"Express","content-version":"v5.118","vary":"Accept-Version, Origin, Accept-Encoding","cache-control":"no-cache, private, no-store, must-revalidate, max-stale=0, post-check=0, pre-check=0","access-control-allow-origin":"http://192.34.61.231","content-type":"application/json; charset=utf-8","etag":"W/\"43d-wnr2/xIPXS5FI8b+3CCOcXoNp5M\"","content-encoding":"gzip"},"statusCode":200,"responseTime":"189ms"},"msg":"","time":"2025-05-01T06:49:29.376Z","v":0}
{"name":"Log","hostname":"lina-blog","pid":32635,"level":30,"version":"5.118.1","req":{"meta":{"requestId":"d3b33fde-87e7-47cc-ac1f-511343945f70","userId":null},"url":"/koenig-lexical/koenig-lexical.umd.js?v=70b6e1c5ab","method":"GET","originalUrl":"/ghost/assets/koenig-lexical/koenig-lexical.umd.js?v=70b6e1c5ab","params":{},"headers":{"x-real-ip":"171.224.177.21","host":"192.34.61.231","connection":"close","user-agent":"Mozilla/5.0 (Macintosh; Intel Mac OS X 10.15; rv:137.0) Gecko/20100101 Firefox/137.0","accept":"*/*","accept-language":"en-US,en;q=0.5","accept-encoding":"gzip, deflate","referer":"http://192.34.61.231/ghost/assets/ghost-941b0691f9ab77a31452151d2828caee.js","cookie":"**REDACTED**"},"query":{"v":"70b6e1c5ab"}},"res":{"_headers":{"x-powered-by":"Express","accept-ranges":"bytes","cache-control":"public, max-age=31536000, immutable","last-modified":"Sat, 26 Oct 1985 08:15:00 GMT","etag":"W/\"2c8b4a-7438674ba0\"","content-type":"application/javascript; charset=UTF-8","vary":"Accept-Encoding","content-encoding":"gzip"},"statusCode":200,"responseTime":"279ms"},"msg":"","time":"2025-05-01T06:49:29.460Z","v":0}
{"name":"Log","hostname":"lina-blog","pid":32635,"level":30,"version":"5.118.1","req":{"meta":{"requestId":"946779cc-1726-4f16-8d2d-3ea6e033262d","userId":null},"url":"/img/user-image-639a88b784fb5f10964be8b975ca9fdf.png","method":"GET","originalUrl":"/ghost/assets/img/user-image-639a88b784fb5f10964be8b975ca9fdf.png","params":{},"headers":{"x-real-ip":"171.224.177.21","host":"192.34.61.231","connection":"close","user-agent":"Mozilla/5.0 (Macintosh; Intel Mac OS X 10.15; rv:137.0) Gecko/20100101 Firefox/137.0","accept":"image/avif,image/webp,image/png,image/svg+xml,image/*;q=0.8,*/*;q=0.5","accept-language":"en-US,en;q=0.5","accept-encoding":"gzip, deflate","referer":"http://192.34.61.231/ghost/","cookie":"**REDACTED**","priority":"u=4, i"},"query":{}},"res":{"_headers":{"x-powered-by":"Express","accept-ranges":"bytes","cache-control":"public, max-age=31536000, immutable","last-modified":"Sat, 26 Oct 1985 08:15:00 GMT","etag":"W/\"9af-7438674ba0\"","content-type":"image/png","content-length":2479},"statusCode":200,"responseTime":"16ms"},"msg":"","time":"2025-05-01T06:49:29.530Z","v":0}
{"name":"Log","hostname":"lina-blog","pid":32635,"level":30,"version":"5.118.1","req":{"meta":{"requestId":"e51b0ab3-dfe8-4822-b03f-eeace587248f","userId":"1"},"url":"/members/?order=id&limit=1&page=1&include=newsletters%2Clabels","method":"GET","originalUrl":"/ghost/api/admin/members/?order=id&limit=1&page=1&include=newsletters%2Clabels","params":{},"headers":{"x-real-ip":"171.224.177.21","host":"192.34.61.231","connection":"close","user-agent":"Mozilla/5.0 (Macintosh; Intel Mac OS X 10.15; rv:137.0) Gecko/20100101 Firefox/137.0","accept":"application/json, text/javascript, */*; q=0.01","accept-language":"en-US,en;q=0.5","accept-encoding":"gzip, deflate","content-type":"application/json; charset=UTF-8","x-ghost-version":"5.118","app-pragma":"no-cache","x-requested-with":"XMLHttpRequest","referer":"http://192.34.61.231/ghost/","cookie":"**REDACTED**"},"query":{"order":"id","limit":"1","page":"1","include":"newsletters,labels"}},"res":{"_headers":{"x-powered-by":"Express","content-version":"v5.118","vary":"Accept-Version, Accept-Encoding","cache-control":"no-cache, private, no-store, must-revalidate, max-stale=0, post-check=0, pre-check=0","content-type":"application/json; charset=utf-8","content-length":"101","etag":"W/\"65-f6nBT1UI6bh1EnkUkUhaEXI/ziw\""},"statusCode":200,"responseTime":"47ms"},"msg":"","time":"2025-05-01T06:49:29.544Z","v":0}
{"name":"Log","hostname":"lina-blog","pid":32635,"level":30,"version":"5.118.1","req":{"meta":{"requestId":"1edac51c-6485-46bf-bced-acf6d0fa1016","userId":null},"url":"/koenig-lexical/koenig-lexical.umd.js?v=70b6e1c5ab","method":"GET","originalUrl":"/ghost/assets/koenig-lexical/koenig-lexical.umd.js?v=70b6e1c5ab","params":{},"headers":{"x-real-ip":"171.224.177.21","host":"192.34.61.231","connection":"close","user-agent":"Mozilla/5.0 (Macintosh; Intel Mac OS X 10.15; rv:137.0) Gecko/20100101 Firefox/137.0","accept":"*/*","accept-language":"en-US,en;q=0.5","accept-encoding":"gzip, deflate","cookie":"**REDACTED**","priority":"u=4"},"query":{"v":"70b6e1c5ab"}},"res":{"_headers":{"x-powered-by":"Express","accept-ranges":"bytes","cache-control":"public, max-age=31536000, immutable","last-modified":"Sat, 26 Oct 1985 08:15:00 GMT","etag":"W/\"2c8b4a-7438674ba0\"","content-type":"application/javascript; charset=UTF-8","vary":"Accept-Encoding","content-encoding":"gzip"},"statusCode":200,"responseTime":"123ms"},"msg":"","time":"2025-05-01T06:49:31.731Z","v":0}
{"name":"Log","hostname":"lina-blog","pid":32635,"level":30,"version":"5.118.1","req":{"meta":{"requestId":"db235d26-3875-42e9-82ab-cacaddde1f08","userId":null},"url":"/site/","method":"GET","originalUrl":"/ghost/api/admin/site/","params":{},"headers":{"x-real-ip":"171.224.177.21","host":"192.34.61.231","connection":"close","user-agent":"Mozilla/5.0 (Macintosh; Intel Mac OS X 10.15; rv:137.0) Gecko/20100101 Firefox/137.0","accept":"*/*","accept-language":"en-US,en;q=0.5","accept-encoding":"gzip, deflate","referer":"http://192.34.61.231/ghost/","app-pragma":"no-cache","x-ghost-version":"5.118","cookie":"**REDACTED**","priority":"u=0"},"query":{}},"res":{"_headers":{"x-powered-by":"Express","content-version":"v5.118","vary":"Accept-Version, Accept-Encoding","cache-control":"no-cache, private, no-store, must-revalidate, max-stale=0, post-check=0, pre-check=0","content-type":"application/json; charset=utf-8","content-length":"305","etag":"W/\"131-/7wbJh99Obvg8AgBMK/SDtaTWSM\""},"statusCode":200,"responseTime":"3ms"},"msg":"","time":"2025-05-01T06:49:34.308Z","v":0}
{"name":"Log","hostname":"lina-blog","pid":32635,"level":30,"version":"5.118.1","req":{"meta":{"requestId":"4c78de1e-d305-4666-913c-72cc80fb8995","userId":"1"},"url":"/config/","method":"GET","originalUrl":"/ghost/api/admin/config/","params":{},"headers":{"x-real-ip":"171.224.177.21","host":"192.34.61.231","connection":"close","user-agent":"Mozilla/5.0 (Macintosh; Intel Mac OS X 10.15; rv:137.0) Gecko/20100101 Firefox/137.0","accept":"*/*","accept-language":"en-US,en;q=0.5","accept-encoding":"gzip, deflate","referer":"http://192.34.61.231/ghost/","app-pragma":"no-cache","x-ghost-version":"5.118","cookie":"**REDACTED**","priority":"u=0"},"query":{}},"res":{"_headers":{"x-powered-by":"Express","content-version":"v5.118","vary":"Accept-Version, Accept-Encoding","cache-control":"no-cache, private, no-store, must-revalidate, max-stale=0, post-check=0, pre-check=0","content-type":"application/json; charset=utf-8","content-length":"612","etag":"W/\"264-4KQ3xYd3/olOYOTs2FmeiatqBvM\""},"statusCode":200,"responseTime":"25ms"},"msg":"","time":"2025-05-01T06:49:34.321Z","v":0}
{"name":"Log","hostname":"lina-blog","pid":32635,"level":30,"version":"5.118.1","req":{"meta":{"requestId":"d1de735f-ee52-4101-adc5-56915623822b","userId":"1"},"url":"/settings/?group=site%2Ctheme%2Cprivate%2Cmembers%2Cportal%2Cnewsletter%2Cemail%2Camp%2Clabs%2Cslack%2Cunsplash%2Cviews%2Cfirstpromoter%2Ceditor%2Ccomments%2Canalytics%2Cannouncement%2Cpintura%2Cdonations%2Csecurity","method":"GET","originalUrl":"/ghost/api/admin/settings/?group=site%2Ctheme%2Cprivate%2Cmembers%2Cportal%2Cnewsletter%2Cemail%2Camp%2Clabs%2Cslack%2Cunsplash%2Cviews%2Cfirstpromoter%2Ceditor%2Ccomments%2Canalytics%2Cannouncement%2Cpintura%2Cdonations%2Csecurity","params":{},"headers":{"x-real-ip":"171.224.177.21","host":"192.34.61.231","connection":"close","user-agent":"Mozilla/5.0 (Macintosh; Intel Mac OS X 10.15; rv:137.0) Gecko/20100101 Firefox/137.0","accept":"*/*","accept-language":"en-US,en;q=0.5","accept-encoding":"gzip, deflate","referer":"http://192.34.61.231/ghost/","app-pragma":"no-cache","x-ghost-version":"5.118","cookie":"**REDACTED**","priority":"u=0"},"query":{"group":"site,theme,private,members,portal,newsletter,email,amp,labs,slack,unsplash,views,firstpromoter,editor,comments,analytics,announcement,pintura,donations,security"}},"res":{"_headers":{"x-powered-by":"Express","content-version":"v5.118","vary":"Accept-Version, Accept-Encoding","cache-control":"no-cache, private, no-store, must-revalidate, max-stale=0, post-check=0, pre-check=0","content-type":"application/json; charset=utf-8","etag":"W/\"1162-74yqbLN8t/EZWkRIOM6/85yVQbU\"","content-encoding":"gzip"},"statusCode":200,"responseTime":"57ms"},"msg":"","time":"2025-05-01T06:49:34.368Z","v":0}
{"name":"Log","hostname":"lina-blog","pid":32635,"level":30,"version":"5.118.1","req":{"meta":{"requestId":"680dcf61-1468-4fa2-9201-eac98fd6f185","userId":"1"},"url":"/users/me/?include=roles","method":"GET","originalUrl":"/ghost/api/admin/users/me/?include=roles","params":{"id":"me"},"headers":{"x-real-ip":"171.224.177.21","host":"192.34.61.231","connection":"close","user-agent":"Mozilla/5.0 (Macintosh; Intel Mac OS X 10.15; rv:137.0) Gecko/20100101 Firefox/137.0","accept":"*/*","accept-language":"en-US,en;q=0.5","accept-encoding":"gzip, deflate","referer":"http://192.34.61.231/ghost/","app-pragma":"no-cache","x-ghost-version":"5.118","cookie":"**REDACTED**","priority":"u=0"},"query":{"include":"roles"}},"res":{"_headers":{"x-powered-by":"Express","content-version":"v5.118","vary":"Accept-Version, Accept-Encoding","cache-control":"no-cache, private, no-store, must-revalidate, max-stale=0, post-check=0, pre-check=0","content-type":"application/json; charset=utf-8","etag":"W/\"43d-wnr2/xIPXS5FI8b+3CCOcXoNp5M\"","content-encoding":"gzip"},"statusCode":200,"responseTime":"71ms"},"msg":"","time":"2025-05-01T06:49:34.370Z","v":0}
{"name":"Log","hostname":"lina-blog","pid":32635,"level":30,"version":"5.118.1","req":{"meta":{"requestId":"5d89c4a7-0e0c-44e5-b90f-f35e23fea808","userId":"1"},"url":"/tiers/","method":"GET","originalUrl":"/ghost/api/admin/tiers/","params":{},"headers":{"x-real-ip":"171.224.177.21","host":"192.34.61.231","connection":"close","user-agent":"Mozilla/5.0 (Macintosh; Intel Mac OS X 10.15; rv:137.0) Gecko/20100101 Firefox/137.0","accept":"*/*","accept-language":"en-US,en;q=0.5","accept-encoding":"gzip, deflate","referer":"http://192.34.61.231/ghost/","app-pragma":"no-cache","x-ghost-version":"5.118","cookie":"**REDACTED**","priority":"u=4"},"query":{}},"res":{"_headers":{"x-powered-by":"Express","content-version":"v5.118","vary":"Accept-Version, Accept-Encoding","cache-control":"no-cache, private, no-store, must-revalidate, max-stale=0, post-check=0, pre-check=0","content-type":"application/json; charset=utf-8","content-length":"711","etag":"W/\"2c7-P1sL5s29iPuUBhxRAjtlgRw98DU\""},"statusCode":200,"responseTime":"108ms"},"msg":"","time":"2025-05-01T06:49:34.846Z","v":0}
{"name":"Log","hostname":"lina-blog","pid":32635,"level":30,"version":"5.118.1","req":{"meta":{"requestId":"d7f90d01-e076-4624-8a4b-76775fca5d69","userId":"1"},"url":"/roles/?limit=all","method":"GET","originalUrl":"/ghost/api/admin/roles/?limit=all","params":{},"headers":{"x-real-ip":"171.224.177.21","host":"192.34.61.231","connection":"close","user-agent":"Mozilla/5.0 (Macintosh; Intel Mac OS X 10.15; rv:137.0) Gecko/20100101 Firefox/137.0","accept":"*/*","accept-language":"en-US,en;q=0.5","accept-encoding":"gzip, deflate","referer":"http://192.34.61.231/ghost/","app-pragma":"no-cache","x-ghost-version":"5.118","cookie":"**REDACTED**","priority":"u=4"},"query":{"limit":"all"}},"res":{"_headers":{"x-powered-by":"Express","content-version":"v5.118","vary":"Accept-Version, Accept-Encoding","cache-control":"no-cache, private, no-store, must-revalidate, max-stale=0, post-check=0, pre-check=0","content-type":"application/json; charset=utf-8","etag":"W/\"7ab-eWRa+vnnaNkViB10aXHJhDs0Q7c\"","content-encoding":"gzip"},"statusCode":200,"responseTime":"198ms"},"msg":"","time":"2025-05-01T06:49:34.940Z","v":0}
{"name":"Log","hostname":"lina-blog","pid":32635,"level":30,"version":"5.118.1","req":{"meta":{"requestId":"d2e522da-d55a-4b69-ad15-54c2ff720c47","userId":"1"},"url":"/invites/","method":"GET","originalUrl":"/ghost/api/admin/invites/","params":{},"headers":{"x-real-ip":"171.224.177.21","host":"192.34.61.231","connection":"close","user-agent":"Mozilla/5.0 (Macintosh; Intel Mac OS X 10.15; rv:137.0) Gecko/20100101 Firefox/137.0","accept":"*/*","accept-language":"en-US,en;q=0.5","accept-encoding":"gzip, deflate","referer":"http://192.34.61.231/ghost/","app-pragma":"no-cache","x-ghost-version":"5.118","cookie":"**REDACTED**","priority":"u=4"},"query":{}},"res":{"_headers":{"x-powered-by":"Express","content-version":"v5.118","vary":"Accept-Version, Accept-Encoding","cache-control":"no-cache, private, no-store, must-revalidate, max-stale=0, post-check=0, pre-check=0","content-type":"application/json; charset=utf-8","content-length":"102","etag":"W/\"66-sOX4mOGvIzARC+CuIiE6bGahqSc\""},"statusCode":200,"responseTime":"186ms"},"msg":"","time":"2025-05-01T06:49:34.951Z","v":0}
{"name":"Log","hostname":"lina-blog","pid":32635,"level":30,"version":"5.118.1","req":{"meta":{"requestId":"159aaa3c-a971-4024-afe4-b843b7177b48","userId":"1"},"url":"/themes/","method":"GET","originalUrl":"/ghost/api/admin/themes/","params":{},"headers":{"x-real-ip":"171.224.177.21","host":"192.34.61.231","connection":"close","user-agent":"Mozilla/5.0 (Macintosh; Intel Mac OS X 10.15; rv:137.0) Gecko/20100101 Firefox/137.0","accept":"*/*","accept-language":"en-US,en;q=0.5","accept-encoding":"gzip, deflate","referer":"http://192.34.61.231/ghost/","app-pragma":"no-cache","x-ghost-version":"5.118","cookie":"**REDACTED**","priority":"u=4"},"query":{}},"res":{"_headers":{"x-powered-by":"Express","content-version":"v5.118","vary":"Accept-Version, Accept-Encoding","cache-control":"no-cache, private, no-store, must-revalidate, max-stale=0, post-check=0, pre-check=0","content-type":"application/json; charset=utf-8","etag":"W/\"1948-yJlAvZ6kyK1zgREEdZE9+9Mc2LI\"","content-encoding":"gzip"},"statusCode":200,"responseTime":"173ms"},"msg":"","time":"2025-05-01T06:49:34.955Z","v":0}
{"name":"Log","hostname":"lina-blog","pid":32635,"level":30,"version":"5.118.1","req":{"meta":{"requestId":"d3620a2e-3cf1-4325-b693-527ced3442a3","userId":"1"},"url":"/recommendations/?include=count.clicks%2Ccount.subscribers&order=created_at+desc&limit=5","method":"GET","originalUrl":"/ghost/api/admin/recommendations/?include=count.clicks%2Ccount.subscribers&order=created_at+desc&limit=5","params":{},"headers":{"x-real-ip":"171.224.177.21","host":"192.34.61.231","connection":"close","user-agent":"Mozilla/5.0 (Macintosh; Intel Mac OS X 10.15; rv:137.0) Gecko/20100101 Firefox/137.0","accept":"*/*","accept-language":"en-US,en;q=0.5","accept-encoding":"gzip, deflate","referer":"http://192.34.61.231/ghost/","app-pragma":"no-cache","x-ghost-version":"5.118","cookie":"**REDACTED**","priority":"u=4"},"query":{"include":"count.clicks,count.subscribers","order":"created_at desc","limit":"5"}},"res":{"_headers":{"x-powered-by":"Express","content-version":"v5.118","vary":"Accept-Version, Accept-Encoding","cache-control":"no-cache, private, no-store, must-revalidate, max-stale=0, post-check=0, pre-check=0","content-type":"application/json; charset=utf-8","content-length":"109","etag":"W/\"6d-C6k8ydjJ913rUrlEenifUzC6yww\""},"statusCode":200,"responseTime":"216ms"},"msg":"","time":"2025-05-01T06:49:34.963Z","v":0}
{"name":"Log","hostname":"lina-blog","pid":32635,"level":30,"version":"5.118.1","req":{"meta":{"requestId":"1f132359-b03b-42fd-9a41-93e83d0589a7","userId":"1"},"url":"/incoming_recommendations/?limit=5&order=created_at+desc","method":"GET","originalUrl":"/ghost/api/admin/incoming_recommendations/?limit=5&order=created_at+desc","params":{},"headers":{"x-real-ip":"171.224.177.21","host":"192.34.61.231","connection":"close","user-agent":"Mozilla/5.0 (Macintosh; Intel Mac OS X 10.15; rv:137.0) Gecko/20100101 Firefox/137.0","accept":"*/*","accept-language":"en-US,en;q=0.5","accept-encoding":"gzip, deflate","referer":"http://192.34.61.231/ghost/","app-pragma":"no-cache","x-ghost-version":"5.118","cookie":"**REDACTED**","priority":"u=4"},"query":{"limit":"5","order":"created_at desc"}},"res":{"_headers":{"x-powered-by":"Express","content-version":"v5.118","vary":"Accept-Version, Accept-Encoding","cache-control":"no-cache, private, no-store, must-revalidate, max-stale=0, post-check=0, pre-check=0","content-type":"application/json; charset=utf-8","content-length":"109","etag":"W/\"6d-aDlCMngXFadesmbdF27VgKzSNxE\""},"statusCode":200,"responseTime":"161ms"},"msg":"","time":"2025-05-01T06:49:34.972Z","v":0}
{"name":"Log","hostname":"lina-blog","pid":32635,"level":30,"version":"5.118.1","req":{"meta":{"requestId":"4070c153-efb3-468b-a43f-3ad7a4e448a5","userId":"1"},"url":"/users/?limit=100&include=roles","method":"GET","originalUrl":"/ghost/api/admin/users/?limit=100&include=roles","params":{},"headers":{"x-real-ip":"171.224.177.21","host":"192.34.61.231","connection":"close","user-agent":"Mozilla/5.0 (Macintosh; Intel Mac OS X 10.15; rv:137.0) Gecko/20100101 Firefox/137.0","accept":"*/*","accept-language":"en-US,en;q=0.5","accept-encoding":"gzip, deflate","referer":"http://192.34.61.231/ghost/","app-pragma":"no-cache","x-ghost-version":"5.118","cookie":"**REDACTED**","priority":"u=4"},"query":{"limit":"100","include":"roles"}},"res":{"_headers":{"x-powered-by":"Express","content-version":"v5.118","vary":"Accept-Version, Accept-Encoding","cache-control":"no-cache, private, no-store, must-revalidate, max-stale=0, post-check=0, pre-check=0","content-type":"application/json; charset=utf-8","etag":"W/\"496-bHOk2j2IaCYYIY0G7K56vDGIaIc\"","content-encoding":"gzip"},"statusCode":200,"responseTime":"176ms"},"msg":"","time":"2025-05-01T06:49:34.974Z","v":0}
{"name":"Log","hostname":"lina-blog","pid":32635,"level":30,"version":"5.118.1","req":{"meta":{"requestId":"13ee5b9f-9555-4d6f-b831-84e0856bfe69","userId":"1"},"url":"/stats/referrers/","method":"GET","originalUrl":"/ghost/api/admin/stats/referrers/","params":{},"headers":{"x-real-ip":"171.224.177.21","host":"192.34.61.231","connection":"close","user-agent":"Mozilla/5.0 (Macintosh; Intel Mac OS X 10.15; rv:137.0) Gecko/20100101 Firefox/137.0","accept":"*/*","accept-language":"en-US,en;q=0.5","accept-encoding":"gzip, deflate","referer":"http://192.34.61.231/ghost/","app-pragma":"no-cache","x-ghost-version":"5.118","cookie":"**REDACTED**","priority":"u=4"},"query":{}},"res":{"_headers":{"x-powered-by":"Express","content-version":"v5.118","vary":"Accept-Version, Accept-Encoding","cache-control":"no-cache, private, no-store, must-revalidate, max-stale=0, post-check=0, pre-check=0","content-type":"application/json; charset=utf-8","content-length":"22","etag":"W/\"16-WcmRIiz+hBM7bbYRjg6ziVwXuLI\""},"statusCode":200,"responseTime":"45ms"},"msg":"","time":"2025-05-01T06:49:35.250Z","v":0}
{"name":"Log","hostname":"lina-blog","pid":32635,"level":30,"version":"5.118.1","req":{"meta":{"requestId":"38c21ef7-58d4-4cc3-8de4-fca42ea0a7ac","userId":"1"},"url":"/newsletters/?include=count.active_members%2Ccount.posts&limit=50","method":"GET","originalUrl":"/ghost/api/admin/newsletters/?include=count.active_members%2Ccount.posts&limit=50","params":{},"headers":{"x-real-ip":"171.224.177.21","host":"192.34.61.231","connection":"close","user-agent":"Mozilla/5.0 (Macintosh; Intel Mac OS X 10.15; rv:137.0) Gecko/20100101 Firefox/137.0","accept":"*/*","accept-language":"en-US,en;q=0.5","accept-encoding":"gzip, deflate","referer":"http://192.34.61.231/ghost/","app-pragma":"no-cache","x-ghost-version":"5.118","cookie":"**REDACTED**","priority":"u=4"},"query":{"include":"count.active_members,count.posts","limit":"50"}},"res":{"_headers":{"x-powered-by":"Express","content-version":"v5.118","vary":"Accept-Version, Accept-Encoding","cache-control":"no-cache, private, no-store, must-revalidate, max-stale=0, post-check=0, pre-check=0","content-type":"application/json; charset=utf-8","content-length":"1018","etag":"W/\"3fa-wuxD4xWcH6FKaYu2O4EBGlIEtT4\""},"statusCode":200,"responseTime":"56ms"},"msg":"","time":"2025-05-01T06:49:35.269Z","v":0}
{"name":"Log","hostname":"lina-blog","pid":32635,"level":30,"version":"5.118.1","req":{"meta":{"requestId":"0a8562cc-101c-4fdc-973e-890cdef6ada2","userId":"1"},"url":"/integrations/?include=api_keys%2Cwebhooks","method":"GET","originalUrl":"/ghost/api/admin/integrations/?include=api_keys%2Cwebhooks","params":{},"headers":{"x-real-ip":"171.224.177.21","host":"192.34.61.231","connection":"close","user-agent":"Mozilla/5.0 (Macintosh; Intel Mac OS X 10.15; rv:137.0) Gecko/20100101 Firefox/137.0","accept":"*/*","accept-language":"en-US,en;q=0.5","accept-encoding":"gzip, deflate","referer":"http://192.34.61.231/ghost/","app-pragma":"no-cache","x-ghost-version":"5.118","cookie":"**REDACTED**","priority":"u=4"},"query":{"include":"api_keys,webhooks"}},"res":{"_headers":{"x-powered-by":"Express","content-version":"v5.118","vary":"Accept-Version, Accept-Encoding","cache-control":"no-cache, private, no-store, must-revalidate, max-stale=0, post-check=0, pre-check=0","content-type":"application/json; charset=utf-8","etag":"W/\"a43-vfdu9kv5hCSi1MW9L0jT805+JAc\"","content-encoding":"gzip"},"statusCode":200,"responseTime":"68ms"},"msg":"","time":"2025-05-01T06:49:35.299Z","v":0}
{"name":"Log","hostname":"lina-blog","pid":32635,"level":30,"version":"5.118.1","req":{"meta":{"requestId":"4aeafb83-8608-44f4-a6c1-3d67fd0a626e","userId":null},"url":"/admin-x-settings/modals-8fdc40a2.mjs","method":"GET","originalUrl":"/ghost/assets/admin-x-settings/modals-8fdc40a2.mjs","params":{},"headers":{"x-real-ip":"171.224.177.21","host":"192.34.61.231","connection":"close","user-agent":"Mozilla/5.0 (Macintosh; Intel Mac OS X 10.15; rv:137.0) Gecko/20100101 Firefox/137.0","accept":"*/*","accept-language":"en-US,en;q=0.5","accept-encoding":"gzip, deflate","referer":"http://192.34.61.231/ghost/assets/admin-x-settings/index-fd83d7a5.mjs","cookie":"**REDACTED**"},"query":{}},"res":{"_headers":{"x-powered-by":"Express","accept-ranges":"bytes","cache-control":"public, max-age=31536000, immutable","last-modified":"Sat, 26 Oct 1985 08:15:00 GMT","etag":"W/\"163102-7438674ba0\"","content-type":"application/javascript; charset=UTF-8","vary":"Accept-Encoding","content-encoding":"gzip"},"statusCode":200,"responseTime":"71ms"},"msg":"","time":"2025-05-01T06:49:35.741Z","v":0}
{"name":"Log","hostname":"lina-blog","pid":32635,"level":30,"version":"5.118.1","req":{"meta":{"requestId":"32f3f568-2e82-4a90-be70-068adb5adf88","userId":null},"url":"/admin-x-settings/modals-8fdc40a2.mjs","method":"GET","originalUrl":"/ghost/assets/admin-x-settings/modals-8fdc40a2.mjs","params":{},"headers":{"x-real-ip":"171.224.177.21","host":"192.34.61.231","connection":"close","user-agent":"Mozilla/5.0 (Macintosh; Intel Mac OS X 10.15; rv:137.0) Gecko/20100101 Firefox/137.0","accept":"*/*","accept-language":"en-US,en;q=0.5","accept-encoding":"gzip, deflate","cookie":"**REDACTED**","priority":"u=4"},"query":{}},"res":{"_headers":{"x-powered-by":"Express","accept-ranges":"bytes","cache-control":"public, max-age=31536000, immutable","last-modified":"Sat, 26 Oct 1985 08:15:00 GMT","etag":"W/\"163102-7438674ba0\"","content-type":"application/javascript; charset=UTF-8","vary":"Accept-Encoding","content-encoding":"gzip"},"statusCode":200,"responseTime":"60ms"},"msg":"","time":"2025-05-01T06:49:37.531Z","v":0}
{"name":"Log","hostname":"lina-blog","pid":32635,"level":30,"version":"5.118.1","req":{"meta":{"requestId":"901f1ba1-dfba-457d-930e-b9023c88d889","userId":null},"url":"/admin-x-settings/index-48250e60.mjs","method":"GET","originalUrl":"/ghost/assets/admin-x-settings/index-48250e60.mjs","params":{},"headers":{"x-real-ip":"171.224.177.21","host":"192.34.61.231","connection":"close","user-agent":"Mozilla/5.0 (Macintosh; Intel Mac OS X 10.15; rv:137.0) Gecko/20100101 Firefox/137.0","accept":"*/*","accept-language":"en-US,en;q=0.5","accept-encoding":"gzip, deflate","referer":"http://192.34.61.231/ghost/assets/admin-x-settings/modals-8fdc40a2.mjs","cookie":"**REDACTED**"},"query":{}},"res":{"_headers":{"x-powered-by":"Express","accept-ranges":"bytes","cache-control":"public, max-age=31536000, immutable","last-modified":"Sat, 26 Oct 1985 08:15:00 GMT","etag":"W/\"6362d-7438674ba0\"","content-type":"application/javascript; charset=UTF-8","vary":"Accept-Encoding","content-encoding":"gzip"},"statusCode":200,"responseTime":"14ms"},"msg":"","time":"2025-05-01T06:49:37.549Z","v":0}
{"name":"Log","hostname":"lina-blog","pid":32635,"level":30,"version":"5.118.1","req":{"meta":{"requestId":"f68db194-9628-4437-9f0e-e8867c2363cf","userId":null},"url":"/admin-x-settings/index-48250e60.mjs","method":"GET","originalUrl":"/ghost/assets/admin-x-settings/index-48250e60.mjs","params":{},"headers":{"x-real-ip":"171.224.177.21","host":"192.34.61.231","connection":"close","user-agent":"Mozilla/5.0 (Macintosh; Intel Mac OS X 10.15; rv:137.0) Gecko/20100101 Firefox/137.0","accept":"*/*","accept-language":"en-US,en;q=0.5","accept-encoding":"gzip, deflate","cookie":"**REDACTED**","priority":"u=4"},"query":{}},"res":{"_headers":{"x-powered-by":"Express","accept-ranges":"bytes","cache-control":"public, max-age=31536000, immutable","last-modified":"Sat, 26 Oct 1985 08:15:00 GMT","etag":"W/\"6362d-7438674ba0\"","content-type":"application/javascript; charset=UTF-8","vary":"Accept-Encoding","content-encoding":"gzip"},"statusCode":200,"responseTime":"13ms"},"msg":"","time":"2025-05-01T06:49:38.100Z","v":0}
{"name":"Log","hostname":"lina-blog","pid":32635,"level":30,"version":"5.118.1","req":{"meta":{"requestId":"500454d3-aa48-40d6-89c8-012b60491b6f","userId":"1"},"url":"/users/me/token/","method":"GET","originalUrl":"/ghost/api/admin/users/me/token/","params":{"id":"me"},"headers":{"x-real-ip":"171.224.177.21","host":"192.34.61.231","connection":"close","user-agent":"Mozilla/5.0 (Macintosh; Intel Mac OS X 10.15; rv:137.0) Gecko/20100101 Firefox/137.0","accept":"*/*","accept-language":"en-US,en;q=0.5","accept-encoding":"gzip, deflate","referer":"http://192.34.61.231/ghost/","app-pragma":"no-cache","x-ghost-version":"5.118","cookie":"**REDACTED**","priority":"u=4"},"query":{}},"res":{"_headers":{"x-powered-by":"Express","content-version":"v5.118","vary":"Accept-Version, Accept-Encoding","cache-control":"no-cache, private, no-store, must-revalidate, max-stale=0, post-check=0, pre-check=0","content-type":"application/json; charset=utf-8","content-length":"333","etag":"W/\"14d-xvTMJiHF6Q6UArW9vExLLHjgk7s\""},"statusCode":200,"responseTime":"28ms"},"msg":"","time":"2025-05-01T06:49:55.970Z","v":0}
{"name":"Log","hostname":"lina-blog","pid":32635,"level":30,"version":"5.118.1","req":{"meta":{"requestId":"0fbd0336-51d1-4d86-b828-7614f52556b9","userId":"1"},"url":"/users/password/","method":"PUT","originalUrl":"/ghost/api/admin/users/password/","params":{},"headers":{"x-real-ip":"171.224.177.21","host":"192.34.61.231","connection":"close","content-length":"141","user-agent":"Mozilla/5.0 (Macintosh; Intel Mac OS X 10.15; rv:137.0) Gecko/20100101 Firefox/137.0","accept":"*/*","accept-language":"en-US,en;q=0.5","accept-encoding":"gzip, deflate","referer":"http://192.34.61.231/ghost/","app-pragma":"no-cache","x-ghost-version":"5.118","content-type":"application/json","origin":"http://192.34.61.231","cookie":"**REDACTED**","priority":"u=0"},"query":{}},"res":{"_headers":{"x-powered-by":"Express","content-version":"v5.118","vary":"Accept-Version, Origin, Accept-Encoding","cache-control":"no-cache, private, no-store, must-revalidate, max-stale=0, post-check=0, pre-check=0","access-control-allow-origin":"http://192.34.61.231","content-type":"application/json; charset=utf-8","content-length":"59","etag":"W/\"3b-75TVOBAjDlSfOmBsZ0mSQFk4UIA\""},"statusCode":200,"responseTime":"288ms"},"msg":"","time":"2025-05-01T06:50:17.812Z","v":0}
{"name":"Log","hostname":"lina-blog","pid":32635,"level":50,"version":"5.118.1","req":{"meta":{"requestId":"9f7cb9ae-0363-43f2-a107-e4fb5d151b66","userId":"1"},"url":"/users/password/","method":"PUT","originalUrl":"/ghost/api/admin/users/password/","params":{},"headers":{"x-real-ip":"171.224.177.21","host":"192.34.61.231","connection":"close","content-length":"141","user-agent":"Mozilla/5.0 (Macintosh; Intel Mac OS X 10.15; rv:137.0) Gecko/20100101 Firefox/137.0","accept":"*/*","accept-language":"en-US,en;q=0.5","accept-encoding":"gzip, deflate","referer":"http://192.34.61.231/ghost/","app-pragma":"no-cache","x-ghost-version":"5.118","content-type":"application/json","origin":"http://192.34.61.231","cookie":"**REDACTED**","priority":"u=0"},"query":{}},"res":{"_headers":{"x-powered-by":"Express","content-version":"v5.118","vary":"Accept-Version, Origin, Accept-Encoding","cache-control":"no-cache, private, no-store, must-revalidate, max-stale=0, post-check=0, pre-check=0","access-control-allow-origin":"http://192.34.61.231","content-type":"application/json; charset=utf-8","content-length":"321","etag":"W/\"141-TJGScmtEnR8lKlQnbqHSnq11ZLo\""},"statusCode":422,"responseTime":"171ms"},"err":{"id":"8c6e6cf0-2658-11f0-8e00-5b74047255e7","domain":"http://localhost:2368/","code":"PASSWORD_INCORRECT","name":"ValidationError","statusCode":422,"level":"normal","message":"Your password is incorrect.","context":"\"Your password is incorrect.\"","help":"\"Visit and save your profile after logging in to check for problems.\"","stack":"ValidationError: Your password is incorrect.\n    at /home/lina/lina-blog/versions/5.118.1/core/server/models/user.js:1011:39\n    at async Function.changePassword (/home/lina/lina-blog/versions/5.118.1/core/server/models/user.js:1039:13)\n    at async getResponse (/home/lina/lina-blog/versions/5.118.1/node_modules/@tryghost/api-framework/lib/pipeline.js:259:34)\n    at async ImplWrapper (/home/lina/lina-blog/versions/5.118.1/node_modules/@tryghost/api-framework/lib/pipeline.js:264:30)\n    at async Http (/home/lina/lina-blog/versions/5.118.1/node_modules/@tryghost/api-framework/lib/http.js:70:28)","hideStack":false},"msg":"Your password is incorrect.","time":"2025-05-01T06:50:20.357Z","v":0}
{"name":"Log","hostname":"lina-blog","pid":32635,"level":50,"version":"5.118.1","req":{"meta":{"requestId":"2dc72c5b-e163-4ad0-8e00-3eb0fe2e0b2d","userId":"1"},"url":"/users/password/","method":"PUT","originalUrl":"/ghost/api/admin/users/password/","params":{},"headers":{"x-real-ip":"171.224.177.21","host":"192.34.61.231","connection":"close","content-length":"141","user-agent":"Mozilla/5.0 (Macintosh; Intel Mac OS X 10.15; rv:137.0) Gecko/20100101 Firefox/137.0","accept":"*/*","accept-language":"en-US,en;q=0.5","accept-encoding":"gzip, deflate","referer":"http://192.34.61.231/ghost/","app-pragma":"no-cache","x-ghost-version":"5.118","content-type":"application/json","origin":"http://192.34.61.231","cookie":"**REDACTED**","priority":"u=0"},"query":{}},"res":{"_headers":{"x-powered-by":"Express","content-version":"v5.118","vary":"Accept-Version, Origin, Accept-Encoding","cache-control":"no-cache, private, no-store, must-revalidate, max-stale=0, post-check=0, pre-check=0","access-control-allow-origin":"http://192.34.61.231","content-type":"application/json; charset=utf-8","content-length":"321","etag":"W/\"141-cTNwBPQR9xnpMKyXGvzLPa8SMJY\""},"statusCode":422,"responseTime":"166ms"},"err":{"id":"93b31510-2658-11f0-8e00-5b74047255e7","domain":"http://localhost:2368/","code":"PASSWORD_INCORRECT","name":"ValidationError","statusCode":422,"level":"normal","message":"Your password is incorrect.","context":"\"Your password is incorrect.\"","help":"\"Visit and save your profile after logging in to check for problems.\"","stack":"ValidationError: Your password is incorrect.\n    at /home/lina/lina-blog/versions/5.118.1/core/server/models/user.js:1011:39\n    at async Function.changePassword (/home/lina/lina-blog/versions/5.118.1/core/server/models/user.js:1039:13)\n    at async getResponse (/home/lina/lina-blog/versions/5.118.1/node_modules/@tryghost/api-framework/lib/pipeline.js:259:34)\n    at async ImplWrapper (/home/lina/lina-blog/versions/5.118.1/node_modules/@tryghost/api-framework/lib/pipeline.js:264:30)\n    at async Http (/home/lina/lina-blog/versions/5.118.1/node_modules/@tryghost/api-framework/lib/http.js:70:28)","hideStack":false},"msg":"Your password is incorrect.","time":"2025-05-01T06:50:32.550Z","v":0}
{"name":"Log","hostname":"lina-blog","pid":32635,"level":30,"version":"5.118.1","req":{"meta":{"requestId":"95cd33a0-a33c-42d8-922a-a716cfec5de9","userId":"1"},"url":"/users/password/","method":"PUT","originalUrl":"/ghost/api/admin/users/password/","params":{},"headers":{"x-real-ip":"171.224.177.21","host":"192.34.61.231","connection":"close","content-length":"141","user-agent":"Mozilla/5.0 (Macintosh; Intel Mac OS X 10.15; rv:137.0) Gecko/20100101 Firefox/137.0","accept":"*/*","accept-language":"en-US,en;q=0.5","accept-encoding":"gzip, deflate","referer":"http://192.34.61.231/ghost/","app-pragma":"no-cache","x-ghost-version":"5.118","content-type":"application/json","origin":"http://192.34.61.231","cookie":"**REDACTED**","priority":"u=0"},"query":{}},"res":{"_headers":{"x-powered-by":"Express","content-version":"v5.118","vary":"Accept-Version, Origin, Accept-Encoding","cache-control":"no-cache, private, no-store, must-revalidate, max-stale=0, post-check=0, pre-check=0","access-control-allow-origin":"http://192.34.61.231","content-type":"application/json; charset=utf-8","content-length":"59","etag":"W/\"3b-75TVOBAjDlSfOmBsZ0mSQFk4UIA\""},"statusCode":200,"responseTime":"307ms"},"msg":"","time":"2025-05-01T06:50:41.457Z","v":0}
{"name":"Log","hostname":"lina-blog","pid":32635,"level":30,"version":"5.118.1","req":{"meta":{"requestId":"02f60124-d189-4d15-b0f9-94dd16b3859f","userId":"1"},"url":"/users/password/","method":"PUT","originalUrl":"/ghost/api/admin/users/password/","params":{},"headers":{"x-real-ip":"171.224.177.21","host":"192.34.61.231","connection":"close","content-length":"141","user-agent":"Mozilla/5.0 (Macintosh; Intel Mac OS X 10.15; rv:137.0) Gecko/20100101 Firefox/137.0","accept":"*/*","accept-language":"en-US,en;q=0.5","accept-encoding":"gzip, deflate","referer":"http://192.34.61.231/ghost/","app-pragma":"no-cache","x-ghost-version":"5.118","content-type":"application/json","origin":"http://192.34.61.231","cookie":"**REDACTED**","priority":"u=0"},"query":{}},"res":{"_headers":{"x-powered-by":"Express","content-version":"v5.118","vary":"Accept-Version, Origin, Accept-Encoding","cache-control":"no-cache, private, no-store, must-revalidate, max-stale=0, post-check=0, pre-check=0","access-control-allow-origin":"http://192.34.61.231","content-type":"application/json; charset=utf-8","content-length":"59","etag":"W/\"3b-75TVOBAjDlSfOmBsZ0mSQFk4UIA\""},"statusCode":200,"responseTime":"281ms"},"msg":"","time":"2025-05-01T06:50:43.486Z","v":0}
{"name":"Log","hostname":"lina-blog","pid":32635,"level":30,"version":"5.118.1","req":{"meta":{"requestId":"78a0cc4d-edc4-4d20-b34e-4f00d7d8a6e8","userId":"1"},"url":"/members/?order=id&limit=1&page=1&include=newsletters%2Clabels","method":"GET","originalUrl":"/ghost/api/admin/members/?order=id&limit=1&page=1&include=newsletters%2Clabels","params":{},"headers":{"x-real-ip":"171.224.177.21","host":"192.34.61.231","connection":"close","user-agent":"Mozilla/5.0 (Macintosh; Intel Mac OS X 10.15; rv:137.0) Gecko/20100101 Firefox/137.0","accept":"application/json, text/javascript, */*; q=0.01","accept-language":"en-US,en;q=0.5","accept-encoding":"gzip, deflate","content-type":"application/json; charset=UTF-8","x-ghost-version":"5.118","app-pragma":"no-cache","x-requested-with":"XMLHttpRequest","referer":"http://192.34.61.231/ghost/","cookie":"**REDACTED**"},"query":{"order":"id","limit":"1","page":"1","include":"newsletters,labels"}},"res":{"_headers":{"x-powered-by":"Express","content-version":"v5.118","vary":"Accept-Version, Accept-Encoding","cache-control":"no-cache, private, no-store, must-revalidate, max-stale=0, post-check=0, pre-check=0","content-type":"application/json; charset=utf-8","content-length":"101","etag":"W/\"65-f6nBT1UI6bh1EnkUkUhaEXI/ziw\""},"statusCode":200,"responseTime":"25ms"},"msg":"","time":"2025-05-01T06:50:56.204Z","v":0}
{"name":"Log","hostname":"lina-blog","pid":32635,"level":30,"version":"5.118.1","req":{"meta":{"requestId":"56c946ca-bd19-43fc-8c32-386c066c9286","userId":null},"url":"/videos/logo-loader-dark-d15e56e2b5cbcb6a6ac158488c4c6048.mp4","method":"GET","originalUrl":"/ghost/assets/videos/logo-loader-dark-d15e56e2b5cbcb6a6ac158488c4c6048.mp4","params":{},"headers":{"x-real-ip":"171.224.177.21","host":"192.34.61.231","connection":"close","user-agent":"Mozilla/5.0 (Macintosh; Intel Mac OS X 10.15; rv:137.0) Gecko/20100101 Firefox/137.0","accept":"video/webm,video/ogg,video/*;q=0.9,application/ogg;q=0.7,audio/*;q=0.6,*/*;q=0.5","accept-language":"en-US,en;q=0.5","range":"bytes=0-","referer":"http://192.34.61.231/ghost/","cookie":"**REDACTED**","accept-encoding":"identity","priority":"u=4"},"query":{}},"res":{"_headers":{"x-powered-by":"Express","accept-ranges":"bytes","cache-control":"public, max-age=31536000, immutable","last-modified":"Sat, 26 Oct 1985 08:15:00 GMT","etag":"W/\"193ea-7438674ba0\"","content-type":"video/mp4","content-range":"bytes 0-103401/103402","content-length":103402},"statusCode":206,"responseTime":"23ms"},"msg":"","time":"2025-05-01T06:50:59.254Z","v":0}
{"name":"Log","hostname":"lina-blog","pid":32635,"level":30,"version":"5.118.1","req":{"meta":{"requestId":"ab076292-26d2-48ef-a2e6-86aeac0f1e1d","userId":"1"},"url":"/users/1/?include=roles","method":"PUT","originalUrl":"/ghost/api/admin/users/1/?include=roles","params":{"id":"1"},"headers":{"x-real-ip":"171.224.177.21","host":"192.34.61.231","connection":"close","content-length":"912","user-agent":"Mozilla/5.0 (Macintosh; Intel Mac OS X 10.15; rv:137.0) Gecko/20100101 Firefox/137.0","accept":"application/json, text/javascript, */*; q=0.01","accept-language":"en-US,en;q=0.5","accept-encoding":"gzip, deflate","content-type":"application/json; charset=utf-8","x-ghost-version":"5.118","app-pragma":"no-cache","x-requested-with":"XMLHttpRequest","origin":"http://192.34.61.231","referer":"http://192.34.61.231/ghost/","cookie":"**REDACTED**","priority":"u=0"},"query":{"include":"roles"}},"res":{"_headers":{"x-powered-by":"Express","content-version":"v5.118","vary":"Accept-Version, Origin, Accept-Encoding","cache-control":"no-cache, private, no-store, must-revalidate, max-stale=0, post-check=0, pre-check=0","access-control-allow-origin":"http://192.34.61.231","content-type":"application/json; charset=utf-8","etag":"W/\"44b-iISRO5pIAIBkUtDsGQ+CHCwf3Sg\"","content-encoding":"gzip"},"statusCode":200,"responseTime":"119ms"},"msg":"","time":"2025-05-01T06:50:59.305Z","v":0}
{"name":"Log","hostname":"lina-blog","pid":32635,"level":30,"version":"5.118.1","req":{"meta":{"requestId":"f63b6fc2-4e83-441e-b505-4c3ff3e75f14","userId":"1"},"url":"/users/1/?include=roles","method":"PUT","originalUrl":"/ghost/api/admin/users/1/?include=roles","params":{"id":"1"},"headers":{"x-real-ip":"171.224.177.21","host":"192.34.61.231","connection":"close","content-length":"978","user-agent":"Mozilla/5.0 (Macintosh; Intel Mac OS X 10.15; rv:137.0) Gecko/20100101 Firefox/137.0","accept":"application/json, text/javascript, */*; q=0.01","accept-language":"en-US,en;q=0.5","accept-encoding":"gzip, deflate","content-type":"application/json; charset=utf-8","x-ghost-version":"5.118","app-pragma":"no-cache","x-requested-with":"XMLHttpRequest","origin":"http://192.34.61.231","referer":"http://192.34.61.231/ghost/","cookie":"**REDACTED**","priority":"u=0"},"query":{"include":"roles"}},"res":{"_headers":{"x-powered-by":"Express","content-version":"v5.118","vary":"Accept-Version, Origin, Accept-Encoding","cache-control":"no-cache, private, no-store, must-revalidate, max-stale=0, post-check=0, pre-check=0","access-control-allow-origin":"http://192.34.61.231","content-type":"application/json; charset=utf-8","etag":"W/\"48d-Ihdn/GUxZVfCj0WI2R/+on06Nzk\"","content-encoding":"gzip"},"statusCode":200,"responseTime":"83ms"},"msg":"","time":"2025-05-01T06:51:06.519Z","v":0}
{"name":"Log","hostname":"lina-blog","pid":32635,"level":30,"version":"5.118.1","req":{"meta":{"requestId":"ebbd120b-ae55-4008-aca4-1345a9610d4e","userId":"1"},"url":"/session","method":"DELETE","originalUrl":"/ghost/api/admin/session","params":{},"headers":{"x-real-ip":"171.224.177.21","host":"192.34.61.231","connection":"close","user-agent":"Mozilla/5.0 (Macintosh; Intel Mac OS X 10.15; rv:137.0) Gecko/20100101 Firefox/137.0","accept":"application/json, text/javascript, */*; q=0.01","accept-language":"en-US,en;q=0.5","accept-encoding":"gzip, deflate","content-type":"application/json; charset=UTF-8","x-ghost-version":"5.118","app-pragma":"no-cache","x-requested-with":"XMLHttpRequest","origin":"http://192.34.61.231","referer":"http://192.34.61.231/ghost/","cookie":"**REDACTED**","priority":"u=0"},"query":{}},"res":{"_headers":{"x-powered-by":"Express","content-version":"v5.118","vary":"Accept-Version, Origin","cache-control":"no-cache, private, no-store, must-revalidate, max-stale=0, post-check=0, pre-check=0","access-control-allow-origin":"http://192.34.61.231","etag":"W/\"a-bAsFyilMr4Ra1hIU5PyoyFRunpI\"","set-cookie":"**REDACTED**"},"statusCode":204,"responseTime":"22ms"},"msg":"","time":"2025-05-01T06:51:08.182Z","v":0}
{"name":"Log","hostname":"lina-blog","pid":32635,"level":30,"version":"5.118.1","req":{"meta":{"requestId":"ae63953c-87b7-4e8f-90eb-9d9517ec7951","userId":null},"url":"/","method":"GET","originalUrl":"/ghost/","params":{"0":"/"},"headers":{"x-real-ip":"171.224.177.21","host":"192.34.61.231","connection":"close","user-agent":"Mozilla/5.0 (Macintosh; Intel Mac OS X 10.15; rv:137.0) Gecko/20100101 Firefox/137.0","accept":"text/html,application/xhtml+xml,application/xml;q=0.9,*/*;q=0.8","accept-language":"en-US,en;q=0.5","accept-encoding":"gzip, deflate","referer":"http://192.34.61.231/ghost/","cookie":"**REDACTED**","upgrade-insecure-requests":"1","priority":"u=0, i"},"query":{}},"res":{"_headers":{"x-powered-by":"Express","cache-control":"no-cache, private, no-store, must-revalidate, max-stale=0, post-check=0, pre-check=0","etag":"8c670d38001513076d206700c5a5f814","x-frame-options":"sameorigin","accept-ranges":"bytes","last-modified":"Sat, 26 Oct 1985 08:15:00 GMT","content-type":"text/html; charset=UTF-8","vary":"Accept-Encoding","content-encoding":"gzip"},"statusCode":200,"responseTime":"47ms"},"msg":"","time":"2025-05-01T06:51:08.516Z","v":0}
{"name":"Log","hostname":"lina-blog","pid":32635,"level":50,"version":"5.118.1","req":{"meta":{"requestId":"c84a9790-ca37-4594-8e09-2e165aac2092","userId":null},"url":"/users/me/?include=roles","method":"GET","originalUrl":"/ghost/api/admin/users/me/?include=roles","params":{},"headers":{"x-real-ip":"171.224.177.21","host":"192.34.61.231","connection":"close","user-agent":"Mozilla/5.0 (Macintosh; Intel Mac OS X 10.15; rv:137.0) Gecko/20100101 Firefox/137.0","accept":"application/json, text/javascript, */*; q=0.01","accept-language":"en-US,en;q=0.5","accept-encoding":"gzip, deflate","content-type":"application/json; charset=UTF-8","x-ghost-version":"5.118","app-pragma":"no-cache","x-requested-with":"XMLHttpRequest","referer":"http://192.34.61.231/ghost/","cookie":"**REDACTED**"},"query":{"include":"roles"}},"res":{"_headers":{"x-powered-by":"Express","content-version":"v5.118","vary":"Accept-Version, Accept-Encoding","cache-control":"no-cache, private, no-store, must-revalidate, max-stale=0, post-check=0, pre-check=0","content-type":"application/json; charset=utf-8","content-length":"343","etag":"W/\"157-c1btzKZDhYfD4FRJsSCW653PH9c\""},"statusCode":403,"responseTime":"6ms"},"err":{"id":"aa412920-2658-11f0-8e00-5b74047255e7","domain":"http://localhost:2368/","code":null,"name":"NoPermissionError","statusCode":403,"level":"normal","message":"Authorization failed","context":"\"Unable to determine the authenticated user or integration. Check that cookies are being passed through if using session authentication.\"","stack":"NoPermissionError: Authorization failed\n    at authorizeAdminApi (/home/lina/lina-blog/versions/5.118.1/core/server/services/auth/authorize.js:33:25)\n    at Layer.handle [as handle_request] (/home/lina/lina-blog/versions/5.118.1/node_modules/express/lib/router/layer.js:95:5)\n    at next (/home/lina/lina-blog/versions/5.118.1/node_modules/express/lib/router/route.js:149:13)\n    at authenticate (/home/lina/lina-blog/versions/5.118.1/core/server/services/auth/session/middleware.js:55:13)","hideStack":false},"msg":"Authorization failed","time":"2025-05-01T06:51:10.390Z","v":0}
{"name":"Log","hostname":"lina-blog","pid":32635,"level":30,"version":"5.118.1","req":{"meta":{"requestId":"11f5ec61-f446-4aee-834f-685a6089713b","userId":null},"url":"/img/apple-touch-icon-74680e326a7e87b159d366c7d4fb3d4b.png","method":"GET","originalUrl":"/ghost/assets/img/apple-touch-icon-74680e326a7e87b159d366c7d4fb3d4b.png","params":{},"headers":{"x-real-ip":"171.224.177.21","host":"192.34.61.231","connection":"close","user-agent":"Mozilla/5.0 (Macintosh; Intel Mac OS X 10.15; rv:137.0) Gecko/20100101 Firefox/137.0","accept":"image/avif,image/webp,image/png,image/svg+xml,image/*;q=0.8,*/*;q=0.5","accept-language":"en-US,en;q=0.5","accept-encoding":"gzip, deflate","referer":"http://192.34.61.231/ghost/","cookie":"**REDACTED**","priority":"u=6"},"query":{}},"res":{"_headers":{"x-powered-by":"Express","accept-ranges":"bytes","cache-control":"public, max-age=31536000, immutable","last-modified":"Sat, 26 Oct 1985 08:15:00 GMT","etag":"W/\"1302-7438674ba0\"","content-type":"image/png","content-length":4866},"statusCode":200,"responseTime":"2ms"},"msg":"","time":"2025-05-01T06:51:10.485Z","v":0}
{"name":"Log","hostname":"lina-blog","pid":32635,"level":30,"version":"5.118.1","req":{"meta":{"requestId":"dcf93927-4653-4386-a8ab-fc1dc7246443","userId":null},"url":"/site/","method":"GET","originalUrl":"/ghost/api/admin/site/","params":{},"headers":{"x-real-ip":"171.224.177.21","host":"192.34.61.231","connection":"close","user-agent":"Mozilla/5.0 (Macintosh; Intel Mac OS X 10.15; rv:137.0) Gecko/20100101 Firefox/137.0","accept":"application/json, text/javascript, */*; q=0.01","accept-language":"en-US,en;q=0.5","accept-encoding":"gzip, deflate","content-type":"application/json; charset=UTF-8","x-ghost-version":"5.118","app-pragma":"no-cache","x-requested-with":"XMLHttpRequest","referer":"http://192.34.61.231/ghost/","cookie":"**REDACTED**"},"query":{}},"res":{"_headers":{"x-powered-by":"Express","content-version":"v5.118","vary":"Accept-Version, Accept-Encoding","cache-control":"no-cache, private, no-store, must-revalidate, max-stale=0, post-check=0, pre-check=0","content-type":"application/json; charset=utf-8","content-length":"305","etag":"W/\"131-/7wbJh99Obvg8AgBMK/SDtaTWSM\""},"statusCode":200,"responseTime":"3ms"},"msg":"","time":"2025-05-01T06:51:10.664Z","v":0}
{"name":"Log","hostname":"lina-blog","pid":32635,"level":50,"version":"5.118.1","req":{"meta":{"requestId":"219937b3-7882-4dfc-a49d-1a9bc7697725","userId":null},"url":"/users/me/?include=roles","method":"GET","originalUrl":"/ghost/api/admin/users/me/?include=roles","params":{},"headers":{"x-real-ip":"171.224.177.21","host":"192.34.61.231","connection":"close","user-agent":"Mozilla/5.0 (Macintosh; Intel Mac OS X 10.15; rv:137.0) Gecko/20100101 Firefox/137.0","accept":"application/json, text/javascript, */*; q=0.01","accept-language":"en-US,en;q=0.5","accept-encoding":"gzip, deflate","content-type":"application/json; charset=UTF-8","x-ghost-version":"5.118","app-pragma":"no-cache","x-requested-with":"XMLHttpRequest","referer":"http://192.34.61.231/ghost/","cookie":"**REDACTED**"},"query":{"include":"roles"}},"res":{"_headers":{"x-powered-by":"Express","content-version":"v5.118","vary":"Accept-Version, Accept-Encoding","cache-control":"no-cache, private, no-store, must-revalidate, max-stale=0, post-check=0, pre-check=0","content-type":"application/json; charset=utf-8","content-length":"343","etag":"W/\"157-B2V2TAfxEGoOkUqiH8M2nTuHIDI\""},"statusCode":403,"responseTime":"5ms"},"err":{"id":"aa995b40-2658-11f0-8e00-5b74047255e7","domain":"http://localhost:2368/","code":null,"name":"NoPermissionError","statusCode":403,"level":"normal","message":"Authorization failed","context":"\"Unable to determine the authenticated user or integration. Check that cookies are being passed through if using session authentication.\"","stack":"NoPermissionError: Authorization failed\n    at authorizeAdminApi (/home/lina/lina-blog/versions/5.118.1/core/server/services/auth/authorize.js:33:25)\n    at Layer.handle [as handle_request] (/home/lina/lina-blog/versions/5.118.1/node_modules/express/lib/router/layer.js:95:5)\n    at next (/home/lina/lina-blog/versions/5.118.1/node_modules/express/lib/router/route.js:149:13)\n    at authenticate (/home/lina/lina-blog/versions/5.118.1/core/server/services/auth/session/middleware.js:55:13)","hideStack":false},"msg":"Authorization failed","time":"2025-05-01T06:51:10.968Z","v":0}
{"name":"Log","hostname":"lina-blog","pid":32635,"level":30,"version":"5.118.1","req":{"meta":{"requestId":"217be801-bde3-40cf-904d-bf197b6b956d","userId":null},"url":"/site/","method":"GET","originalUrl":"/ghost/api/admin/site/","params":{},"headers":{"x-real-ip":"171.224.177.21","host":"192.34.61.231","connection":"close","user-agent":"Mozilla/5.0 (Macintosh; Intel Mac OS X 10.15; rv:137.0) Gecko/20100101 Firefox/137.0","accept":"application/json, text/javascript, */*; q=0.01","accept-language":"en-US,en;q=0.5","accept-encoding":"gzip, deflate","content-type":"application/json; charset=UTF-8","x-ghost-version":"5.118","app-pragma":"no-cache","x-requested-with":"XMLHttpRequest","referer":"http://192.34.61.231/ghost/","cookie":"**REDACTED**"},"query":{}},"res":{"_headers":{"x-powered-by":"Express","content-version":"v5.118","vary":"Accept-Version, Accept-Encoding","cache-control":"no-cache, private, no-store, must-revalidate, max-stale=0, post-check=0, pre-check=0","content-type":"application/json; charset=utf-8","content-length":"305","etag":"W/\"131-/7wbJh99Obvg8AgBMK/SDtaTWSM\""},"statusCode":200,"responseTime":"3ms"},"msg":"","time":"2025-05-01T06:51:11.248Z","v":0}
{"name":"Log","hostname":"lina-blog","pid":32635,"level":30,"version":"5.118.1","req":{"meta":{"requestId":"9aad39ef-7d24-4684-98ad-acd36def1f1a","userId":null},"url":"/authentication/setup/","method":"GET","originalUrl":"/ghost/api/admin/authentication/setup/","params":{},"headers":{"x-real-ip":"171.224.177.21","host":"192.34.61.231","connection":"close","user-agent":"Mozilla/5.0 (Macintosh; Intel Mac OS X 10.15; rv:137.0) Gecko/20100101 Firefox/137.0","accept":"application/json, text/javascript, */*; q=0.01","accept-language":"en-US,en;q=0.5","accept-encoding":"gzip, deflate","content-type":"application/json; charset=UTF-8","x-ghost-version":"5.118","app-pragma":"no-cache","x-requested-with":"XMLHttpRequest","referer":"http://192.34.61.231/ghost/","cookie":"**REDACTED**"},"query":{}},"res":{"_headers":{"x-powered-by":"Express","content-version":"v5.118","vary":"Accept-Version, Accept-Encoding","cache-control":"no-cache, private, no-store, must-revalidate, max-stale=0, post-check=0, pre-check=0","content-type":"application/json; charset=utf-8","content-length":"27","etag":"W/\"1b-06ef8FdrIIahUXEQyo6H3V0+dJg\""},"statusCode":200,"responseTime":"10ms"},"msg":"","time":"2025-05-01T06:51:12.047Z","v":0}
{"name":"Log","hostname":"lina-blog","pid":32635,"level":50,"version":"5.118.1","req":{"meta":{"requestId":"f071335f-3bbd-42eb-bca1-b45eb424dbb1","userId":null},"url":"/session","method":"POST","originalUrl":"/ghost/api/admin/session","params":{},"headers":{"x-real-ip":"171.224.177.21","host":"192.34.61.231","connection":"close","content-length":"68","user-agent":"Mozilla/5.0 (Macintosh; Intel Mac OS X 10.15; rv:137.0) Gecko/20100101 Firefox/137.0","accept":"text/plain, */*; q=0.01","accept-language":"en-US,en;q=0.5","accept-encoding":"gzip, deflate","content-type":"application/json;charset=utf-8","x-ghost-version":"5.118","app-pragma":"no-cache","x-requested-with":"XMLHttpRequest","origin":"http://192.34.61.231","referer":"http://192.34.61.231/ghost/","cookie":"**REDACTED**","priority":"u=0"},"query":{}},"res":{"_headers":{"x-powered-by":"Express","content-version":"v5.118","vary":"Accept-Version, Origin, Accept-Encoding","cache-control":"no-cache, private, no-store, must-revalidate, max-stale=0, post-check=0, pre-check=0","access-control-allow-origin":"http://192.34.61.231","content-type":"application/json; charset=utf-8","content-length":"321","etag":"W/\"141-z+qO3VKyA74XRX1aLnesl+TxXUg\""},"statusCode":422,"responseTime":"133ms"},"err":{"id":"aded6840-2658-11f0-8e00-5b74047255e7","domain":"http://localhost:2368/","code":"PASSWORD_INCORRECT","name":"ValidationError","statusCode":422,"level":"normal","message":"Your password is incorrect.","context":"\"Your password is incorrect.\"","help":"\"Visit and save your profile after logging in to check for problems.\"","stack":"ValidationError: Your password is incorrect.\n    at /home/lina/lina-blog/versions/5.118.1/core/server/models/user.js:1011:39","hideStack":false},"msg":"Your password is incorrect.","time":"2025-05-01T06:51:16.551Z","v":0}
{"name":"Log","hostname":"lina-blog","pid":32635,"level":50,"version":"5.118.1","req":{"meta":{"requestId":"ed490e4d-320b-4071-9619-54145629848e","userId":null},"url":"/session","method":"POST","originalUrl":"/ghost/api/admin/session","params":{},"headers":{"x-real-ip":"171.224.177.21","host":"192.34.61.231","connection":"close","content-length":"68","user-agent":"Mozilla/5.0 (Macintosh; Intel Mac OS X 10.15; rv:137.0) Gecko/20100101 Firefox/137.0","accept":"text/plain, */*; q=0.01","accept-language":"en-US,en;q=0.5","accept-encoding":"gzip, deflate","content-type":"application/json;charset=utf-8","x-ghost-version":"5.118","app-pragma":"no-cache","x-requested-with":"XMLHttpRequest","origin":"http://192.34.61.231","referer":"http://192.34.61.231/ghost/","cookie":"**REDACTED**","priority":"u=0"},"query":{}},"res":{"_headers":{"x-powered-by":"Express","content-version":"v5.118","vary":"Accept-Version, Origin, Accept-Encoding","cache-control":"no-cache, private, no-store, must-revalidate, max-stale=0, post-check=0, pre-check=0","access-control-allow-origin":"http://192.34.61.231","content-type":"application/json; charset=utf-8","content-length":"321","etag":"W/\"141-HrzvwUnCACr68BGn5tOh3iuQE50\""},"statusCode":422,"responseTime":"145ms"},"err":{"id":"b3c7aaf0-2658-11f0-8e00-5b74047255e7","domain":"http://localhost:2368/","code":"PASSWORD_INCORRECT","name":"ValidationError","statusCode":422,"level":"normal","message":"Your password is incorrect.","context":"\"Your password is incorrect.\"","help":"\"Visit and save your profile after logging in to check for problems.\"","stack":"ValidationError: Your password is incorrect.\n    at /home/lina/lina-blog/versions/5.118.1/core/server/models/user.js:1011:39","hideStack":false},"msg":"Your password is incorrect.","time":"2025-05-01T06:51:26.371Z","v":0}
{"name":"Log","hostname":"lina-blog","pid":32635,"level":30,"version":"5.118.1","req":{"meta":{"requestId":"d2bade20-b62e-4a22-b198-82dd11bad449","userId":"1"},"url":"/session","method":"POST","originalUrl":"/ghost/api/admin/session","params":{},"headers":{"x-real-ip":"171.224.177.21","host":"192.34.61.231","connection":"close","content-length":"68","user-agent":"Mozilla/5.0 (Macintosh; Intel Mac OS X 10.15; rv:137.0) Gecko/20100101 Firefox/137.0","accept":"text/plain, */*; q=0.01","accept-language":"en-US,en;q=0.5","accept-encoding":"gzip, deflate","content-type":"application/json;charset=utf-8","x-ghost-version":"5.118","app-pragma":"no-cache","x-requested-with":"XMLHttpRequest","origin":"http://192.34.61.231","referer":"http://192.34.61.231/ghost/","cookie":"**REDACTED**","priority":"u=0"},"query":{}},"res":{"_headers":{"x-powered-by":"Express","content-version":"v5.118","vary":"Accept-Version, Origin, Accept-Encoding","cache-control":"no-cache, private, no-store, must-revalidate, max-stale=0, post-check=0, pre-check=0","access-control-allow-origin":"http://192.34.61.231","content-type":"text/plain; charset=utf-8","content-length":"7","etag":"W/\"7-rM9AyJuqT6iOan/xHh+AW+7K/T8\"","set-cookie":"**REDACTED**"},"statusCode":201,"responseTime":"189ms"},"msg":"","time":"2025-05-01T06:51:46.550Z","v":0}
{"name":"Log","hostname":"lina-blog","pid":32635,"level":30,"version":"5.118.1","req":{"meta":{"requestId":"8a46b106-1d3f-4c66-a35c-ff74bc30ff20","userId":"1"},"url":"/users/me/?include=roles","method":"GET","originalUrl":"/ghost/api/admin/users/me/?include=roles","params":{"id":"me"},"headers":{"x-real-ip":"171.224.177.21","host":"192.34.61.231","connection":"close","user-agent":"Mozilla/5.0 (Macintosh; Intel Mac OS X 10.15; rv:137.0) Gecko/20100101 Firefox/137.0","accept":"application/json, text/javascript, */*; q=0.01","accept-language":"en-US,en;q=0.5","accept-encoding":"gzip, deflate","content-type":"application/json; charset=UTF-8","x-ghost-version":"5.118","app-pragma":"no-cache","x-requested-with":"XMLHttpRequest","referer":"http://192.34.61.231/ghost/","cookie":"**REDACTED**"},"query":{"include":"roles"}},"res":{"_headers":{"x-powered-by":"Express","content-version":"v5.118","vary":"Accept-Version, Accept-Encoding","cache-control":"no-cache, private, no-store, must-revalidate, max-stale=0, post-check=0, pre-check=0","content-type":"application/json; charset=utf-8","etag":"W/\"48d-iFK+dpH44BA61YoxrcD3nTgge7A\"","content-encoding":"gzip"},"statusCode":200,"responseTime":"36ms"},"msg":"","time":"2025-05-01T06:51:46.866Z","v":0}
{"name":"Log","hostname":"lina-blog","pid":32635,"level":30,"version":"5.118.1","req":{"meta":{"requestId":"fd1166d2-6901-4289-bc85-ae3d806f0698","userId":"1"},"url":"/config/","method":"GET","originalUrl":"/ghost/api/admin/config/","params":{},"headers":{"x-real-ip":"171.224.177.21","host":"192.34.61.231","connection":"close","user-agent":"Mozilla/5.0 (Macintosh; Intel Mac OS X 10.15; rv:137.0) Gecko/20100101 Firefox/137.0","accept":"application/json, text/javascript, */*; q=0.01","accept-language":"en-US,en;q=0.5","accept-encoding":"gzip, deflate","content-type":"application/json; charset=UTF-8","x-ghost-version":"5.118","app-pragma":"no-cache","x-requested-with":"XMLHttpRequest","referer":"http://192.34.61.231/ghost/","cookie":"**REDACTED**"},"query":{}},"res":{"_headers":{"x-powered-by":"Express","content-version":"v5.118","vary":"Accept-Version, Accept-Encoding","cache-control":"no-cache, private, no-store, must-revalidate, max-stale=0, post-check=0, pre-check=0","content-type":"application/json; charset=utf-8","content-length":"612","etag":"W/\"264-4KQ3xYd3/olOYOTs2FmeiatqBvM\""},"statusCode":200,"responseTime":"12ms"},"msg":"","time":"2025-05-01T06:51:47.164Z","v":0}
{"name":"Log","hostname":"lina-blog","pid":32635,"level":30,"version":"5.118.1","req":{"meta":{"requestId":"5ac7baba-c92c-44ea-8366-8648558d30e4","userId":"1"},"url":"/settings/?group=site%2Ctheme%2Cprivate%2Cmembers%2Cportal%2Cnewsletter%2Cemail%2Camp%2Clabs%2Cslack%2Cunsplash%2Cviews%2Cfirstpromoter%2Ceditor%2Ccomments%2Canalytics%2Cannouncement%2Cpintura%2Cdonations%2Crecommendations%2Csecurity","method":"GET","originalUrl":"/ghost/api/admin/settings/?group=site%2Ctheme%2Cprivate%2Cmembers%2Cportal%2Cnewsletter%2Cemail%2Camp%2Clabs%2Cslack%2Cunsplash%2Cviews%2Cfirstpromoter%2Ceditor%2Ccomments%2Canalytics%2Cannouncement%2Cpintura%2Cdonations%2Crecommendations%2Csecurity","params":{},"headers":{"x-real-ip":"171.224.177.21","host":"192.34.61.231","connection":"close","user-agent":"Mozilla/5.0 (Macintosh; Intel Mac OS X 10.15; rv:137.0) Gecko/20100101 Firefox/137.0","accept":"application/json, text/javascript, */*; q=0.01","accept-language":"en-US,en;q=0.5","accept-encoding":"gzip, deflate","content-type":"application/json; charset=UTF-8","x-ghost-version":"5.118","app-pragma":"no-cache","x-requested-with":"XMLHttpRequest","referer":"http://192.34.61.231/ghost/","cookie":"**REDACTED**"},"query":{"group":"site,theme,private,members,portal,newsletter,email,amp,labs,slack,unsplash,views,firstpromoter,editor,comments,analytics,announcement,pintura,donations,recommendations,security"}},"res":{"_headers":{"x-powered-by":"Express","content-version":"v5.118","vary":"Accept-Version, Accept-Encoding","cache-control":"no-cache, private, no-store, must-revalidate, max-stale=0, post-check=0, pre-check=0","content-type":"application/json; charset=utf-8","etag":"W/\"11a2-8kEbYgPSznIPYavjhq4x9l7n4Zc\"","content-encoding":"gzip"},"statusCode":200,"responseTime":"56ms"},"msg":"","time":"2025-05-01T06:51:47.473Z","v":0}
{"name":"Log","hostname":"lina-blog","pid":32635,"level":30,"version":"5.118.1","req":{"meta":{"requestId":"3d8e634e-2c94-4377-b645-629bfc073368","userId":"1"},"url":"/tiers/?filter=type%3Apaid%2Bactive%3Atrue&limit=all","method":"GET","originalUrl":"/ghost/api/admin/tiers/?filter=type%3Apaid%2Bactive%3Atrue&limit=all","params":{},"headers":{"x-real-ip":"171.224.177.21","host":"192.34.61.231","connection":"close","user-agent":"Mozilla/5.0 (Macintosh; Intel Mac OS X 10.15; rv:137.0) Gecko/20100101 Firefox/137.0","accept":"application/json, text/javascript, */*; q=0.01","accept-language":"en-US,en;q=0.5","accept-encoding":"gzip, deflate","content-type":"application/json; charset=UTF-8","x-ghost-version":"5.118","app-pragma":"no-cache","x-requested-with":"XMLHttpRequest","referer":"http://192.34.61.231/ghost/","cookie":"**REDACTED**"},"query":{"filter":"type:paid+active:true","limit":"all"}},"res":{"_headers":{"x-powered-by":"Express","content-version":"v5.118","vary":"Accept-Version, Accept-Encoding","cache-control":"no-cache, private, no-store, must-revalidate, max-stale=0, post-check=0, pre-check=0","content-type":"application/json; charset=utf-8","content-length":"447","etag":"W/\"1bf-nuGIF4JdWFzP+P7+0PPWMPYy8Jg\""},"statusCode":200,"responseTime":"52ms"},"msg":"","time":"2025-05-01T06:51:47.478Z","v":0}
{"name":"Log","hostname":"lina-blog","pid":32635,"level":30,"version":"5.118.1","req":{"meta":{"requestId":"395b3276-4a02-4383-a581-4034cb9a02e7","userId":"1"},"url":"/session","method":"POST","originalUrl":"/ghost/api/admin/session","params":{},"headers":{"x-real-ip":"171.224.177.21","host":"192.34.61.231","connection":"close","content-length":"68","user-agent":"Mozilla/5.0 (Macintosh; Intel Mac OS X 10.15; rv:137.0) Gecko/20100101 Firefox/137.0","accept":"text/plain, */*; q=0.01","accept-language":"en-US,en;q=0.5","accept-encoding":"gzip, deflate","content-type":"application/json;charset=utf-8","x-ghost-version":"5.118","app-pragma":"no-cache","x-requested-with":"XMLHttpRequest","origin":"http://192.34.61.231","referer":"http://192.34.61.231/ghost/","cookie":"**REDACTED**","priority":"u=0"},"query":{}},"res":{"_headers":{"x-powered-by":"Express","content-version":"v5.118","vary":"Accept-Version, Origin, Accept-Encoding","cache-control":"no-cache, private, no-store, must-revalidate, max-stale=0, post-check=0, pre-check=0","access-control-allow-origin":"http://192.34.61.231","content-type":"text/plain; charset=utf-8","content-length":"7","etag":"W/\"7-rM9AyJuqT6iOan/xHh+AW+7K/T8\""},"statusCode":201,"responseTime":"158ms"},"msg":"","time":"2025-05-01T06:51:47.692Z","v":0}
{"name":"Log","hostname":"lina-blog","pid":32635,"level":30,"version":"5.118.1","req":{"meta":{"requestId":"1c776df4-cab4-44ab-9a53-9281e3a8199a","userId":"1"},"url":"/themes/active/","method":"GET","originalUrl":"/ghost/api/admin/themes/active/","params":{},"headers":{"x-real-ip":"171.224.177.21","host":"192.34.61.231","connection":"close","user-agent":"Mozilla/5.0 (Macintosh; Intel Mac OS X 10.15; rv:137.0) Gecko/20100101 Firefox/137.0","accept":"application/json, text/javascript, */*; q=0.01","accept-language":"en-US,en;q=0.5","accept-encoding":"gzip, deflate","content-type":"application/json; charset=UTF-8","x-ghost-version":"5.118","app-pragma":"no-cache","x-requested-with":"XMLHttpRequest","referer":"http://192.34.61.231/ghost/","cookie":"**REDACTED**"},"query":{}},"res":{"_headers":{"x-powered-by":"Express","content-version":"v5.118","vary":"Accept-Version, Accept-Encoding","cache-control":"no-cache, private, no-store, must-revalidate, max-stale=0, post-check=0, pre-check=0","content-type":"application/json; charset=utf-8","etag":"W/\"e93-rJ65zfyElQqbqi/vH2pWLKGkojE\"","content-encoding":"gzip"},"statusCode":200,"responseTime":"76ms"},"msg":"","time":"2025-05-01T06:51:47.828Z","v":0}
{"name":"Log","hostname":"lina-blog","pid":32635,"level":30,"version":"5.118.1","req":{"meta":{"requestId":"f8d69f27-2e3b-4017-bf51-ee67401bffb7","userId":"1"},"url":"/notifications/","method":"GET","originalUrl":"/ghost/api/admin/notifications/","params":{},"headers":{"x-real-ip":"171.224.177.21","host":"192.34.61.231","connection":"close","user-agent":"Mozilla/5.0 (Macintosh; Intel Mac OS X 10.15; rv:137.0) Gecko/20100101 Firefox/137.0","accept":"application/json, text/javascript, */*; q=0.01","accept-language":"en-US,en;q=0.5","accept-encoding":"gzip, deflate","content-type":"application/json; charset=UTF-8","x-ghost-version":"5.118","app-pragma":"no-cache","x-requested-with":"XMLHttpRequest","referer":"http://192.34.61.231/ghost/","cookie":"**REDACTED**"},"query":{}},"res":{"_headers":{"x-powered-by":"Express","content-version":"v5.118","vary":"Accept-Version, Accept-Encoding","cache-control":"no-cache, private, no-store, must-revalidate, max-stale=0, post-check=0, pre-check=0","content-type":"application/json; charset=utf-8","content-length":"243","etag":"W/\"f3-Hq4pWdKFDz+2mCCeWQSp6UcdYw8\""},"statusCode":200,"responseTime":"83ms"},"msg":"","time":"2025-05-01T06:51:47.844Z","v":0}
{"name":"Log","hostname":"lina-blog","pid":32635,"level":30,"version":"5.118.1","req":{"meta":{"requestId":"3b7d1c0b-d8f6-4572-8414-a032fd92e703","userId":"1"},"url":"/members/?order=id&limit=1&page=1&include=newsletters%2Clabels","method":"GET","originalUrl":"/ghost/api/admin/members/?order=id&limit=1&page=1&include=newsletters%2Clabels","params":{},"headers":{"x-real-ip":"171.224.177.21","host":"192.34.61.231","connection":"close","user-agent":"Mozilla/5.0 (Macintosh; Intel Mac OS X 10.15; rv:137.0) Gecko/20100101 Firefox/137.0","accept":"application/json, text/javascript, */*; q=0.01","accept-language":"en-US,en;q=0.5","accept-encoding":"gzip, deflate","content-type":"application/json; charset=UTF-8","x-ghost-version":"5.118","app-pragma":"no-cache","x-requested-with":"XMLHttpRequest","referer":"http://192.34.61.231/ghost/","cookie":"**REDACTED**"},"query":{"order":"id","limit":"1","page":"1","include":"newsletters,labels"}},"res":{"_headers":{"x-powered-by":"Express","content-version":"v5.118","vary":"Accept-Version, Accept-Encoding","cache-control":"no-cache, private, no-store, must-revalidate, max-stale=0, post-check=0, pre-check=0","content-type":"application/json; charset=utf-8","content-length":"101","etag":"W/\"65-f6nBT1UI6bh1EnkUkUhaEXI/ziw\""},"statusCode":200,"responseTime":"44ms"},"msg":"","time":"2025-05-01T06:51:47.875Z","v":0}
{"name":"Log","hostname":"lina-blog","pid":32635,"level":30,"version":"5.118.1","req":{"meta":{"requestId":"eebdccbb-d3b4-47b4-91c2-a60bd893656a","userId":"1"},"url":"/tags/?limit=all&include=count.posts","method":"GET","originalUrl":"/ghost/api/admin/tags/?limit=all&include=count.posts","params":{},"headers":{"x-real-ip":"171.224.177.21","host":"192.34.61.231","connection":"close","user-agent":"Mozilla/5.0 (Macintosh; Intel Mac OS X 10.15; rv:137.0) Gecko/20100101 Firefox/137.0","accept":"application/json, text/javascript, */*; q=0.01","accept-language":"en-US,en;q=0.5","accept-encoding":"gzip, deflate","content-type":"application/json; charset=UTF-8","x-ghost-version":"5.118","app-pragma":"no-cache","x-requested-with":"XMLHttpRequest","referer":"http://192.34.61.231/ghost/","cookie":"**REDACTED**","priority":"u=0"},"query":{"limit":"all","include":"count.posts"}},"res":{"_headers":{"x-powered-by":"Express","content-version":"v5.118","vary":"Accept-Version, Accept-Encoding","cache-control":"no-cache, private, no-store, must-revalidate, max-stale=0, post-check=0, pre-check=0","content-type":"application/json; charset=utf-8","content-length":"623","etag":"W/\"26f-8BtZKYj0terKIaiifiwc+O3I1O4\""},"statusCode":200,"responseTime":"30ms"},"msg":"","time":"2025-05-01T06:51:54.603Z","v":0}
{"name":"Log","hostname":"lina-blog","pid":32635,"level":30,"version":"5.118.1","req":{"meta":{"requestId":"77d4057f-981d-43f3-9297-2d6e6eecedaf","userId":"1"},"url":"/pages/?formats=mobiledoc%2Clexical&limit=30&page=1&allFilter=status%3A%5Bdraft%2Cscheduled%2Cpublished%2Csent%5D&order=published_at%20desc&filter=status%3Ascheduled","method":"GET","originalUrl":"/ghost/api/admin/pages/?formats=mobiledoc%2Clexical&limit=30&page=1&allFilter=status%3A%5Bdraft%2Cscheduled%2Cpublished%2Csent%5D&order=published_at%20desc&filter=status%3Ascheduled","params":{},"headers":{"x-real-ip":"171.224.177.21","host":"192.34.61.231","connection":"close","user-agent":"Mozilla/5.0 (Macintosh; Intel Mac OS X 10.15; rv:137.0) Gecko/20100101 Firefox/137.0","accept":"application/json, text/javascript, */*; q=0.01","accept-language":"en-US,en;q=0.5","accept-encoding":"gzip, deflate","content-type":"application/json; charset=UTF-8","x-ghost-version":"5.118","app-pragma":"no-cache","x-requested-with":"XMLHttpRequest","referer":"http://192.34.61.231/ghost/","cookie":"**REDACTED**","priority":"u=0"},"query":{"formats":"mobiledoc,lexical","limit":"30","page":"1","allFilter":"status:[draft,scheduled,published,sent]","order":"published_at desc","filter":"status:scheduled"}},"res":{"_headers":{"x-powered-by":"Express","content-version":"v5.118","vary":"Accept-Version, Accept-Encoding","cache-control":"no-cache, private, no-store, must-revalidate, max-stale=0, post-check=0, pre-check=0","content-type":"application/json; charset=utf-8","content-length":"100","etag":"W/\"64-Sob9W3UE22w25wetuyhNCQVZMNI\""},"statusCode":200,"responseTime":"221ms"},"msg":"","time":"2025-05-01T06:51:56.519Z","v":0}
{"name":"Log","hostname":"lina-blog","pid":32635,"level":30,"version":"5.118.1","req":{"meta":{"requestId":"4381467f-ed60-41c8-b939-654d6eb3cd86","userId":"1"},"url":"/pages/?formats=mobiledoc%2Clexical&limit=30&page=1&allFilter=status%3A%5Bdraft%2Cscheduled%2Cpublished%2Csent%5D&order=updated_at%20desc&filter=status%3Adraft","method":"GET","originalUrl":"/ghost/api/admin/pages/?formats=mobiledoc%2Clexical&limit=30&page=1&allFilter=status%3A%5Bdraft%2Cscheduled%2Cpublished%2Csent%5D&order=updated_at%20desc&filter=status%3Adraft","params":{},"headers":{"x-real-ip":"171.224.177.21","host":"192.34.61.231","connection":"close","user-agent":"Mozilla/5.0 (Macintosh; Intel Mac OS X 10.15; rv:137.0) Gecko/20100101 Firefox/137.0","accept":"application/json, text/javascript, */*; q=0.01","accept-language":"en-US,en;q=0.5","accept-encoding":"gzip, deflate","content-type":"application/json; charset=UTF-8","x-ghost-version":"5.118","app-pragma":"no-cache","x-requested-with":"XMLHttpRequest","referer":"http://192.34.61.231/ghost/","cookie":"**REDACTED**","priority":"u=0"},"query":{"formats":"mobiledoc,lexical","limit":"30","page":"1","allFilter":"status:[draft,scheduled,published,sent]","order":"updated_at desc","filter":"status:draft"}},"res":{"_headers":{"x-powered-by":"Express","content-version":"v5.118","vary":"Accept-Version, Accept-Encoding","cache-control":"no-cache, private, no-store, must-revalidate, max-stale=0, post-check=0, pre-check=0","content-type":"application/json; charset=utf-8","content-length":"100","etag":"W/\"64-Sob9W3UE22w25wetuyhNCQVZMNI\""},"statusCode":200,"responseTime":"247ms"},"msg":"","time":"2025-05-01T06:51:56.540Z","v":0}
{"name":"Log","hostname":"lina-blog","pid":32635,"level":30,"version":"5.118.1","req":{"meta":{"requestId":"01db0bb3-1aec-40f5-b111-c7fbf505d283","userId":"1"},"url":"/pages/?formats=mobiledoc%2Clexical&limit=30&page=1&allFilter=status%3A%5Bdraft%2Cscheduled%2Cpublished%2Csent%5D&order=published_at%20desc&filter=status%3A%5Bpublished%2Csent%5D","method":"GET","originalUrl":"/ghost/api/admin/pages/?formats=mobiledoc%2Clexical&limit=30&page=1&allFilter=status%3A%5Bdraft%2Cscheduled%2Cpublished%2Csent%5D&order=published_at%20desc&filter=status%3A%5Bpublished%2Csent%5D","params":{},"headers":{"x-real-ip":"171.224.177.21","host":"192.34.61.231","connection":"close","user-agent":"Mozilla/5.0 (Macintosh; Intel Mac OS X 10.15; rv:137.0) Gecko/20100101 Firefox/137.0","accept":"application/json, text/javascript, */*; q=0.01","accept-language":"en-US,en;q=0.5","accept-encoding":"gzip, deflate","content-type":"application/json; charset=UTF-8","x-ghost-version":"5.118","app-pragma":"no-cache","x-requested-with":"XMLHttpRequest","referer":"http://192.34.61.231/ghost/","cookie":"**REDACTED**","priority":"u=0"},"query":{"formats":"mobiledoc,lexical","limit":"30","page":"1","allFilter":"status:[draft,scheduled,published,sent]","order":"published_at desc","filter":"status:[published,sent]"}},"res":{"_headers":{"x-powered-by":"Express","content-version":"v5.118","vary":"Accept-Version, Accept-Encoding","cache-control":"no-cache, private, no-store, must-revalidate, max-stale=0, post-check=0, pre-check=0","content-type":"application/json; charset=utf-8","etag":"W/\"1785-G9ewgFnEmSnpVuR5evui+aOQ/p8\"","content-encoding":"gzip"},"statusCode":200,"responseTime":"252ms"},"msg":"","time":"2025-05-01T06:51:56.550Z","v":0}
{"name":"Log","hostname":"lina-blog","pid":32635,"level":30,"version":"5.118.1","req":{"meta":{"requestId":"02701000-c873-40ea-ac5e-464ee4ef6f7e","userId":"1"},"url":"/tags/?limit=all","method":"GET","originalUrl":"/ghost/api/admin/tags/?limit=all","params":{},"headers":{"x-real-ip":"171.224.177.21","host":"192.34.61.231","connection":"close","user-agent":"Mozilla/5.0 (Macintosh; Intel Mac OS X 10.15; rv:137.0) Gecko/20100101 Firefox/137.0","accept":"application/json, text/javascript, */*; q=0.01","accept-language":"en-US,en;q=0.5","accept-encoding":"gzip, deflate","content-type":"application/json; charset=UTF-8","x-ghost-version":"5.118","app-pragma":"no-cache","x-requested-with":"XMLHttpRequest","referer":"http://192.34.61.231/ghost/","cookie":"**REDACTED**"},"query":{"limit":"all"}},"res":{"_headers":{"x-powered-by":"Express","content-version":"v5.118","vary":"Accept-Version, Accept-Encoding","cache-control":"no-cache, private, no-store, must-revalidate, max-stale=0, post-check=0, pre-check=0","content-type":"application/json; charset=utf-8","content-length":"603","etag":"W/\"25b-oR2aYP1KT+e+boh60pAvGR1hsUk\""},"statusCode":200,"responseTime":"77ms"},"msg":"","time":"2025-05-01T06:51:56.934Z","v":0}
{"name":"Log","hostname":"lina-blog","pid":32635,"level":30,"version":"5.118.1","req":{"meta":{"requestId":"a28d0fb6-3504-477c-94f5-e66af04e43b7","userId":"1"},"url":"/users/?limit=all&include=roles","method":"GET","originalUrl":"/ghost/api/admin/users/?limit=all&include=roles","params":{},"headers":{"x-real-ip":"171.224.177.21","host":"192.34.61.231","connection":"close","user-agent":"Mozilla/5.0 (Macintosh; Intel Mac OS X 10.15; rv:137.0) Gecko/20100101 Firefox/137.0","accept":"application/json, text/javascript, */*; q=0.01","accept-language":"en-US,en;q=0.5","accept-encoding":"gzip, deflate","content-type":"application/json; charset=UTF-8","x-ghost-version":"5.118","app-pragma":"no-cache","x-requested-with":"XMLHttpRequest","referer":"http://192.34.61.231/ghost/","cookie":"**REDACTED**"},"query":{"limit":"all","include":"roles"}},"res":{"_headers":{"x-powered-by":"Express","content-version":"v5.118","vary":"Accept-Version, Accept-Encoding","cache-control":"no-cache, private, no-store, must-revalidate, max-stale=0, post-check=0, pre-check=0","content-type":"application/json; charset=utf-8","etag":"W/\"4e8-1a8/qdZQQYGy9U7b0ULXPvclnzo\"","content-encoding":"gzip"},"statusCode":200,"responseTime":"84ms"},"msg":"","time":"2025-05-01T06:51:56.945Z","v":0}
{"name":"Log","hostname":"lina-blog","pid":32635,"level":30,"version":"5.118.1","req":{"meta":{"requestId":"29ef4705-2a84-4f7b-a600-6696b67166fc","userId":"1"},"url":"/posts/?formats=mobiledoc%2Clexical&limit=30&page=1&allFilter=status%3A%5Bdraft%2Cscheduled%2Cpublished%2Csent%5D&order=published_at%20desc&filter=status%3Ascheduled","method":"GET","originalUrl":"/ghost/api/admin/posts/?formats=mobiledoc%2Clexical&limit=30&page=1&allFilter=status%3A%5Bdraft%2Cscheduled%2Cpublished%2Csent%5D&order=published_at%20desc&filter=status%3Ascheduled","params":{},"headers":{"x-real-ip":"171.224.177.21","host":"192.34.61.231","connection":"close","user-agent":"Mozilla/5.0 (Macintosh; Intel Mac OS X 10.15; rv:137.0) Gecko/20100101 Firefox/137.0","accept":"application/json, text/javascript, */*; q=0.01","accept-language":"en-US,en;q=0.5","accept-encoding":"gzip, deflate","content-type":"application/json; charset=UTF-8","x-ghost-version":"5.118","app-pragma":"no-cache","x-requested-with":"XMLHttpRequest","referer":"http://192.34.61.231/ghost/","cookie":"**REDACTED**","priority":"u=0"},"query":{"formats":"mobiledoc,lexical","limit":"30","page":"1","allFilter":"status:[draft,scheduled,published,sent]","order":"published_at desc","filter":"status:scheduled"}},"res":{"_headers":{"x-powered-by":"Express","content-version":"v5.118","vary":"Accept-Version, Accept-Encoding","cache-control":"no-cache, private, no-store, must-revalidate, max-stale=0, post-check=0, pre-check=0","content-type":"application/json; charset=utf-8","content-length":"100","etag":"W/\"64-LHOPE4eAetLKcAFGzaqV/r6lmZI\""},"statusCode":200,"responseTime":"88ms"},"msg":"","time":"2025-05-01T06:52:00.497Z","v":0}
{"name":"Log","hostname":"lina-blog","pid":32635,"level":30,"version":"5.118.1","req":{"meta":{"requestId":"bbd04977-d92b-4d86-959c-c80843c562ac","userId":"1"},"url":"/posts/?formats=mobiledoc%2Clexical&limit=30&page=1&allFilter=status%3A%5Bdraft%2Cscheduled%2Cpublished%2Csent%5D&order=updated_at%20desc&filter=status%3Adraft","method":"GET","originalUrl":"/ghost/api/admin/posts/?formats=mobiledoc%2Clexical&limit=30&page=1&allFilter=status%3A%5Bdraft%2Cscheduled%2Cpublished%2Csent%5D&order=updated_at%20desc&filter=status%3Adraft","params":{},"headers":{"x-real-ip":"171.224.177.21","host":"192.34.61.231","connection":"close","user-agent":"Mozilla/5.0 (Macintosh; Intel Mac OS X 10.15; rv:137.0) Gecko/20100101 Firefox/137.0","accept":"application/json, text/javascript, */*; q=0.01","accept-language":"en-US,en;q=0.5","accept-encoding":"gzip, deflate","content-type":"application/json; charset=UTF-8","x-ghost-version":"5.118","app-pragma":"no-cache","x-requested-with":"XMLHttpRequest","referer":"http://192.34.61.231/ghost/","cookie":"**REDACTED**","priority":"u=0"},"query":{"formats":"mobiledoc,lexical","limit":"30","page":"1","allFilter":"status:[draft,scheduled,published,sent]","order":"updated_at desc","filter":"status:draft"}},"res":{"_headers":{"x-powered-by":"Express","content-version":"v5.118","vary":"Accept-Version, Accept-Encoding","cache-control":"no-cache, private, no-store, must-revalidate, max-stale=0, post-check=0, pre-check=0","content-type":"application/json; charset=utf-8","content-length":"100","etag":"W/\"64-LHOPE4eAetLKcAFGzaqV/r6lmZI\""},"statusCode":200,"responseTime":"92ms"},"msg":"","time":"2025-05-01T06:52:00.509Z","v":0}
{"name":"Log","hostname":"lina-blog","pid":32635,"level":30,"version":"5.118.1","req":{"meta":{"requestId":"0ff77ce4-6e11-4bda-badc-d251e2ce64e1","userId":"1"},"url":"/posts/?formats=mobiledoc%2Clexical&limit=30&page=1&allFilter=status%3A%5Bdraft%2Cscheduled%2Cpublished%2Csent%5D&order=published_at%20desc&filter=status%3A%5Bpublished%2Csent%5D","method":"GET","originalUrl":"/ghost/api/admin/posts/?formats=mobiledoc%2Clexical&limit=30&page=1&allFilter=status%3A%5Bdraft%2Cscheduled%2Cpublished%2Csent%5D&order=published_at%20desc&filter=status%3A%5Bpublished%2Csent%5D","params":{},"headers":{"x-real-ip":"171.224.177.21","host":"192.34.61.231","connection":"close","user-agent":"Mozilla/5.0 (Macintosh; Intel Mac OS X 10.15; rv:137.0) Gecko/20100101 Firefox/137.0","accept":"application/json, text/javascript, */*; q=0.01","accept-language":"en-US,en;q=0.5","accept-encoding":"gzip, deflate","content-type":"application/json; charset=UTF-8","x-ghost-version":"5.118","app-pragma":"no-cache","x-requested-with":"XMLHttpRequest","referer":"http://192.34.61.231/ghost/","cookie":"**REDACTED**","priority":"u=0"},"query":{"formats":"mobiledoc,lexical","limit":"30","page":"1","allFilter":"status:[draft,scheduled,published,sent]","order":"published_at desc","filter":"status:[published,sent]"}},"res":{"_headers":{"x-powered-by":"Express","content-version":"v5.118","vary":"Accept-Version, Accept-Encoding","cache-control":"no-cache, private, no-store, must-revalidate, max-stale=0, post-check=0, pre-check=0","content-type":"application/json; charset=utf-8","etag":"W/\"172f-adraLl67YB0MTPxbB3eqgoPG+XY\"","content-encoding":"gzip"},"statusCode":200,"responseTime":"112ms"},"msg":"","time":"2025-05-01T06:52:00.520Z","v":0}
{"name":"Log","hostname":"lina-blog","pid":32635,"level":30,"version":"5.118.1","req":{"meta":{"requestId":"48825cd2-181a-46a5-a9ec-6005a13bcc36","userId":"1"},"url":"/tags/?limit=all","method":"GET","originalUrl":"/ghost/api/admin/tags/?limit=all","params":{},"headers":{"x-real-ip":"171.224.177.21","host":"192.34.61.231","connection":"close","user-agent":"Mozilla/5.0 (Macintosh; Intel Mac OS X 10.15; rv:137.0) Gecko/20100101 Firefox/137.0","accept":"application/json, text/javascript, */*; q=0.01","accept-language":"en-US,en;q=0.5","accept-encoding":"gzip, deflate","content-type":"application/json; charset=UTF-8","x-ghost-version":"5.118","app-pragma":"no-cache","x-requested-with":"XMLHttpRequest","referer":"http://192.34.61.231/ghost/","cookie":"**REDACTED**"},"query":{"limit":"all"}},"res":{"_headers":{"x-powered-by":"Express","content-version":"v5.118","vary":"Accept-Version, Accept-Encoding","cache-control":"no-cache, private, no-store, must-revalidate, max-stale=0, post-check=0, pre-check=0","content-type":"application/json; charset=utf-8","content-length":"603","etag":"W/\"25b-oR2aYP1KT+e+boh60pAvGR1hsUk\""},"statusCode":200,"responseTime":"45ms"},"msg":"","time":"2025-05-01T06:52:00.867Z","v":0}
{"name":"Log","hostname":"lina-blog","pid":32635,"level":30,"version":"5.118.1","req":{"meta":{"requestId":"1fd622db-f06b-4a78-af24-c1b7588c5af0","userId":"1"},"url":"/users/?limit=all&include=roles","method":"GET","originalUrl":"/ghost/api/admin/users/?limit=all&include=roles","params":{},"headers":{"x-real-ip":"171.224.177.21","host":"192.34.61.231","connection":"close","user-agent":"Mozilla/5.0 (Macintosh; Intel Mac OS X 10.15; rv:137.0) Gecko/20100101 Firefox/137.0","accept":"application/json, text/javascript, */*; q=0.01","accept-language":"en-US,en;q=0.5","accept-encoding":"gzip, deflate","content-type":"application/json; charset=UTF-8","x-ghost-version":"5.118","app-pragma":"no-cache","x-requested-with":"XMLHttpRequest","referer":"http://192.34.61.231/ghost/","cookie":"**REDACTED**"},"query":{"limit":"all","include":"roles"}},"res":{"_headers":{"x-powered-by":"Express","content-version":"v5.118","vary":"Accept-Version, Accept-Encoding","cache-control":"no-cache, private, no-store, must-revalidate, max-stale=0, post-check=0, pre-check=0","content-type":"application/json; charset=utf-8","etag":"W/\"4e8-1a8/qdZQQYGy9U7b0ULXPvclnzo\"","content-encoding":"gzip"},"statusCode":200,"responseTime":"47ms"},"msg":"","time":"2025-05-01T06:52:00.875Z","v":0}
{"name":"Log","hostname":"lina-blog","pid":32635,"level":30,"version":"5.118.1","req":{"meta":{"requestId":"dc98524b-d53e-4a54-853d-166920ab9ec8","userId":"1"},"url":"/integrations/?include=api_keys%2Cwebhooks","method":"GET","originalUrl":"/ghost/api/admin/integrations/?include=api_keys%2Cwebhooks","params":{},"headers":{"x-real-ip":"171.224.177.21","host":"192.34.61.231","connection":"close","user-agent":"Mozilla/5.0 (Macintosh; Intel Mac OS X 10.15; rv:137.0) Gecko/20100101 Firefox/137.0","accept":"application/json, text/javascript, */*; q=0.01","accept-language":"en-US,en;q=0.5","accept-encoding":"gzip, deflate","content-type":"application/json; charset=UTF-8","x-ghost-version":"5.118","app-pragma":"no-cache","x-requested-with":"XMLHttpRequest","referer":"http://192.34.61.231/ghost/","cookie":"**REDACTED**","priority":"u=0"},"query":{"include":"api_keys,webhooks"}},"res":{"_headers":{"x-powered-by":"Express","content-version":"v5.118","vary":"Accept-Version, Accept-Encoding","cache-control":"no-cache, private, no-store, must-revalidate, max-stale=0, post-check=0, pre-check=0","content-type":"application/json; charset=utf-8","etag":"W/\"a43-vfdu9kv5hCSi1MW9L0jT805+JAc\"","content-encoding":"gzip"},"statusCode":200,"responseTime":"32ms"},"msg":"","time":"2025-05-01T06:52:06.370Z","v":0}
{"name":"Log","hostname":"lina-blog","pid":32635,"level":30,"version":"5.118.1","req":{"meta":{"requestId":"eab6b756-b2e1-4ffb-a753-ef522e8b6e79","userId":"1"},"url":"/integrations/?include=api_keys%2Cwebhooks","method":"GET","originalUrl":"/ghost/api/admin/integrations/?include=api_keys%2Cwebhooks","params":{},"headers":{"x-real-ip":"171.224.177.21","host":"192.34.61.231","connection":"close","user-agent":"Mozilla/5.0 (Macintosh; Intel Mac OS X 10.15; rv:137.0) Gecko/20100101 Firefox/137.0","accept":"application/json, text/javascript, */*; q=0.01","accept-language":"en-US,en;q=0.5","accept-encoding":"gzip, deflate","content-type":"application/json; charset=UTF-8","x-ghost-version":"5.118","app-pragma":"no-cache","x-requested-with":"XMLHttpRequest","referer":"http://192.34.61.231/ghost/","cookie":"**REDACTED**"},"query":{"include":"api_keys,webhooks"}},"res":{"_headers":{"x-powered-by":"Express","content-version":"v5.118","vary":"Accept-Version, Accept-Encoding","cache-control":"no-cache, private, no-store, must-revalidate, max-stale=0, post-check=0, pre-check=0","content-type":"application/json; charset=utf-8","etag":"W/\"a43-vfdu9kv5hCSi1MW9L0jT805+JAc\"","content-encoding":"gzip"},"statusCode":200,"responseTime":"39ms"},"msg":"","time":"2025-05-01T06:52:06.694Z","v":0}
{"name":"Log","hostname":"lina-blog","pid":32635,"level":30,"version":"5.118.1","req":{"meta":{"requestId":"b992b1f9-8dec-4769-9d2c-8fd1b669ef20","userId":"1"},"url":"/pages/?formats=mobiledoc%2Clexical&limit=30&page=1&allFilter=status%3A%5Bdraft%2Cscheduled%2Cpublished%2Csent%5D&order=published_at%20desc&filter=status%3Ascheduled","method":"GET","originalUrl":"/ghost/api/admin/pages/?formats=mobiledoc%2Clexical&limit=30&page=1&allFilter=status%3A%5Bdraft%2Cscheduled%2Cpublished%2Csent%5D&order=published_at%20desc&filter=status%3Ascheduled","params":{},"headers":{"x-real-ip":"171.224.177.21","host":"192.34.61.231","connection":"close","user-agent":"Mozilla/5.0 (Macintosh; Intel Mac OS X 10.15; rv:137.0) Gecko/20100101 Firefox/137.0","accept":"application/json, text/javascript, */*; q=0.01","accept-language":"en-US,en;q=0.5","accept-encoding":"gzip, deflate","content-type":"application/json; charset=UTF-8","x-ghost-version":"5.118","app-pragma":"no-cache","x-requested-with":"XMLHttpRequest","referer":"http://192.34.61.231/ghost/","cookie":"**REDACTED**","priority":"u=0"},"query":{"formats":"mobiledoc,lexical","limit":"30","page":"1","allFilter":"status:[draft,scheduled,published,sent]","order":"published_at desc","filter":"status:scheduled"}},"res":{"_headers":{"x-powered-by":"Express","content-version":"v5.118","vary":"Accept-Version, Accept-Encoding","cache-control":"no-cache, private, no-store, must-revalidate, max-stale=0, post-check=0, pre-check=0","content-type":"application/json; charset=utf-8","content-length":"100","etag":"W/\"64-Sob9W3UE22w25wetuyhNCQVZMNI\""},"statusCode":200,"responseTime":"103ms"},"msg":"","time":"2025-05-01T06:52:13.688Z","v":0}
{"name":"Log","hostname":"lina-blog","pid":32635,"level":30,"version":"5.118.1","req":{"meta":{"requestId":"f1f75ef3-9719-47d7-9b63-16b19b8c2e8f","userId":"1"},"url":"/pages/?formats=mobiledoc%2Clexical&limit=30&page=1&allFilter=status%3A%5Bdraft%2Cscheduled%2Cpublished%2Csent%5D&order=updated_at%20desc&filter=status%3Adraft","method":"GET","originalUrl":"/ghost/api/admin/pages/?formats=mobiledoc%2Clexical&limit=30&page=1&allFilter=status%3A%5Bdraft%2Cscheduled%2Cpublished%2Csent%5D&order=updated_at%20desc&filter=status%3Adraft","params":{},"headers":{"x-real-ip":"171.224.177.21","host":"192.34.61.231","connection":"close","user-agent":"Mozilla/5.0 (Macintosh; Intel Mac OS X 10.15; rv:137.0) Gecko/20100101 Firefox/137.0","accept":"application/json, text/javascript, */*; q=0.01","accept-language":"en-US,en;q=0.5","accept-encoding":"gzip, deflate","content-type":"application/json; charset=UTF-8","x-ghost-version":"5.118","app-pragma":"no-cache","x-requested-with":"XMLHttpRequest","referer":"http://192.34.61.231/ghost/","cookie":"**REDACTED**","priority":"u=0"},"query":{"formats":"mobiledoc,lexical","limit":"30","page":"1","allFilter":"status:[draft,scheduled,published,sent]","order":"updated_at desc","filter":"status:draft"}},"res":{"_headers":{"x-powered-by":"Express","content-version":"v5.118","vary":"Accept-Version, Accept-Encoding","cache-control":"no-cache, private, no-store, must-revalidate, max-stale=0, post-check=0, pre-check=0","content-type":"application/json; charset=utf-8","content-length":"100","etag":"W/\"64-Sob9W3UE22w25wetuyhNCQVZMNI\""},"statusCode":200,"responseTime":"120ms"},"msg":"","time":"2025-05-01T06:52:13.710Z","v":0}
{"name":"Log","hostname":"lina-blog","pid":32635,"level":30,"version":"5.118.1","req":{"meta":{"requestId":"7168cc01-19d4-416e-ae67-f8739f3ccbcd","userId":"1"},"url":"/pages/?formats=mobiledoc%2Clexical&limit=30&page=1&allFilter=status%3A%5Bdraft%2Cscheduled%2Cpublished%2Csent%5D&order=published_at%20desc&filter=status%3A%5Bpublished%2Csent%5D","method":"GET","originalUrl":"/ghost/api/admin/pages/?formats=mobiledoc%2Clexical&limit=30&page=1&allFilter=status%3A%5Bdraft%2Cscheduled%2Cpublished%2Csent%5D&order=published_at%20desc&filter=status%3A%5Bpublished%2Csent%5D","params":{},"headers":{"x-real-ip":"171.224.177.21","host":"192.34.61.231","connection":"close","user-agent":"Mozilla/5.0 (Macintosh; Intel Mac OS X 10.15; rv:137.0) Gecko/20100101 Firefox/137.0","accept":"application/json, text/javascript, */*; q=0.01","accept-language":"en-US,en;q=0.5","accept-encoding":"gzip, deflate","content-type":"application/json; charset=UTF-8","x-ghost-version":"5.118","app-pragma":"no-cache","x-requested-with":"XMLHttpRequest","referer":"http://192.34.61.231/ghost/","cookie":"**REDACTED**","priority":"u=0"},"query":{"formats":"mobiledoc,lexical","limit":"30","page":"1","allFilter":"status:[draft,scheduled,published,sent]","order":"published_at desc","filter":"status:[published,sent]"}},"res":{"_headers":{"x-powered-by":"Express","content-version":"v5.118","vary":"Accept-Version, Accept-Encoding","cache-control":"no-cache, private, no-store, must-revalidate, max-stale=0, post-check=0, pre-check=0","content-type":"application/json; charset=utf-8","etag":"W/\"1785-G9ewgFnEmSnpVuR5evui+aOQ/p8\"","content-encoding":"gzip"},"statusCode":200,"responseTime":"130ms"},"msg":"","time":"2025-05-01T06:52:13.717Z","v":0}
{"name":"Log","hostname":"lina-blog","pid":32635,"level":30,"version":"5.118.1","req":{"meta":{"requestId":"698e8aba-6a7a-40ad-b5f5-efe6f457f3e1","userId":"1"},"url":"/tags/?limit=all&include=count.posts","method":"GET","originalUrl":"/ghost/api/admin/tags/?limit=all&include=count.posts","params":{},"headers":{"x-real-ip":"171.224.177.21","host":"192.34.61.231","connection":"close","user-agent":"Mozilla/5.0 (Macintosh; Intel Mac OS X 10.15; rv:137.0) Gecko/20100101 Firefox/137.0","accept":"application/json, text/javascript, */*; q=0.01","accept-language":"en-US,en;q=0.5","accept-encoding":"gzip, deflate","content-type":"application/json; charset=UTF-8","x-ghost-version":"5.118","app-pragma":"no-cache","x-requested-with":"XMLHttpRequest","referer":"http://192.34.61.231/ghost/","cookie":"**REDACTED**","priority":"u=0"},"query":{"limit":"all","include":"count.posts"}},"res":{"_headers":{"x-powered-by":"Express","content-version":"v5.118","vary":"Accept-Version, Accept-Encoding","cache-control":"no-cache, private, no-store, must-revalidate, max-stale=0, post-check=0, pre-check=0","content-type":"application/json; charset=utf-8","content-length":"623","etag":"W/\"26f-8BtZKYj0terKIaiifiwc+O3I1O4\""},"statusCode":200,"responseTime":"24ms"},"msg":"","time":"2025-05-01T06:52:15.971Z","v":0}
{"name":"Log","hostname":"lina-blog","pid":32635,"level":30,"version":"5.118.1","req":{"meta":{"requestId":"7a4c11ad-812c-4b25-8e83-ae70d6d62ac0","userId":"1"},"url":"/members/?include=newsletters%2Clabels%2Ctiers&order=created_at%20desc&limit=50&page=1&filter=created_at%3A%3C%3D%272025-05-01%2006%3A52%3A16%27","method":"GET","originalUrl":"/ghost/api/admin/members/?include=newsletters%2Clabels%2Ctiers&order=created_at%20desc&limit=50&page=1&filter=created_at%3A%3C%3D%272025-05-01%2006%3A52%3A16%27","params":{},"headers":{"x-real-ip":"171.224.177.21","host":"192.34.61.231","connection":"close","user-agent":"Mozilla/5.0 (Macintosh; Intel Mac OS X 10.15; rv:137.0) Gecko/20100101 Firefox/137.0","accept":"application/json, text/javascript, */*; q=0.01","accept-language":"en-US,en;q=0.5","accept-encoding":"gzip, deflate","content-type":"application/json; charset=UTF-8","x-ghost-version":"5.118","app-pragma":"no-cache","x-requested-with":"XMLHttpRequest","referer":"http://192.34.61.231/ghost/","cookie":"**REDACTED**","priority":"u=0"},"query":{"include":"newsletters,labels,tiers","order":"created_at desc","limit":"50","page":"1","filter":"created_at:<='2025-05-01 06:52:16'"}},"res":{"_headers":{"x-powered-by":"Express","content-version":"v5.118","vary":"Accept-Version, Accept-Encoding","cache-control":"no-cache, private, no-store, must-revalidate, max-stale=0, post-check=0, pre-check=0","content-type":"application/json; charset=utf-8","content-length":"102","etag":"W/\"66-y6/6LJ16i/qz006f4c7R8ebJBrk\""},"statusCode":200,"responseTime":"52ms"},"msg":"","time":"2025-05-01T06:52:16.852Z","v":0}
{"name":"Log","hostname":"lina-blog","pid":32635,"level":30,"version":"5.118.1","req":{"meta":{"requestId":"b8d261c1-f2cf-4878-b6a8-a61b9d8ffeee","userId":"1"},"url":"/labels/?limit=all","method":"GET","originalUrl":"/ghost/api/admin/labels/?limit=all","params":{},"headers":{"x-real-ip":"171.224.177.21","host":"192.34.61.231","connection":"close","user-agent":"Mozilla/5.0 (Macintosh; Intel Mac OS X 10.15; rv:137.0) Gecko/20100101 Firefox/137.0","accept":"application/json, text/javascript, */*; q=0.01","accept-language":"en-US,en;q=0.5","accept-encoding":"gzip, deflate","content-type":"application/json; charset=UTF-8","x-ghost-version":"5.118","app-pragma":"no-cache","x-requested-with":"XMLHttpRequest","referer":"http://192.34.61.231/ghost/","cookie":"**REDACTED**","priority":"u=0"},"query":{"limit":"all"}},"res":{"_headers":{"x-powered-by":"Express","content-version":"v5.118","vary":"Accept-Version, Accept-Encoding","cache-control":"no-cache, private, no-store, must-revalidate, max-stale=0, post-check=0, pre-check=0","content-type":"application/json; charset=utf-8","content-length":"104","etag":"W/\"68-NrIoFpTAbqRRirKVLPUvMLi4dMA\""},"statusCode":200,"responseTime":"77ms"},"msg":"","time":"2025-05-01T06:52:16.883Z","v":0}
{"name":"Log","hostname":"lina-blog","pid":32635,"level":30,"version":"5.118.1","req":{"meta":{"requestId":"d0f7f0e1-70f2-45fc-8e34-f3165e7cab10","userId":"1"},"url":"/tiers/?filter=type%3Apaid","method":"GET","originalUrl":"/ghost/api/admin/tiers/?filter=type%3Apaid","params":{},"headers":{"x-real-ip":"171.224.177.21","host":"192.34.61.231","connection":"close","user-agent":"Mozilla/5.0 (Macintosh; Intel Mac OS X 10.15; rv:137.0) Gecko/20100101 Firefox/137.0","accept":"application/json, text/javascript, */*; q=0.01","accept-language":"en-US,en;q=0.5","accept-encoding":"gzip, deflate","content-type":"application/json; charset=UTF-8","x-ghost-version":"5.118","app-pragma":"no-cache","x-requested-with":"XMLHttpRequest","referer":"http://192.34.61.231/ghost/","cookie":"**REDACTED**","priority":"u=0"},"query":{"filter":"type:paid"}},"res":{"_headers":{"x-powered-by":"Express","content-version":"v5.118","vary":"Accept-Version, Accept-Encoding","cache-control":"no-cache, private, no-store, must-revalidate, max-stale=0, post-check=0, pre-check=0","content-type":"application/json; charset=utf-8","content-length":"447","etag":"W/\"1bf-nuGIF4JdWFzP+P7+0PPWMPYy8Jg\""},"statusCode":200,"responseTime":"71ms"},"msg":"","time":"2025-05-01T06:52:16.884Z","v":0}
{"name":"Log","hostname":"lina-blog","pid":32635,"level":30,"version":"5.118.1","req":{"meta":{"requestId":"6acf317f-dda3-48f5-ab35-c7535e8d4b3e","userId":null},"url":"/img/marketing/members-1-8b89a1f48fe7b336754e91a429531f65.jpg","method":"GET","originalUrl":"/ghost/assets/img/marketing/members-1-8b89a1f48fe7b336754e91a429531f65.jpg","params":{},"headers":{"x-real-ip":"171.224.177.21","host":"192.34.61.231","connection":"close","user-agent":"Mozilla/5.0 (Macintosh; Intel Mac OS X 10.15; rv:137.0) Gecko/20100101 Firefox/137.0","accept":"image/avif,image/webp,image/png,image/svg+xml,image/*;q=0.8,*/*;q=0.5","accept-language":"en-US,en;q=0.5","accept-encoding":"gzip, deflate","referer":"http://192.34.61.231/ghost/","cookie":"**REDACTED**","priority":"u=4, i"},"query":{}},"res":{"_headers":{"x-powered-by":"Express","accept-ranges":"bytes","cache-control":"public, max-age=31536000, immutable","last-modified":"Sat, 26 Oct 1985 08:15:00 GMT","etag":"W/\"534a-7438674ba0\"","content-type":"image/jpeg","content-length":21322},"statusCode":200,"responseTime":"4ms"},"msg":"","time":"2025-05-01T06:52:17.188Z","v":0}
{"name":"Log","hostname":"lina-blog","pid":32635,"level":30,"version":"5.118.1","req":{"meta":{"requestId":"a1947631-03d3-43e5-a5fd-ccb693d5f4af","userId":null},"url":"/img/marketing/members-2-791205c82d5cf221f8c99a74f9ee1739.jpg","method":"GET","originalUrl":"/ghost/assets/img/marketing/members-2-791205c82d5cf221f8c99a74f9ee1739.jpg","params":{},"headers":{"x-real-ip":"171.224.177.21","host":"192.34.61.231","connection":"close","user-agent":"Mozilla/5.0 (Macintosh; Intel Mac OS X 10.15; rv:137.0) Gecko/20100101 Firefox/137.0","accept":"image/avif,image/webp,image/png,image/svg+xml,image/*;q=0.8,*/*;q=0.5","accept-language":"en-US,en;q=0.5","accept-encoding":"gzip, deflate","referer":"http://192.34.61.231/ghost/","cookie":"**REDACTED**","priority":"u=4, i"},"query":{}},"res":{"_headers":{"x-powered-by":"Express","accept-ranges":"bytes","cache-control":"public, max-age=31536000, immutable","last-modified":"Sat, 26 Oct 1985 08:15:00 GMT","etag":"W/\"22bb6-7438674ba0\"","content-type":"image/jpeg","content-length":142262},"statusCode":200,"responseTime":"11ms"},"msg":"","time":"2025-05-01T06:52:17.200Z","v":0}
{"name":"Log","hostname":"lina-blog","pid":32635,"level":30,"version":"5.118.1","req":{"meta":{"requestId":"dd05b799-2819-4c16-b565-c4fea1afd298","userId":"1"},"url":"/newsletters/?filter=status%3Aactive","method":"GET","originalUrl":"/ghost/api/admin/newsletters/?filter=status%3Aactive","params":{},"headers":{"x-real-ip":"171.224.177.21","host":"192.34.61.231","connection":"close","user-agent":"Mozilla/5.0 (Macintosh; Intel Mac OS X 10.15; rv:137.0) Gecko/20100101 Firefox/137.0","accept":"application/json, text/javascript, */*; q=0.01","accept-language":"en-US,en;q=0.5","accept-encoding":"gzip, deflate","content-type":"application/json; charset=UTF-8","x-ghost-version":"5.118","app-pragma":"no-cache","x-requested-with":"XMLHttpRequest","referer":"http://192.34.61.231/ghost/","cookie":"**REDACTED**"},"query":{"filter":"status:active"}},"res":{"_headers":{"x-powered-by":"Express","content-version":"v5.118","vary":"Accept-Version, Accept-Encoding","cache-control":"no-cache, private, no-store, must-revalidate, max-stale=0, post-check=0, pre-check=0","content-type":"application/json; charset=utf-8","content-length":"979","etag":"W/\"3d3-iMDqxOTp2Y8yvov4ZHOqsd1qXEY\""},"statusCode":200,"responseTime":"30ms"},"msg":"","time":"2025-05-01T06:52:17.221Z","v":0}
{"name":"Log","hostname":"lina-blog","pid":32635,"level":30,"version":"5.118.1","req":{"meta":{"requestId":"31cca82e-483d-42a3-8aee-697d849f12dc","userId":"1"},"url":"/offers/?limit=all","method":"GET","originalUrl":"/ghost/api/admin/offers/?limit=all","params":{},"headers":{"x-real-ip":"171.224.177.21","host":"192.34.61.231","connection":"close","user-agent":"Mozilla/5.0 (Macintosh; Intel Mac OS X 10.15; rv:137.0) Gecko/20100101 Firefox/137.0","accept":"application/json, text/javascript, */*; q=0.01","accept-language":"en-US,en;q=0.5","accept-encoding":"gzip, deflate","content-type":"application/json; charset=UTF-8","x-ghost-version":"5.118","app-pragma":"no-cache","x-requested-with":"XMLHttpRequest","referer":"http://192.34.61.231/ghost/","cookie":"**REDACTED**"},"query":{"limit":"all"}},"res":{"_headers":{"x-powered-by":"Express","content-version":"v5.118","vary":"Accept-Version, Accept-Encoding","cache-control":"no-cache, private, no-store, must-revalidate, max-stale=0, post-check=0, pre-check=0","content-type":"application/json; charset=utf-8","content-length":"13","etag":"W/\"d-KgyGKpsvHfZLqby4ZS/d5XyKBpk\""},"statusCode":200,"responseTime":"19ms"},"msg":"","time":"2025-05-01T06:52:17.515Z","v":0}
{"name":"Log","hostname":"lina-blog","pid":32635,"level":30,"version":"5.118.1","req":{"meta":{"requestId":"9594f86b-5bfc-46c0-8ac8-b34f71fd3ab6","userId":null},"url":"/site/","method":"GET","originalUrl":"/ghost/api/admin/site/","params":{},"headers":{"x-real-ip":"171.224.177.21","host":"192.34.61.231","connection":"close","user-agent":"Mozilla/5.0 (Macintosh; Intel Mac OS X 10.15; rv:137.0) Gecko/20100101 Firefox/137.0","accept":"*/*","accept-language":"en-US,en;q=0.5","accept-encoding":"gzip, deflate","referer":"http://192.34.61.231/ghost/","app-pragma":"no-cache","x-ghost-version":"5.118","cookie":"**REDACTED**","priority":"u=0"},"query":{}},"res":{"_headers":{"x-powered-by":"Express","content-version":"v5.118","vary":"Accept-Version, Accept-Encoding","cache-control":"no-cache, private, no-store, must-revalidate, max-stale=0, post-check=0, pre-check=0","content-type":"application/json; charset=utf-8","content-length":"305","etag":"W/\"131-/7wbJh99Obvg8AgBMK/SDtaTWSM\""},"statusCode":200,"responseTime":"2ms"},"msg":"","time":"2025-05-01T06:52:19.537Z","v":0}
{"name":"Log","hostname":"lina-blog","pid":32635,"level":30,"version":"5.118.1","req":{"meta":{"requestId":"06d54906-2bd9-44f3-8155-eebb5a86fc68","userId":"1"},"url":"/config/","method":"GET","originalUrl":"/ghost/api/admin/config/","params":{},"headers":{"x-real-ip":"171.224.177.21","host":"192.34.61.231","connection":"close","user-agent":"Mozilla/5.0 (Macintosh; Intel Mac OS X 10.15; rv:137.0) Gecko/20100101 Firefox/137.0","accept":"*/*","accept-language":"en-US,en;q=0.5","accept-encoding":"gzip, deflate","referer":"http://192.34.61.231/ghost/","app-pragma":"no-cache","x-ghost-version":"5.118","cookie":"**REDACTED**","priority":"u=0"},"query":{}},"res":{"_headers":{"x-powered-by":"Express","content-version":"v5.118","vary":"Accept-Version, Accept-Encoding","cache-control":"no-cache, private, no-store, must-revalidate, max-stale=0, post-check=0, pre-check=0","content-type":"application/json; charset=utf-8","content-length":"612","etag":"W/\"264-4KQ3xYd3/olOYOTs2FmeiatqBvM\""},"statusCode":200,"responseTime":"18ms"},"msg":"","time":"2025-05-01T06:52:19.548Z","v":0}
{"name":"Log","hostname":"lina-blog","pid":32635,"level":30,"version":"5.118.1","req":{"meta":{"requestId":"1e6ffece-6593-468d-844f-416b42ef52bc","userId":"1"},"url":"/settings/?group=site%2Ctheme%2Cprivate%2Cmembers%2Cportal%2Cnewsletter%2Cemail%2Camp%2Clabs%2Cslack%2Cunsplash%2Cviews%2Cfirstpromoter%2Ceditor%2Ccomments%2Canalytics%2Cannouncement%2Cpintura%2Cdonations%2Csecurity","method":"GET","originalUrl":"/ghost/api/admin/settings/?group=site%2Ctheme%2Cprivate%2Cmembers%2Cportal%2Cnewsletter%2Cemail%2Camp%2Clabs%2Cslack%2Cunsplash%2Cviews%2Cfirstpromoter%2Ceditor%2Ccomments%2Canalytics%2Cannouncement%2Cpintura%2Cdonations%2Csecurity","params":{},"headers":{"x-real-ip":"171.224.177.21","host":"192.34.61.231","connection":"close","user-agent":"Mozilla/5.0 (Macintosh; Intel Mac OS X 10.15; rv:137.0) Gecko/20100101 Firefox/137.0","accept":"*/*","accept-language":"en-US,en;q=0.5","accept-encoding":"gzip, deflate","referer":"http://192.34.61.231/ghost/","app-pragma":"no-cache","x-ghost-version":"5.118","cookie":"**REDACTED**","priority":"u=0"},"query":{"group":"site,theme,private,members,portal,newsletter,email,amp,labs,slack,unsplash,views,firstpromoter,editor,comments,analytics,announcement,pintura,donations,security"}},"res":{"_headers":{"x-powered-by":"Express","content-version":"v5.118","vary":"Accept-Version, Accept-Encoding","cache-control":"no-cache, private, no-store, must-revalidate, max-stale=0, post-check=0, pre-check=0","content-type":"application/json; charset=utf-8","etag":"W/\"1162-74yqbLN8t/EZWkRIOM6/85yVQbU\"","content-encoding":"gzip"},"statusCode":200,"responseTime":"58ms"},"msg":"","time":"2025-05-01T06:52:19.600Z","v":0}
{"name":"Log","hostname":"lina-blog","pid":32635,"level":30,"version":"5.118.1","req":{"meta":{"requestId":"5546a78a-32db-4cfe-bade-b2de3445bf9e","userId":"1"},"url":"/users/1/?include=roles","method":"PUT","originalUrl":"/ghost/api/admin/users/1/?include=roles","params":{"id":"1"},"headers":{"x-real-ip":"171.224.177.21","host":"192.34.61.231","connection":"close","content-length":"998","user-agent":"Mozilla/5.0 (Macintosh; Intel Mac OS X 10.15; rv:137.0) Gecko/20100101 Firefox/137.0","accept":"application/json, text/javascript, */*; q=0.01","accept-language":"en-US,en;q=0.5","accept-encoding":"gzip, deflate","content-type":"application/json; charset=utf-8","x-ghost-version":"5.118","app-pragma":"no-cache","x-requested-with":"XMLHttpRequest","origin":"http://192.34.61.231","referer":"http://192.34.61.231/ghost/","cookie":"**REDACTED**","priority":"u=0"},"query":{"include":"roles"}},"res":{"_headers":{"x-powered-by":"Express","content-version":"v5.118","vary":"Accept-Version, Origin, Accept-Encoding","cache-control":"no-cache, private, no-store, must-revalidate, max-stale=0, post-check=0, pre-check=0","access-control-allow-origin":"http://192.34.61.231","content-type":"application/json; charset=utf-8","etag":"W/\"4a1-EInzCJj4DfZiLPAZbTql1BApDM4\"","content-encoding":"gzip"},"statusCode":200,"responseTime":"124ms"},"msg":"","time":"2025-05-01T06:52:19.629Z","v":0}
{"name":"Log","hostname":"lina-blog","pid":32635,"level":30,"version":"5.118.1","req":{"meta":{"requestId":"8e06276c-b74f-4ecf-94fd-40d037ce7f9f","userId":"1"},"url":"/users/me/?include=roles","method":"GET","originalUrl":"/ghost/api/admin/users/me/?include=roles","params":{"id":"me"},"headers":{"x-real-ip":"171.224.177.21","host":"192.34.61.231","connection":"close","user-agent":"Mozilla/5.0 (Macintosh; Intel Mac OS X 10.15; rv:137.0) Gecko/20100101 Firefox/137.0","accept":"*/*","accept-language":"en-US,en;q=0.5","accept-encoding":"gzip, deflate","referer":"http://192.34.61.231/ghost/","app-pragma":"no-cache","x-ghost-version":"5.118","cookie":"**REDACTED**","priority":"u=0"},"query":{"include":"roles"}},"res":{"_headers":{"x-powered-by":"Express","content-version":"v5.118","vary":"Accept-Version, Accept-Encoding","cache-control":"no-cache, private, no-store, must-revalidate, max-stale=0, post-check=0, pre-check=0","content-type":"application/json; charset=utf-8","etag":"W/\"4a1-EInzCJj4DfZiLPAZbTql1BApDM4\"","content-encoding":"gzip"},"statusCode":200,"responseTime":"31ms"},"msg":"","time":"2025-05-01T06:52:19.836Z","v":0}
{"name":"Log","hostname":"lina-blog","pid":32635,"level":30,"version":"5.118.1","req":{"meta":{"requestId":"a4aaf61a-a590-4366-a038-c603692796a2","userId":"1"},"url":"/tiers/","method":"GET","originalUrl":"/ghost/api/admin/tiers/","params":{},"headers":{"x-real-ip":"171.224.177.21","host":"192.34.61.231","connection":"close","user-agent":"Mozilla/5.0 (Macintosh; Intel Mac OS X 10.15; rv:137.0) Gecko/20100101 Firefox/137.0","accept":"*/*","accept-language":"en-US,en;q=0.5","accept-encoding":"gzip, deflate","referer":"http://192.34.61.231/ghost/","app-pragma":"no-cache","x-ghost-version":"5.118","cookie":"**REDACTED**","priority":"u=4"},"query":{}},"res":{"_headers":{"x-powered-by":"Express","content-version":"v5.118","vary":"Accept-Version, Accept-Encoding","cache-control":"no-cache, private, no-store, must-revalidate, max-stale=0, post-check=0, pre-check=0","content-type":"application/json; charset=utf-8","content-length":"711","etag":"W/\"2c7-P1sL5s29iPuUBhxRAjtlgRw98DU\""},"statusCode":200,"responseTime":"59ms"},"msg":"","time":"2025-05-01T06:52:20.259Z","v":0}
{"name":"Log","hostname":"lina-blog","pid":32635,"level":30,"version":"5.118.1","req":{"meta":{"requestId":"a9a3f244-7472-4a72-965a-67f4e0bd50f8","userId":"1"},"url":"/roles/?limit=all","method":"GET","originalUrl":"/ghost/api/admin/roles/?limit=all","params":{},"headers":{"x-real-ip":"171.224.177.21","host":"192.34.61.231","connection":"close","user-agent":"Mozilla/5.0 (Macintosh; Intel Mac OS X 10.15; rv:137.0) Gecko/20100101 Firefox/137.0","accept":"*/*","accept-language":"en-US,en;q=0.5","accept-encoding":"gzip, deflate","referer":"http://192.34.61.231/ghost/","app-pragma":"no-cache","x-ghost-version":"5.118","cookie":"**REDACTED**","priority":"u=4"},"query":{"limit":"all"}},"res":{"_headers":{"x-powered-by":"Express","content-version":"v5.118","vary":"Accept-Version, Accept-Encoding","cache-control":"no-cache, private, no-store, must-revalidate, max-stale=0, post-check=0, pre-check=0","content-type":"application/json; charset=utf-8","etag":"W/\"7ab-eWRa+vnnaNkViB10aXHJhDs0Q7c\"","content-encoding":"gzip"},"statusCode":200,"responseTime":"92ms"},"msg":"","time":"2025-05-01T06:52:20.296Z","v":0}
{"name":"Log","hostname":"lina-blog","pid":32635,"level":30,"version":"5.118.1","req":{"meta":{"requestId":"d92033b5-bc27-4a14-bd6e-1f3484973c64","userId":"1"},"url":"/invites/","method":"GET","originalUrl":"/ghost/api/admin/invites/","params":{},"headers":{"x-real-ip":"171.224.177.21","host":"192.34.61.231","connection":"close","user-agent":"Mozilla/5.0 (Macintosh; Intel Mac OS X 10.15; rv:137.0) Gecko/20100101 Firefox/137.0","accept":"*/*","accept-language":"en-US,en;q=0.5","accept-encoding":"gzip, deflate","referer":"http://192.34.61.231/ghost/","app-pragma":"no-cache","x-ghost-version":"5.118","cookie":"**REDACTED**","priority":"u=4"},"query":{}},"res":{"_headers":{"x-powered-by":"Express","content-version":"v5.118","vary":"Accept-Version, Accept-Encoding","cache-control":"no-cache, private, no-store, must-revalidate, max-stale=0, post-check=0, pre-check=0","content-type":"application/json; charset=utf-8","content-length":"102","etag":"W/\"66-sOX4mOGvIzARC+CuIiE6bGahqSc\""},"statusCode":200,"responseTime":"91ms"},"msg":"","time":"2025-05-01T06:52:20.302Z","v":0}
{"name":"Log","hostname":"lina-blog","pid":32635,"level":30,"version":"5.118.1","req":{"meta":{"requestId":"800b003a-d27f-4844-aad8-40e2f33f0437","userId":"1"},"url":"/themes/","method":"GET","originalUrl":"/ghost/api/admin/themes/","params":{},"headers":{"x-real-ip":"171.224.177.21","host":"192.34.61.231","connection":"close","user-agent":"Mozilla/5.0 (Macintosh; Intel Mac OS X 10.15; rv:137.0) Gecko/20100101 Firefox/137.0","accept":"*/*","accept-language":"en-US,en;q=0.5","accept-encoding":"gzip, deflate","referer":"http://192.34.61.231/ghost/","app-pragma":"no-cache","x-ghost-version":"5.118","cookie":"**REDACTED**","priority":"u=4"},"query":{}},"res":{"_headers":{"x-powered-by":"Express","content-version":"v5.118","vary":"Accept-Version, Accept-Encoding","cache-control":"no-cache, private, no-store, must-revalidate, max-stale=0, post-check=0, pre-check=0","content-type":"application/json; charset=utf-8","etag":"W/\"1948-yJlAvZ6kyK1zgREEdZE9+9Mc2LI\"","content-encoding":"gzip"},"statusCode":200,"responseTime":"82ms"},"msg":"","time":"2025-05-01T06:52:20.308Z","v":0}
{"name":"Log","hostname":"lina-blog","pid":32635,"level":30,"version":"5.118.1","req":{"meta":{"requestId":"8ceae074-25f2-46ee-a66c-d8296845eedf","userId":"1"},"url":"/users/?limit=100&include=roles","method":"GET","originalUrl":"/ghost/api/admin/users/?limit=100&include=roles","params":{},"headers":{"x-real-ip":"171.224.177.21","host":"192.34.61.231","connection":"close","user-agent":"Mozilla/5.0 (Macintosh; Intel Mac OS X 10.15; rv:137.0) Gecko/20100101 Firefox/137.0","accept":"*/*","accept-language":"en-US,en;q=0.5","accept-encoding":"gzip, deflate","referer":"http://192.34.61.231/ghost/","app-pragma":"no-cache","x-ghost-version":"5.118","cookie":"**REDACTED**","priority":"u=4"},"query":{"limit":"100","include":"roles"}},"res":{"_headers":{"x-powered-by":"Express","content-version":"v5.118","vary":"Accept-Version, Accept-Encoding","cache-control":"no-cache, private, no-store, must-revalidate, max-stale=0, post-check=0, pre-check=0","content-type":"application/json; charset=utf-8","etag":"W/\"4fa-n1rVb46cSZ1BIGble0VJCmut1QE\"","content-encoding":"gzip"},"statusCode":200,"responseTime":"103ms"},"msg":"","time":"2025-05-01T06:52:20.320Z","v":0}
{"name":"Log","hostname":"lina-blog","pid":32635,"level":30,"version":"5.118.1","req":{"meta":{"requestId":"fc6449cb-eae8-485b-9be0-63cd312298bb","userId":null},"url":"/admin-x-settings/modals-8fdc40a2.mjs","method":"GET","originalUrl":"/ghost/assets/admin-x-settings/modals-8fdc40a2.mjs","params":{},"headers":{"x-real-ip":"171.224.177.21","host":"192.34.61.231","connection":"close","user-agent":"Mozilla/5.0 (Macintosh; Intel Mac OS X 10.15; rv:137.0) Gecko/20100101 Firefox/137.0","accept":"*/*","accept-language":"en-US,en;q=0.5","accept-encoding":"gzip, deflate","referer":"http://192.34.61.231/ghost/assets/admin-x-settings/index-fd83d7a5.mjs","cookie":"**REDACTED**"},"query":{}},"res":{"_headers":{"x-powered-by":"Express","accept-ranges":"bytes","cache-control":"public, max-age=31536000, immutable","last-modified":"Sat, 26 Oct 1985 08:15:00 GMT","etag":"W/\"163102-7438674ba0\"","content-type":"application/javascript; charset=UTF-8","vary":"Accept-Encoding","content-encoding":"gzip"},"statusCode":200,"responseTime":"176ms"},"msg":"","time":"2025-05-01T06:52:20.327Z","v":0}
{"name":"Log","hostname":"lina-blog","pid":32635,"level":30,"version":"5.118.1","req":{"meta":{"requestId":"df9c3caa-65b0-4d66-8b22-fd896fb84894","userId":"1"},"url":"/recommendations/?include=count.clicks%2Ccount.subscribers&order=created_at+desc&limit=5","method":"GET","originalUrl":"/ghost/api/admin/recommendations/?include=count.clicks%2Ccount.subscribers&order=created_at+desc&limit=5","params":{},"headers":{"x-real-ip":"171.224.177.21","host":"192.34.61.231","connection":"close","user-agent":"Mozilla/5.0 (Macintosh; Intel Mac OS X 10.15; rv:137.0) Gecko/20100101 Firefox/137.0","accept":"*/*","accept-language":"en-US,en;q=0.5","accept-encoding":"gzip, deflate","referer":"http://192.34.61.231/ghost/","app-pragma":"no-cache","x-ghost-version":"5.118","cookie":"**REDACTED**","priority":"u=4"},"query":{"include":"count.clicks,count.subscribers","order":"created_at desc","limit":"5"}},"res":{"_headers":{"x-powered-by":"Express","content-version":"v5.118","vary":"Accept-Version, Accept-Encoding","cache-control":"no-cache, private, no-store, must-revalidate, max-stale=0, post-check=0, pre-check=0","content-type":"application/json; charset=utf-8","content-length":"109","etag":"W/\"6d-C6k8ydjJ913rUrlEenifUzC6yww\""},"statusCode":200,"responseTime":"18ms"},"msg":"","time":"2025-05-01T06:52:20.548Z","v":0}
{"name":"Log","hostname":"lina-blog","pid":32635,"level":30,"version":"5.118.1","req":{"meta":{"requestId":"6d2893a1-8372-4728-8e64-6a5c91704acb","userId":"1"},"url":"/incoming_recommendations/?limit=5&order=created_at+desc","method":"GET","originalUrl":"/ghost/api/admin/incoming_recommendations/?limit=5&order=created_at+desc","params":{},"headers":{"x-real-ip":"171.224.177.21","host":"192.34.61.231","connection":"close","user-agent":"Mozilla/5.0 (Macintosh; Intel Mac OS X 10.15; rv:137.0) Gecko/20100101 Firefox/137.0","accept":"*/*","accept-language":"en-US,en;q=0.5","accept-encoding":"gzip, deflate","referer":"http://192.34.61.231/ghost/","app-pragma":"no-cache","x-ghost-version":"5.118","cookie":"**REDACTED**","priority":"u=4"},"query":{"limit":"5","order":"created_at desc"}},"res":{"_headers":{"x-powered-by":"Express","content-version":"v5.118","vary":"Accept-Version, Accept-Encoding","cache-control":"no-cache, private, no-store, must-revalidate, max-stale=0, post-check=0, pre-check=0","content-type":"application/json; charset=utf-8","content-length":"109","etag":"W/\"6d-aDlCMngXFadesmbdF27VgKzSNxE\""},"statusCode":200,"responseTime":"36ms"},"msg":"","time":"2025-05-01T06:52:20.594Z","v":0}
{"name":"Log","hostname":"lina-blog","pid":32635,"level":30,"version":"5.118.1","req":{"meta":{"requestId":"fdcf06d9-42a2-41e0-b8cc-5d6e0cf76530","userId":"1"},"url":"/stats/referrers/","method":"GET","originalUrl":"/ghost/api/admin/stats/referrers/","params":{},"headers":{"x-real-ip":"171.224.177.21","host":"192.34.61.231","connection":"close","user-agent":"Mozilla/5.0 (Macintosh; Intel Mac OS X 10.15; rv:137.0) Gecko/20100101 Firefox/137.0","accept":"*/*","accept-language":"en-US,en;q=0.5","accept-encoding":"gzip, deflate","referer":"http://192.34.61.231/ghost/","app-pragma":"no-cache","x-ghost-version":"5.118","cookie":"**REDACTED**","priority":"u=4"},"query":{}},"res":{"_headers":{"x-powered-by":"Express","content-version":"v5.118","vary":"Accept-Version, Accept-Encoding","cache-control":"no-cache, private, no-store, must-revalidate, max-stale=0, post-check=0, pre-check=0","content-type":"application/json; charset=utf-8","content-length":"22","etag":"W/\"16-WcmRIiz+hBM7bbYRjg6ziVwXuLI\""},"statusCode":200,"responseTime":"51ms"},"msg":"","time":"2025-05-01T06:52:20.621Z","v":0}
{"name":"Log","hostname":"lina-blog","pid":32635,"level":30,"version":"5.118.1","req":{"meta":{"requestId":"17518d91-ed9b-4b7b-887e-7e69081bbca2","userId":"1"},"url":"/newsletters/?include=count.active_members%2Ccount.posts&limit=50","method":"GET","originalUrl":"/ghost/api/admin/newsletters/?include=count.active_members%2Ccount.posts&limit=50","params":{},"headers":{"x-real-ip":"171.224.177.21","host":"192.34.61.231","connection":"close","user-agent":"Mozilla/5.0 (Macintosh; Intel Mac OS X 10.15; rv:137.0) Gecko/20100101 Firefox/137.0","accept":"*/*","accept-language":"en-US,en;q=0.5","accept-encoding":"gzip, deflate","referer":"http://192.34.61.231/ghost/","app-pragma":"no-cache","x-ghost-version":"5.118","cookie":"**REDACTED**","priority":"u=4"},"query":{"include":"count.active_members,count.posts","limit":"50"}},"res":{"_headers":{"x-powered-by":"Express","content-version":"v5.118","vary":"Accept-Version, Accept-Encoding","cache-control":"no-cache, private, no-store, must-revalidate, max-stale=0, post-check=0, pre-check=0","content-type":"application/json; charset=utf-8","content-length":"1018","etag":"W/\"3fa-wuxD4xWcH6FKaYu2O4EBGlIEtT4\""},"statusCode":200,"responseTime":"65ms"},"msg":"","time":"2025-05-01T06:52:20.648Z","v":0}
{"name":"Log","hostname":"lina-blog","pid":32635,"level":30,"version":"5.118.1","req":{"meta":{"requestId":"4c1a19fb-5a23-44b6-98e1-4d4f430936f5","userId":"1"},"url":"/integrations/?include=api_keys%2Cwebhooks","method":"GET","originalUrl":"/ghost/api/admin/integrations/?include=api_keys%2Cwebhooks","params":{},"headers":{"x-real-ip":"171.224.177.21","host":"192.34.61.231","connection":"close","user-agent":"Mozilla/5.0 (Macintosh; Intel Mac OS X 10.15; rv:137.0) Gecko/20100101 Firefox/137.0","accept":"*/*","accept-language":"en-US,en;q=0.5","accept-encoding":"gzip, deflate","referer":"http://192.34.61.231/ghost/","app-pragma":"no-cache","x-ghost-version":"5.118","cookie":"**REDACTED**","priority":"u=4"},"query":{"include":"api_keys,webhooks"}},"res":{"_headers":{"x-powered-by":"Express","content-version":"v5.118","vary":"Accept-Version, Accept-Encoding","cache-control":"no-cache, private, no-store, must-revalidate, max-stale=0, post-check=0, pre-check=0","content-type":"application/json; charset=utf-8","etag":"W/\"a43-vfdu9kv5hCSi1MW9L0jT805+JAc\"","content-encoding":"gzip"},"statusCode":200,"responseTime":"62ms"},"msg":"","time":"2025-05-01T06:52:20.668Z","v":0}
{"name":"Log","hostname":"lina-blog","pid":32635,"level":30,"version":"5.118.1","req":{"meta":{"requestId":"26a95074-a6b4-4e4e-abcb-f0078f7bc28a","userId":null},"url":"/admin-x-settings/index-48250e60.mjs","method":"GET","originalUrl":"/ghost/assets/admin-x-settings/index-48250e60.mjs","params":{},"headers":{"x-real-ip":"171.224.177.21","host":"192.34.61.231","connection":"close","user-agent":"Mozilla/5.0 (Macintosh; Intel Mac OS X 10.15; rv:137.0) Gecko/20100101 Firefox/137.0","accept":"*/*","accept-language":"en-US,en;q=0.5","accept-encoding":"gzip, deflate","referer":"http://192.34.61.231/ghost/assets/admin-x-settings/modals-8fdc40a2.mjs","cookie":"**REDACTED**"},"query":{}},"res":{"_headers":{"x-powered-by":"Express","accept-ranges":"bytes","cache-control":"public, max-age=31536000, immutable","last-modified":"Sat, 26 Oct 1985 08:15:00 GMT","etag":"W/\"6362d-7438674ba0\"","content-type":"application/javascript; charset=UTF-8","vary":"Accept-Encoding","content-encoding":"gzip"},"statusCode":200,"responseTime":"14ms"},"msg":"","time":"2025-05-01T06:52:22.048Z","v":0}
{"name":"Log","hostname":"lina-blog","pid":32635,"level":30,"version":"5.118.1","req":{"meta":{"requestId":"05561240-6b11-4ea3-8255-ce5c10629ab4","userId":"1"},"url":"/custom_theme_settings/","method":"GET","originalUrl":"/ghost/api/admin/custom_theme_settings/","params":{},"headers":{"x-real-ip":"171.224.177.21","host":"192.34.61.231","connection":"close","user-agent":"Mozilla/5.0 (Macintosh; Intel Mac OS X 10.15; rv:137.0) Gecko/20100101 Firefox/137.0","accept":"*/*","accept-language":"en-US,en;q=0.5","accept-encoding":"gzip, deflate","referer":"http://192.34.61.231/ghost/","app-pragma":"no-cache","x-ghost-version":"5.118","cookie":"**REDACTED**","priority":"u=4"},"query":{}},"res":{"_headers":{"x-powered-by":"Express","content-version":"v5.118","vary":"Accept-Version, Accept-Encoding","cache-control":"no-cache, private, no-store, must-revalidate, max-stale=0, post-check=0, pre-check=0","content-type":"application/json; charset=utf-8","etag":"W/\"c7f-nHgvhdZkyh2MoSHjfk/04AfpTjk\"","content-encoding":"gzip"},"statusCode":200,"responseTime":"37ms"},"msg":"","time":"2025-05-01T06:52:22.137Z","v":0}
{"name":"Log","hostname":"lina-blog","pid":32635,"level":30,"version":"5.118.1","req":{"meta":{"requestId":"ea2cf9c8-9c8d-47c3-9e16-ae51a41e13eb","userId":"1"},"url":"/posts/?filter=status%3Apublished&order=published_at+DESC&limit=1&fields=id%2Curl","method":"GET","originalUrl":"/ghost/api/admin/posts/?filter=status%3Apublished&order=published_at+DESC&limit=1&fields=id%2Curl","params":{},"headers":{"x-real-ip":"171.224.177.21","host":"192.34.61.231","connection":"close","user-agent":"Mozilla/5.0 (Macintosh; Intel Mac OS X 10.15; rv:137.0) Gecko/20100101 Firefox/137.0","accept":"*/*","accept-language":"en-US,en;q=0.5","accept-encoding":"gzip, deflate","referer":"http://192.34.61.231/ghost/","app-pragma":"no-cache","x-ghost-version":"5.118","cookie":"**REDACTED**","priority":"u=4"},"query":{"filter":"status:published","order":"published_at DESC","limit":"1","fields":"id,url"}},"res":{"_headers":{"x-powered-by":"Express","content-version":"v5.118","vary":"Accept-Version, Accept-Encoding","cache-control":"no-cache, private, no-store, must-revalidate, max-stale=0, post-check=0, pre-check=0","content-type":"application/json; charset=utf-8","content-length":"175","etag":"W/\"af-50QVYfrYi+3qSWKdR6B6BlMqhfI\""},"statusCode":200,"responseTime":"35ms"},"msg":"","time":"2025-05-01T06:52:22.142Z","v":0}
{"name":"Log","hostname":"lina-blog","pid":32635,"level":30,"version":"5.118.1","req":{"meta":{"requestId":"5f20f982-0e41-4b52-8bb1-31b271cd17ea","userId":"1"},"url":"/themes/active/","method":"GET","originalUrl":"/ghost/api/admin/themes/active/","params":{},"headers":{"x-real-ip":"171.224.177.21","host":"192.34.61.231","connection":"close","user-agent":"Mozilla/5.0 (Macintosh; Intel Mac OS X 10.15; rv:137.0) Gecko/20100101 Firefox/137.0","accept":"*/*","accept-language":"en-US,en;q=0.5","accept-encoding":"gzip, deflate","referer":"http://192.34.61.231/ghost/","app-pragma":"no-cache","x-ghost-version":"5.118","cookie":"**REDACTED**","priority":"u=0"},"query":{}},"res":{"_headers":{"x-powered-by":"Express","content-version":"v5.118","vary":"Accept-Version, Accept-Encoding","cache-control":"no-cache, private, no-store, must-revalidate, max-stale=0, post-check=0, pre-check=0","content-type":"application/json; charset=utf-8","etag":"W/\"e93-rJ65zfyElQqbqi/vH2pWLKGkojE\"","content-encoding":"gzip"},"statusCode":200,"responseTime":"17ms"},"msg":"","time":"2025-05-01T06:52:33.833Z","v":0}
{"name":"Log","hostname":"lina-blog","pid":32635,"level":30,"version":"5.118.1","req":{"meta":{"requestId":"2d9d0728-7cad-4b5c-86c3-67c0b9330b88","userId":"1"},"url":"/snippets/?formats=mobiledoc%2Clexical&limit=all","method":"GET","originalUrl":"/ghost/api/admin/snippets/?formats=mobiledoc%2Clexical&limit=all","params":{},"headers":{"x-real-ip":"171.224.177.21","host":"192.34.61.231","connection":"close","user-agent":"Mozilla/5.0 (Macintosh; Intel Mac OS X 10.15; rv:137.0) Gecko/20100101 Firefox/137.0","accept":"application/json, text/javascript, */*; q=0.01","accept-language":"en-US,en;q=0.5","accept-encoding":"gzip, deflate","content-type":"application/json; charset=UTF-8","x-ghost-version":"5.118","app-pragma":"no-cache","x-requested-with":"XMLHttpRequest","referer":"http://192.34.61.231/ghost/","cookie":"**REDACTED**","priority":"u=0"},"query":{"formats":"mobiledoc,lexical","limit":"all"}},"res":{"_headers":{"x-powered-by":"Express","content-version":"v5.118","vary":"Accept-Version, Accept-Encoding","cache-control":"no-cache, private, no-store, must-revalidate, max-stale=0, post-check=0, pre-check=0","content-type":"application/json; charset=utf-8","content-length":"106","etag":"W/\"6a-P/Xz698jPBAiP0yXVF8SOryKOtc\""},"statusCode":200,"responseTime":"50ms"},"msg":"","time":"2025-05-01T06:52:41.709Z","v":0}
{"name":"Log","hostname":"lina-blog","pid":32635,"level":30,"version":"5.118.1","req":{"meta":{"requestId":"0b3fce11-d507-4569-8482-d936b7c04887","userId":"1"},"url":"/users/1/?include=roles","method":"PUT","originalUrl":"/ghost/api/admin/users/1/?include=roles","params":{"id":"1"},"headers":{"x-real-ip":"171.224.177.21","host":"192.34.61.231","connection":"close","content-length":"1013","user-agent":"Mozilla/5.0 (Macintosh; Intel Mac OS X 10.15; rv:137.0) Gecko/20100101 Firefox/137.0","accept":"application/json, text/javascript, */*; q=0.01","accept-language":"en-US,en;q=0.5","accept-encoding":"gzip, deflate","content-type":"application/json; charset=utf-8","x-ghost-version":"5.118","app-pragma":"no-cache","x-requested-with":"XMLHttpRequest","origin":"http://192.34.61.231","referer":"http://192.34.61.231/ghost/","cookie":"**REDACTED**","priority":"u=0"},"query":{"include":"roles"}},"res":{"_headers":{"x-powered-by":"Express","content-version":"v5.118","vary":"Accept-Version, Origin, Accept-Encoding","cache-control":"no-cache, private, no-store, must-revalidate, max-stale=0, post-check=0, pre-check=0","access-control-allow-origin":"http://192.34.61.231","content-type":"application/json; charset=utf-8","etag":"W/\"4b0-FuI6xOxMyKXD/GpllP4E/XKk3FE\"","content-encoding":"gzip"},"statusCode":200,"responseTime":"117ms"},"msg":"","time":"2025-05-01T06:52:41.737Z","v":0}
{"name":"Log","hostname":"lina-blog","pid":32635,"level":30,"version":"5.118.1","req":{"meta":{"requestId":"4b868fbd-22ae-4931-ace6-dddbde46f165","userId":"1"},"url":"/posts/?formats=mobiledoc%2Clexical&filter=status%3Apublished&fields=id%2Curl%2Ctitle%2Cvisibility%2Cpublished_at&order=published_at%20desc&limit=5","method":"GET","originalUrl":"/ghost/api/admin/posts/?formats=mobiledoc%2Clexical&filter=status%3Apublished&fields=id%2Curl%2Ctitle%2Cvisibility%2Cpublished_at&order=published_at%20desc&limit=5","params":{},"headers":{"x-real-ip":"171.224.177.21","host":"192.34.61.231","connection":"close","user-agent":"Mozilla/5.0 (Macintosh; Intel Mac OS X 10.15; rv:137.0) Gecko/20100101 Firefox/137.0","accept":"application/json, text/javascript, */*; q=0.01","accept-language":"en-US,en;q=0.5","accept-encoding":"gzip, deflate","content-type":"application/json; charset=UTF-8","x-ghost-version":"5.118","app-pragma":"no-cache","x-requested-with":"XMLHttpRequest","referer":"http://192.34.61.231/ghost/","cookie":"**REDACTED**","priority":"u=0"},"query":{"formats":"mobiledoc,lexical","filter":"status:published","fields":"id,url,title,visibility,published_at","order":"published_at desc","limit":"5"}},"res":{"_headers":{"x-powered-by":"Express","content-version":"v5.118","vary":"Accept-Version, Accept-Encoding","cache-control":"no-cache, private, no-store, must-revalidate, max-stale=0, post-check=0, pre-check=0","content-type":"application/json; charset=utf-8","content-length":"731","etag":"W/\"2db-RtU13+CSztR+AORNt66BaDu5mhE\""},"statusCode":200,"responseTime":"65ms"},"msg":"","time":"2025-05-01T06:52:41.768Z","v":0}
{"name":"Log","hostname":"lina-blog","pid":32635,"level":30,"version":"5.118.1","req":{"meta":{"requestId":"d596fc3e-02bc-4a25-b578-4954ab64182e","userId":"1"},"url":"/posts/?formats=mobiledoc%2Clexical&filter=status%3Apublished&fields=id%2Curl%2Ctitle%2Cvisibility%2Cpublished_at&order=published_at%20desc&limit=5","method":"GET","originalUrl":"/ghost/api/admin/posts/?formats=mobiledoc%2Clexical&filter=status%3Apublished&fields=id%2Curl%2Ctitle%2Cvisibility%2Cpublished_at&order=published_at%20desc&limit=5","params":{},"headers":{"x-real-ip":"171.224.177.21","host":"192.34.61.231","connection":"close","user-agent":"Mozilla/5.0 (Macintosh; Intel Mac OS X 10.15; rv:137.0) Gecko/20100101 Firefox/137.0","accept":"application/json, text/javascript, */*; q=0.01","accept-language":"en-US,en;q=0.5","accept-encoding":"gzip, deflate","content-type":"application/json; charset=UTF-8","x-ghost-version":"5.118","app-pragma":"no-cache","x-requested-with":"XMLHttpRequest","referer":"http://192.34.61.231/ghost/","cookie":"**REDACTED**","priority":"u=0"},"query":{"formats":"mobiledoc,lexical","filter":"status:published","fields":"id,url,title,visibility,published_at","order":"published_at desc","limit":"5"}},"res":{"_headers":{"x-powered-by":"Express","content-version":"v5.118","vary":"Accept-Version, Accept-Encoding","cache-control":"no-cache, private, no-store, must-revalidate, max-stale=0, post-check=0, pre-check=0","content-type":"application/json; charset=utf-8","content-length":"731","etag":"W/\"2db-RtU13+CSztR+AORNt66BaDu5mhE\""},"statusCode":200,"responseTime":"59ms"},"msg":"","time":"2025-05-01T06:52:41.771Z","v":0}
{"name":"Log","hostname":"lina-blog","pid":32635,"level":30,"version":"5.118.1","req":{"meta":{"requestId":"99f20ebb-bdac-4f9b-86dd-31f8c0a3f10d","userId":"1"},"url":"/posts/?formats=mobiledoc%2Clexical&filter=status%3Apublished&fields=id%2Curl%2Ctitle%2Cvisibility%2Cpublished_at&order=published_at%20desc&limit=5","method":"GET","originalUrl":"/ghost/api/admin/posts/?formats=mobiledoc%2Clexical&filter=status%3Apublished&fields=id%2Curl%2Ctitle%2Cvisibility%2Cpublished_at&order=published_at%20desc&limit=5","params":{},"headers":{"x-real-ip":"171.224.177.21","host":"192.34.61.231","connection":"close","user-agent":"Mozilla/5.0 (Macintosh; Intel Mac OS X 10.15; rv:137.0) Gecko/20100101 Firefox/137.0","accept":"application/json, text/javascript, */*; q=0.01","accept-language":"en-US,en;q=0.5","accept-encoding":"gzip, deflate","content-type":"application/json; charset=UTF-8","x-ghost-version":"5.118","app-pragma":"no-cache","x-requested-with":"XMLHttpRequest","referer":"http://192.34.61.231/ghost/","cookie":"**REDACTED**"},"query":{"formats":"mobiledoc,lexical","filter":"status:published","fields":"id,url,title,visibility,published_at","order":"published_at desc","limit":"5"}},"res":{"_headers":{"x-powered-by":"Express","content-version":"v5.118","vary":"Accept-Version, Accept-Encoding","cache-control":"no-cache, private, no-store, must-revalidate, max-stale=0, post-check=0, pre-check=0","content-type":"application/json; charset=utf-8","content-length":"731","etag":"W/\"2db-RtU13+CSztR+AORNt66BaDu5mhE\""},"statusCode":200,"responseTime":"93ms"},"msg":"","time":"2025-05-01T06:52:41.875Z","v":0}
{"name":"Log","hostname":"lina-blog","pid":32635,"level":30,"version":"5.118.1","req":{"meta":{"requestId":"ca3b1600-9600-4754-8ee5-a97c258e4d38","userId":"1"},"url":"/posts/?formats=mobiledoc%2Clexical&filter=status%3Apublished&fields=id%2Curl%2Ctitle%2Cvisibility%2Cpublished_at&order=published_at%20desc&limit=5","method":"GET","originalUrl":"/ghost/api/admin/posts/?formats=mobiledoc%2Clexical&filter=status%3Apublished&fields=id%2Curl%2Ctitle%2Cvisibility%2Cpublished_at&order=published_at%20desc&limit=5","params":{},"headers":{"x-real-ip":"171.224.177.21","host":"192.34.61.231","connection":"close","user-agent":"Mozilla/5.0 (Macintosh; Intel Mac OS X 10.15; rv:137.0) Gecko/20100101 Firefox/137.0","accept":"application/json, text/javascript, */*; q=0.01","accept-language":"en-US,en;q=0.5","accept-encoding":"gzip, deflate","content-type":"application/json; charset=UTF-8","x-ghost-version":"5.118","app-pragma":"no-cache","x-requested-with":"XMLHttpRequest","referer":"http://192.34.61.231/ghost/","cookie":"**REDACTED**"},"query":{"formats":"mobiledoc,lexical","filter":"status:published","fields":"id,url,title,visibility,published_at","order":"published_at desc","limit":"5"}},"res":{"_headers":{"x-powered-by":"Express","content-version":"v5.118","vary":"Accept-Version, Accept-Encoding","cache-control":"no-cache, private, no-store, must-revalidate, max-stale=0, post-check=0, pre-check=0","content-type":"application/json; charset=utf-8","content-length":"731","etag":"W/\"2db-RtU13+CSztR+AORNt66BaDu5mhE\""},"statusCode":200,"responseTime":"92ms"},"msg":"","time":"2025-05-01T06:52:41.878Z","v":0}
{"name":"Log","hostname":"lina-blog","pid":32635,"level":30,"version":"5.118.1","req":{"meta":{"requestId":"f2b41ddb-e0d8-4a00-b3b3-917c3487dfe8","userId":"1"},"url":"/users/?fields%5B%5D=id&fields%5B%5D=slug&fields%5B%5D=url&fields%5B%5D=name&fields%5B%5D=profile_image&limit=10000","method":"GET","originalUrl":"/ghost/api/admin/users/?fields%5B%5D=id&fields%5B%5D=slug&fields%5B%5D=url&fields%5B%5D=name&fields%5B%5D=profile_image&limit=10000","params":{},"headers":{"x-real-ip":"171.224.177.21","host":"192.34.61.231","connection":"close","user-agent":"Mozilla/5.0 (Macintosh; Intel Mac OS X 10.15; rv:137.0) Gecko/20100101 Firefox/137.0","accept":"application/json, text/javascript, */*; q=0.01","accept-language":"en-US,en;q=0.5","accept-encoding":"gzip, deflate","content-type":"application/json; charset=UTF-8","x-ghost-version":"5.118","app-pragma":"no-cache","x-requested-with":"XMLHttpRequest","referer":"http://192.34.61.231/ghost/","cookie":"**REDACTED**"},"query":{"fields":{"0":"id","1":"slug","2":"url","3":"name","4":"profile_image"},"limit":"10000"}},"res":{"_headers":{"x-powered-by":"Express","content-version":"v5.118","vary":"Accept-Version, Accept-Encoding","cache-control":"no-cache, private, no-store, must-revalidate, max-stale=0, post-check=0, pre-check=0","content-type":"application/json; charset=utf-8","content-length":"205","etag":"W/\"cd-t76AYQcCYOfalowzWWCFvbprxqc\""},"statusCode":200,"responseTime":"20ms"},"msg":"","time":"2025-05-01T06:52:42.000Z","v":0}
{"name":"Log","hostname":"lina-blog","pid":32635,"level":30,"version":"5.118.1","req":{"meta":{"requestId":"f1af02cf-e117-4bf9-bd56-4267e015d259","userId":"1"},"url":"/tags/?fields%5B%5D=id&fields%5B%5D=slug&fields%5B%5D=url&fields%5B%5D=name&limit=10000","method":"GET","originalUrl":"/ghost/api/admin/tags/?fields%5B%5D=id&fields%5B%5D=slug&fields%5B%5D=url&fields%5B%5D=name&limit=10000","params":{},"headers":{"x-real-ip":"171.224.177.21","host":"192.34.61.231","connection":"close","user-agent":"Mozilla/5.0 (Macintosh; Intel Mac OS X 10.15; rv:137.0) Gecko/20100101 Firefox/137.0","accept":"application/json, text/javascript, */*; q=0.01","accept-language":"en-US,en;q=0.5","accept-encoding":"gzip, deflate","content-type":"application/json; charset=UTF-8","x-ghost-version":"5.118","app-pragma":"no-cache","x-requested-with":"XMLHttpRequest","referer":"http://192.34.61.231/ghost/","cookie":"**REDACTED**"},"query":{"fields":{"0":"id","1":"slug","2":"url","3":"name"},"limit":"10000"}},"res":{"_headers":{"x-powered-by":"Express","content-version":"v5.118","vary":"Accept-Version, Accept-Encoding","cache-control":"no-cache, private, no-store, must-revalidate, max-stale=0, post-check=0, pre-check=0","content-type":"application/json; charset=utf-8","content-length":"203","etag":"W/\"cb-i8NOEt8Xxl6xJqH0i3ioQnErjQI\""},"statusCode":200,"responseTime":"22ms"},"msg":"","time":"2025-05-01T06:52:42.026Z","v":0}
{"name":"Log","hostname":"lina-blog","pid":32635,"level":30,"version":"5.118.1","req":{"meta":{"requestId":"e82461db-df99-4917-8a2e-db1218723337","userId":"1"},"url":"/posts/?fields%5B%5D=id&fields%5B%5D=url&fields%5B%5D=title&fields%5B%5D=status&fields%5B%5D=published_at&fields%5B%5D=visibility&limit=10000&order=updated_at%20desc","method":"GET","originalUrl":"/ghost/api/admin/posts/?fields%5B%5D=id&fields%5B%5D=url&fields%5B%5D=title&fields%5B%5D=status&fields%5B%5D=published_at&fields%5B%5D=visibility&limit=10000&order=updated_at%20desc","params":{},"headers":{"x-real-ip":"171.224.177.21","host":"192.34.61.231","connection":"close","user-agent":"Mozilla/5.0 (Macintosh; Intel Mac OS X 10.15; rv:137.0) Gecko/20100101 Firefox/137.0","accept":"application/json, text/javascript, */*; q=0.01","accept-language":"en-US,en;q=0.5","accept-encoding":"gzip, deflate","content-type":"application/json; charset=UTF-8","x-ghost-version":"5.118","app-pragma":"no-cache","x-requested-with":"XMLHttpRequest","referer":"http://192.34.61.231/ghost/","cookie":"**REDACTED**"},"query":{"fields":{"0":"id","1":"url","2":"title","3":"status","4":"published_at","5":"visibility"},"limit":"10000","order":"updated_at desc"}},"res":{"_headers":{"x-powered-by":"Express","content-version":"v5.118","vary":"Accept-Version, Accept-Encoding","cache-control":"no-cache, private, no-store, must-revalidate, max-stale=0, post-check=0, pre-check=0","content-type":"application/json; charset=utf-8","content-length":"286","etag":"W/\"11e-DfbhdKVn/blUgLi5DUw1YXLRN5o\""},"statusCode":200,"responseTime":"72ms"},"msg":"","time":"2025-05-01T06:52:42.107Z","v":0}
{"name":"Log","hostname":"lina-blog","pid":32635,"level":30,"version":"5.118.1","req":{"meta":{"requestId":"8f050faa-20e3-4f37-a88d-5a3118a6231e","userId":"1"},"url":"/pages/?fields%5B%5D=id&fields%5B%5D=url&fields%5B%5D=title&fields%5B%5D=status&fields%5B%5D=published_at&fields%5B%5D=visibility&limit=10000&order=updated_at%20desc","method":"GET","originalUrl":"/ghost/api/admin/pages/?fields%5B%5D=id&fields%5B%5D=url&fields%5B%5D=title&fields%5B%5D=status&fields%5B%5D=published_at&fields%5B%5D=visibility&limit=10000&order=updated_at%20desc","params":{},"headers":{"x-real-ip":"171.224.177.21","host":"192.34.61.231","connection":"close","user-agent":"Mozilla/5.0 (Macintosh; Intel Mac OS X 10.15; rv:137.0) Gecko/20100101 Firefox/137.0","accept":"application/json, text/javascript, */*; q=0.01","accept-language":"en-US,en;q=0.5","accept-encoding":"gzip, deflate","content-type":"application/json; charset=UTF-8","x-ghost-version":"5.118","app-pragma":"no-cache","x-requested-with":"XMLHttpRequest","referer":"http://192.34.61.231/ghost/","cookie":"**REDACTED**"},"query":{"fields":{"0":"id","1":"url","2":"title","3":"status","4":"published_at","5":"visibility"},"limit":"10000","order":"updated_at desc"}},"res":{"_headers":{"x-powered-by":"Express","content-version":"v5.118","vary":"Accept-Version, Accept-Encoding","cache-control":"no-cache, private, no-store, must-revalidate, max-stale=0, post-check=0, pre-check=0","content-type":"application/json; charset=utf-8","content-length":"284","etag":"W/\"11c-btgpuTLmr4rGplomH7mHC0GLSr8\""},"statusCode":200,"responseTime":"74ms"},"msg":"","time":"2025-05-01T06:52:42.113Z","v":0}
{"name":"Log","hostname":"lina-blog","pid":32635,"level":30,"version":"5.118.1","req":{"meta":{"requestId":"621134d2-6cac-48f8-b422-c7835817e6d6","userId":"1"},"url":"/posts/?formats=mobiledoc%2Clexical&limit=30&page=1&allFilter=status%3A%5Bdraft%2Cscheduled%2Cpublished%2Csent%5D&order=published_at%20desc&filter=status%3Ascheduled","method":"GET","originalUrl":"/ghost/api/admin/posts/?formats=mobiledoc%2Clexical&limit=30&page=1&allFilter=status%3A%5Bdraft%2Cscheduled%2Cpublished%2Csent%5D&order=published_at%20desc&filter=status%3Ascheduled","params":{},"headers":{"x-real-ip":"171.224.177.21","host":"192.34.61.231","connection":"close","user-agent":"Mozilla/5.0 (Macintosh; Intel Mac OS X 10.15; rv:137.0) Gecko/20100101 Firefox/137.0","accept":"application/json, text/javascript, */*; q=0.01","accept-language":"en-US,en;q=0.5","accept-encoding":"gzip, deflate","content-type":"application/json; charset=UTF-8","x-ghost-version":"5.118","app-pragma":"no-cache","x-requested-with":"XMLHttpRequest","referer":"http://192.34.61.231/ghost/","cookie":"**REDACTED**","priority":"u=0"},"query":{"formats":"mobiledoc,lexical","limit":"30","page":"1","allFilter":"status:[draft,scheduled,published,sent]","order":"published_at desc","filter":"status:scheduled"}},"res":{"_headers":{"x-powered-by":"Express","content-version":"v5.118","vary":"Accept-Version, Accept-Encoding","cache-control":"no-cache, private, no-store, must-revalidate, max-stale=0, post-check=0, pre-check=0","content-type":"application/json; charset=utf-8","content-length":"100","etag":"W/\"64-LHOPE4eAetLKcAFGzaqV/r6lmZI\""},"statusCode":200,"responseTime":"69ms"},"msg":"","time":"2025-05-01T06:52:43.224Z","v":0}
{"name":"Log","hostname":"lina-blog","pid":32635,"level":30,"version":"5.118.1","req":{"meta":{"requestId":"a1dd273a-1c6e-459f-ad38-bf9492dc692b","userId":"1"},"url":"/posts/?formats=mobiledoc%2Clexical&limit=30&page=1&allFilter=status%3A%5Bdraft%2Cscheduled%2Cpublished%2Csent%5D&order=updated_at%20desc&filter=status%3Adraft","method":"GET","originalUrl":"/ghost/api/admin/posts/?formats=mobiledoc%2Clexical&limit=30&page=1&allFilter=status%3A%5Bdraft%2Cscheduled%2Cpublished%2Csent%5D&order=updated_at%20desc&filter=status%3Adraft","params":{},"headers":{"x-real-ip":"171.224.177.21","host":"192.34.61.231","connection":"close","user-agent":"Mozilla/5.0 (Macintosh; Intel Mac OS X 10.15; rv:137.0) Gecko/20100101 Firefox/137.0","accept":"application/json, text/javascript, */*; q=0.01","accept-language":"en-US,en;q=0.5","accept-encoding":"gzip, deflate","content-type":"application/json; charset=UTF-8","x-ghost-version":"5.118","app-pragma":"no-cache","x-requested-with":"XMLHttpRequest","referer":"http://192.34.61.231/ghost/","cookie":"**REDACTED**","priority":"u=0"},"query":{"formats":"mobiledoc,lexical","limit":"30","page":"1","allFilter":"status:[draft,scheduled,published,sent]","order":"updated_at desc","filter":"status:draft"}},"res":{"_headers":{"x-powered-by":"Express","content-version":"v5.118","vary":"Accept-Version, Accept-Encoding","cache-control":"no-cache, private, no-store, must-revalidate, max-stale=0, post-check=0, pre-check=0","content-type":"application/json; charset=utf-8","content-length":"100","etag":"W/\"64-LHOPE4eAetLKcAFGzaqV/r6lmZI\""},"statusCode":200,"responseTime":"75ms"},"msg":"","time":"2025-05-01T06:52:43.236Z","v":0}
{"name":"Log","hostname":"lina-blog","pid":32635,"level":30,"version":"5.118.1","req":{"meta":{"requestId":"e8828357-fd12-45c4-98a5-60fe15530559","userId":"1"},"url":"/posts/?formats=mobiledoc%2Clexical&limit=30&page=1&allFilter=status%3A%5Bdraft%2Cscheduled%2Cpublished%2Csent%5D&order=published_at%20desc&filter=status%3A%5Bpublished%2Csent%5D","method":"GET","originalUrl":"/ghost/api/admin/posts/?formats=mobiledoc%2Clexical&limit=30&page=1&allFilter=status%3A%5Bdraft%2Cscheduled%2Cpublished%2Csent%5D&order=published_at%20desc&filter=status%3A%5Bpublished%2Csent%5D","params":{},"headers":{"x-real-ip":"171.224.177.21","host":"192.34.61.231","connection":"close","user-agent":"Mozilla/5.0 (Macintosh; Intel Mac OS X 10.15; rv:137.0) Gecko/20100101 Firefox/137.0","accept":"application/json, text/javascript, */*; q=0.01","accept-language":"en-US,en;q=0.5","accept-encoding":"gzip, deflate","content-type":"application/json; charset=UTF-8","x-ghost-version":"5.118","app-pragma":"no-cache","x-requested-with":"XMLHttpRequest","referer":"http://192.34.61.231/ghost/","cookie":"**REDACTED**","priority":"u=0"},"query":{"formats":"mobiledoc,lexical","limit":"30","page":"1","allFilter":"status:[draft,scheduled,published,sent]","order":"published_at desc","filter":"status:[published,sent]"}},"res":{"_headers":{"x-powered-by":"Express","content-version":"v5.118","vary":"Accept-Version, Accept-Encoding","cache-control":"no-cache, private, no-store, must-revalidate, max-stale=0, post-check=0, pre-check=0","content-type":"application/json; charset=utf-8","etag":"W/\"1775-X/BfXYxefHR7bbhKhlSdrNOMdIA\"","content-encoding":"gzip"},"statusCode":200,"responseTime":"143ms"},"msg":"","time":"2025-05-01T06:52:43.308Z","v":0}
{"name":"Log","hostname":"lina-blog","pid":32635,"level":30,"version":"5.118.1","req":{"meta":{"requestId":"d86ac024-34c0-432c-ae48-7375a7cb1fc5","userId":"1"},"url":"/tiers/?filter=type%3Apaid","method":"GET","originalUrl":"/ghost/api/admin/tiers/?filter=type%3Apaid","params":{},"headers":{"x-real-ip":"171.224.177.21","host":"192.34.61.231","connection":"close","user-agent":"Mozilla/5.0 (Macintosh; Intel Mac OS X 10.15; rv:137.0) Gecko/20100101 Firefox/137.0","accept":"application/json, text/javascript, */*; q=0.01","accept-language":"en-US,en;q=0.5","accept-encoding":"gzip, deflate","content-type":"application/json; charset=UTF-8","x-ghost-version":"5.118","app-pragma":"no-cache","x-requested-with":"XMLHttpRequest","referer":"http://192.34.61.231/ghost/","cookie":"**REDACTED**","priority":"u=0"},"query":{"filter":"type:paid"}},"res":{"_headers":{"x-powered-by":"Express","content-version":"v5.118","vary":"Accept-Version, Accept-Encoding","cache-control":"no-cache, private, no-store, must-revalidate, max-stale=0, post-check=0, pre-check=0","content-type":"application/json; charset=utf-8","content-length":"447","etag":"W/\"1bf-nuGIF4JdWFzP+P7+0PPWMPYy8Jg\""},"statusCode":200,"responseTime":"65ms"},"msg":"","time":"2025-05-01T06:52:48.420Z","v":0}
{"name":"Log","hostname":"lina-blog","pid":32635,"level":30,"version":"5.118.1","req":{"meta":{"requestId":"9fc27481-7156-4abd-ba5a-8c485552eba5","userId":"1"},"url":"/labels/?limit=all","method":"GET","originalUrl":"/ghost/api/admin/labels/?limit=all","params":{},"headers":{"x-real-ip":"171.224.177.21","host":"192.34.61.231","connection":"close","user-agent":"Mozilla/5.0 (Macintosh; Intel Mac OS X 10.15; rv:137.0) Gecko/20100101 Firefox/137.0","accept":"application/json, text/javascript, */*; q=0.01","accept-language":"en-US,en;q=0.5","accept-encoding":"gzip, deflate","content-type":"application/json; charset=UTF-8","x-ghost-version":"5.118","app-pragma":"no-cache","x-requested-with":"XMLHttpRequest","referer":"http://192.34.61.231/ghost/","cookie":"**REDACTED**","priority":"u=0"},"query":{"limit":"all"}},"res":{"_headers":{"x-powered-by":"Express","content-version":"v5.118","vary":"Accept-Version, Accept-Encoding","cache-control":"no-cache, private, no-store, must-revalidate, max-stale=0, post-check=0, pre-check=0","content-type":"application/json; charset=utf-8","content-length":"104","etag":"W/\"68-NrIoFpTAbqRRirKVLPUvMLi4dMA\""},"statusCode":200,"responseTime":"67ms"},"msg":"","time":"2025-05-01T06:52:48.427Z","v":0}
{"name":"Log","hostname":"lina-blog","pid":32635,"level":30,"version":"5.118.1","req":{"meta":{"requestId":"6bdc978d-ca4a-41b6-b7b6-fb4f2e5a8823","userId":"1"},"url":"/users/1/?include=roles","method":"PUT","originalUrl":"/ghost/api/admin/users/1/?include=roles","params":{"id":"1"},"headers":{"x-real-ip":"171.224.177.21","host":"192.34.61.231","connection":"close","content-length":"1032","user-agent":"Mozilla/5.0 (Macintosh; Intel Mac OS X 10.15; rv:137.0) Gecko/20100101 Firefox/137.0","accept":"application/json, text/javascript, */*; q=0.01","accept-language":"en-US,en;q=0.5","accept-encoding":"gzip, deflate","content-type":"application/json; charset=utf-8","x-ghost-version":"5.118","app-pragma":"no-cache","x-requested-with":"XMLHttpRequest","origin":"http://192.34.61.231","referer":"http://192.34.61.231/ghost/","cookie":"**REDACTED**","priority":"u=0"},"query":{"include":"roles"}},"res":{"_headers":{"x-powered-by":"Express","content-version":"v5.118","vary":"Accept-Version, Origin, Accept-Encoding","cache-control":"no-cache, private, no-store, must-revalidate, max-stale=0, post-check=0, pre-check=0","access-control-allow-origin":"http://192.34.61.231","content-type":"application/json; charset=utf-8","etag":"W/\"4c3-1IHPiWUu73wRhqL1D7Tt1JJd+IA\"","content-encoding":"gzip"},"statusCode":200,"responseTime":"143ms"},"msg":"","time":"2025-05-01T06:52:48.466Z","v":0}
{"name":"Log","hostname":"lina-blog","pid":32635,"level":30,"version":"5.118.1","req":{"meta":{"requestId":"6d709708-4c62-4fd1-bdd8-f216b5e0c62a","userId":"1"},"url":"/newsletters/?filter=status%3Aactive","method":"GET","originalUrl":"/ghost/api/admin/newsletters/?filter=status%3Aactive","params":{},"headers":{"x-real-ip":"171.224.177.21","host":"192.34.61.231","connection":"close","user-agent":"Mozilla/5.0 (Macintosh; Intel Mac OS X 10.15; rv:137.0) Gecko/20100101 Firefox/137.0","accept":"application/json, text/javascript, */*; q=0.01","accept-language":"en-US,en;q=0.5","accept-encoding":"gzip, deflate","content-type":"application/json; charset=UTF-8","x-ghost-version":"5.118","app-pragma":"no-cache","x-requested-with":"XMLHttpRequest","referer":"http://192.34.61.231/ghost/","cookie":"**REDACTED**"},"query":{"filter":"status:active"}},"res":{"_headers":{"x-powered-by":"Express","content-version":"v5.118","vary":"Accept-Version, Accept-Encoding","cache-control":"no-cache, private, no-store, must-revalidate, max-stale=0, post-check=0, pre-check=0","content-type":"application/json; charset=utf-8","content-length":"979","etag":"W/\"3d3-iMDqxOTp2Y8yvov4ZHOqsd1qXEY\""},"statusCode":200,"responseTime":"39ms"},"msg":"","time":"2025-05-01T06:52:48.743Z","v":0}
{"name":"Log","hostname":"lina-blog","pid":32635,"level":30,"version":"5.118.1","req":{"meta":{"requestId":"b869de98-3bcc-462a-8496-7fc9b99d850a","userId":"1"},"url":"/offers/?limit=all","method":"GET","originalUrl":"/ghost/api/admin/offers/?limit=all","params":{},"headers":{"x-real-ip":"171.224.177.21","host":"192.34.61.231","connection":"close","user-agent":"Mozilla/5.0 (Macintosh; Intel Mac OS X 10.15; rv:137.0) Gecko/20100101 Firefox/137.0","accept":"application/json, text/javascript, */*; q=0.01","accept-language":"en-US,en;q=0.5","accept-encoding":"gzip, deflate","content-type":"application/json; charset=UTF-8","x-ghost-version":"5.118","app-pragma":"no-cache","x-requested-with":"XMLHttpRequest","referer":"http://192.34.61.231/ghost/","cookie":"**REDACTED**"},"query":{"limit":"all"}},"res":{"_headers":{"x-powered-by":"Express","content-version":"v5.118","vary":"Accept-Version, Accept-Encoding","cache-control":"no-cache, private, no-store, must-revalidate, max-stale=0, post-check=0, pre-check=0","content-type":"application/json; charset=utf-8","content-length":"13","etag":"W/\"d-KgyGKpsvHfZLqby4ZS/d5XyKBpk\""},"statusCode":200,"responseTime":"35ms"},"msg":"","time":"2025-05-01T06:52:49.046Z","v":0}
{"name":"Log","hostname":"lina-blog","pid":32635,"level":30,"version":"5.118.1","req":{"meta":{"requestId":"acf3f894-d4a6-4c10-a200-31434f572efe","userId":"1"},"url":"/members/?order=id&limit=1&page=1&include=newsletters%2Clabels","method":"GET","originalUrl":"/ghost/api/admin/members/?order=id&limit=1&page=1&include=newsletters%2Clabels","params":{},"headers":{"x-real-ip":"171.224.177.21","host":"192.34.61.231","connection":"close","user-agent":"Mozilla/5.0 (Macintosh; Intel Mac OS X 10.15; rv:137.0) Gecko/20100101 Firefox/137.0","accept":"application/json, text/javascript, */*; q=0.01","accept-language":"en-US,en;q=0.5","accept-encoding":"gzip, deflate","content-type":"application/json; charset=UTF-8","x-ghost-version":"5.118","app-pragma":"no-cache","x-requested-with":"XMLHttpRequest","referer":"http://192.34.61.231/ghost/","cookie":"**REDACTED**","priority":"u=0"},"query":{"order":"id","limit":"1","page":"1","include":"newsletters,labels"}},"res":{"_headers":{"x-powered-by":"Express","content-version":"v5.118","vary":"Accept-Version, Accept-Encoding","cache-control":"no-cache, private, no-store, must-revalidate, max-stale=0, post-check=0, pre-check=0","content-type":"application/json; charset=utf-8","content-length":"101","etag":"W/\"65-f6nBT1UI6bh1EnkUkUhaEXI/ziw\""},"statusCode":200,"responseTime":"24ms"},"msg":"","time":"2025-05-01T06:52:51.217Z","v":0}
{"name":"Log","hostname":"lina-blog","pid":32635,"level":30,"version":"5.118.1","req":{"meta":{"requestId":"8621b47c-82b4-4cdb-bd05-7b433c4c593e","userId":"1"},"url":"/users/1/?include=roles","method":"PUT","originalUrl":"/ghost/api/admin/users/1/?include=roles","params":{"id":"1"},"headers":{"x-real-ip":"171.224.177.21","host":"192.34.61.231","connection":"close","content-length":"1054","user-agent":"Mozilla/5.0 (Macintosh; Intel Mac OS X 10.15; rv:137.0) Gecko/20100101 Firefox/137.0","accept":"application/json, text/javascript, */*; q=0.01","accept-language":"en-US,en;q=0.5","accept-encoding":"gzip, deflate","content-type":"application/json; charset=utf-8","x-ghost-version":"5.118","app-pragma":"no-cache","x-requested-with":"XMLHttpRequest","origin":"http://192.34.61.231","referer":"http://192.34.61.231/ghost/","cookie":"**REDACTED**","priority":"u=0"},"query":{"include":"roles"}},"res":{"_headers":{"x-powered-by":"Express","content-version":"v5.118","vary":"Accept-Version, Origin, Accept-Encoding","cache-control":"no-cache, private, no-store, must-revalidate, max-stale=0, post-check=0, pre-check=0","access-control-allow-origin":"http://192.34.61.231","content-type":"application/json; charset=utf-8","etag":"W/\"4d9-/VwJKKDpmJ1kZ0fAAnLX+9+NuXU\"","content-encoding":"gzip"},"statusCode":200,"responseTime":"51ms"},"msg":"","time":"2025-05-01T06:52:52.421Z","v":0}
{"name":"Log","hostname":"lina-blog","pid":32635,"level":30,"version":"5.118.1","req":{"meta":{"requestId":"8bf34e5f-9c01-4657-8ce0-4743110caf36","userId":"1"},"url":"/users/1/?include=roles","method":"PUT","originalUrl":"/ghost/api/admin/users/1/?include=roles","params":{"id":"1"},"headers":{"x-real-ip":"171.224.177.21","host":"192.34.61.231","connection":"close","content-length":"1056","user-agent":"Mozilla/5.0 (Macintosh; Intel Mac OS X 10.15; rv:137.0) Gecko/20100101 Firefox/137.0","accept":"application/json, text/javascript, */*; q=0.01","accept-language":"en-US,en;q=0.5","accept-encoding":"gzip, deflate","content-type":"application/json; charset=utf-8","x-ghost-version":"5.118","app-pragma":"no-cache","x-requested-with":"XMLHttpRequest","origin":"http://192.34.61.231","referer":"http://192.34.61.231/ghost/","cookie":"**REDACTED**","priority":"u=0"},"query":{"include":"roles"}},"res":{"_headers":{"x-powered-by":"Express","content-version":"v5.118","vary":"Accept-Version, Origin, Accept-Encoding","cache-control":"no-cache, private, no-store, must-revalidate, max-stale=0, post-check=0, pre-check=0","access-control-allow-origin":"http://192.34.61.231","content-type":"application/json; charset=utf-8","etag":"W/\"4db-rL0LN9xpsizxgBZFIyGyVC5kolA\"","content-encoding":"gzip"},"statusCode":200,"responseTime":"73ms"},"msg":"","time":"2025-05-01T06:52:55.860Z","v":0}
{"name":"Log","hostname":"lina-blog","pid":32635,"level":30,"version":"5.118.1","req":{"meta":{"requestId":"aadff646-54f2-4c7f-9d1b-c564c7cc1a57","userId":"1"},"url":"/members/?filter=last_seen_at%3A%3E2025-04-23T17%3A00%3A00.000Z&order=id&limit=1&page=1&include=newsletters%2Clabels","method":"GET","originalUrl":"/ghost/api/admin/members/?filter=last_seen_at%3A%3E2025-04-23T17%3A00%3A00.000Z&order=id&limit=1&page=1&include=newsletters%2Clabels","params":{},"headers":{"x-real-ip":"171.224.177.21","host":"192.34.61.231","connection":"close","user-agent":"Mozilla/5.0 (Macintosh; Intel Mac OS X 10.15; rv:137.0) Gecko/20100101 Firefox/137.0","accept":"application/json, text/javascript, */*; q=0.01","accept-language":"en-US,en;q=0.5","accept-encoding":"gzip, deflate","content-type":"application/json; charset=UTF-8","x-ghost-version":"5.118","app-pragma":"no-cache","x-requested-with":"XMLHttpRequest","referer":"http://192.34.61.231/ghost/","cookie":"**REDACTED**","priority":"u=0"},"query":{"filter":"last_seen_at:>2025-04-23T17:00:00.000Z","order":"id","limit":"1","page":"1","include":"newsletters,labels"}},"res":{"_headers":{"x-powered-by":"Express","content-version":"v5.118","vary":"Accept-Version, Accept-Encoding","cache-control":"no-cache, private, no-store, must-revalidate, max-stale=0, post-check=0, pre-check=0","content-type":"application/json; charset=utf-8","content-length":"101","etag":"W/\"65-f6nBT1UI6bh1EnkUkUhaEXI/ziw\""},"statusCode":200,"responseTime":"96ms"},"msg":"","time":"2025-05-01T06:52:55.928Z","v":0}
{"name":"Log","hostname":"lina-blog","pid":32635,"level":30,"version":"5.118.1","req":{"meta":{"requestId":"d98d2c49-3e2f-4180-895e-13817c4c958e","userId":"1"},"url":"/members/?filter=newsletters.status%3Aactive%2Bstatus%3A-free%2Bemail_disabled%3A0&order=id&limit=1&page=1&include=newsletters%2Clabels","method":"GET","originalUrl":"/ghost/api/admin/members/?filter=newsletters.status%3Aactive%2Bstatus%3A-free%2Bemail_disabled%3A0&order=id&limit=1&page=1&include=newsletters%2Clabels","params":{},"headers":{"x-real-ip":"171.224.177.21","host":"192.34.61.231","connection":"close","user-agent":"Mozilla/5.0 (Macintosh; Intel Mac OS X 10.15; rv:137.0) Gecko/20100101 Firefox/137.0","accept":"application/json, text/javascript, */*; q=0.01","accept-language":"en-US,en;q=0.5","accept-encoding":"gzip, deflate","content-type":"application/json; charset=UTF-8","x-ghost-version":"5.118","app-pragma":"no-cache","x-requested-with":"XMLHttpRequest","referer":"http://192.34.61.231/ghost/","cookie":"**REDACTED**","priority":"u=0"},"query":{"filter":"newsletters.status:active+status:-free+email_disabled:0","order":"id","limit":"1","page":"1","include":"newsletters,labels"}},"res":{"_headers":{"x-powered-by":"Express","content-version":"v5.118","vary":"Accept-Version, Accept-Encoding","cache-control":"no-cache, private, no-store, must-revalidate, max-stale=0, post-check=0, pre-check=0","content-type":"application/json; charset=utf-8","content-length":"101","etag":"W/\"65-f6nBT1UI6bh1EnkUkUhaEXI/ziw\""},"statusCode":200,"responseTime":"100ms"},"msg":"","time":"2025-05-01T06:52:55.938Z","v":0}
{"name":"Log","hostname":"lina-blog","pid":32635,"level":30,"version":"5.118.1","req":{"meta":{"requestId":"454d8a7f-a2d6-488b-b2b2-ebcc5da08060","userId":"1"},"url":"/stats/referrers/","method":"GET","originalUrl":"/ghost/api/admin/stats/referrers/","params":{},"headers":{"x-real-ip":"171.224.177.21","host":"192.34.61.231","connection":"close","user-agent":"Mozilla/5.0 (Macintosh; Intel Mac OS X 10.15; rv:137.0) Gecko/20100101 Firefox/137.0","accept":"application/json, text/javascript, */*; q=0.01","accept-language":"en-US,en;q=0.5","accept-encoding":"gzip, deflate","content-type":"application/json; charset=UTF-8","x-ghost-version":"5.118","app-pragma":"no-cache","x-requested-with":"XMLHttpRequest","referer":"http://192.34.61.231/ghost/","cookie":"**REDACTED**","priority":"u=0"},"query":{}},"res":{"_headers":{"x-powered-by":"Express","content-version":"v5.118","vary":"Accept-Version, Accept-Encoding","cache-control":"no-cache, private, no-store, must-revalidate, max-stale=0, post-check=0, pre-check=0","content-type":"application/json; charset=utf-8","content-length":"22","etag":"W/\"16-WcmRIiz+hBM7bbYRjg6ziVwXuLI\""},"statusCode":200,"responseTime":"99ms"},"msg":"","time":"2025-05-01T06:52:55.942Z","v":0}
{"name":"Log","hostname":"lina-blog","pid":32635,"level":30,"version":"5.118.1","req":{"meta":{"requestId":"23f9be74-c1e2-478f-90d9-858be02388d2","userId":"1"},"url":"/stats/member_count/","method":"GET","originalUrl":"/ghost/api/admin/stats/member_count/","params":{},"headers":{"x-real-ip":"171.224.177.21","host":"192.34.61.231","connection":"close","user-agent":"Mozilla/5.0 (Macintosh; Intel Mac OS X 10.15; rv:137.0) Gecko/20100101 Firefox/137.0","accept":"application/json, text/javascript, */*; q=0.01","accept-language":"en-US,en;q=0.5","accept-encoding":"gzip, deflate","content-type":"application/json; charset=UTF-8","x-ghost-version":"5.118","app-pragma":"no-cache","x-requested-with":"XMLHttpRequest","referer":"http://192.34.61.231/ghost/","cookie":"**REDACTED**","priority":"u=0"},"query":{}},"res":{"_headers":{"x-powered-by":"Express","content-version":"v5.118","vary":"Accept-Version, Accept-Encoding","cache-control":"no-cache, private, no-store, must-revalidate, max-stale=0, post-check=0, pre-check=0","content-type":"application/json; charset=utf-8","content-length":"149","etag":"W/\"95-WzNIeFVRQLsdLGGCN0Th1HLTTP8\""},"statusCode":200,"responseTime":"105ms"},"msg":"","time":"2025-05-01T06:52:55.959Z","v":0}
{"name":"Log","hostname":"lina-blog","pid":32635,"level":30,"version":"5.118.1","req":{"meta":{"requestId":"97d1eaf0-c818-4fe0-a416-d453107c467a","userId":"1"},"url":"/members/?filter=last_seen_at%3A%3E2025-03-31T17%3A00%3A00.000Z&order=id&limit=1&page=1&include=newsletters%2Clabels","method":"GET","originalUrl":"/ghost/api/admin/members/?filter=last_seen_at%3A%3E2025-03-31T17%3A00%3A00.000Z&order=id&limit=1&page=1&include=newsletters%2Clabels","params":{},"headers":{"x-real-ip":"171.224.177.21","host":"192.34.61.231","connection":"close","user-agent":"Mozilla/5.0 (Macintosh; Intel Mac OS X 10.15; rv:137.0) Gecko/20100101 Firefox/137.0","accept":"application/json, text/javascript, */*; q=0.01","accept-language":"en-US,en;q=0.5","accept-encoding":"gzip, deflate","content-type":"application/json; charset=UTF-8","x-ghost-version":"5.118","app-pragma":"no-cache","x-requested-with":"XMLHttpRequest","referer":"http://192.34.61.231/ghost/","cookie":"**REDACTED**","priority":"u=0"},"query":{"filter":"last_seen_at:>2025-03-31T17:00:00.000Z","order":"id","limit":"1","page":"1","include":"newsletters,labels"}},"res":{"_headers":{"x-powered-by":"Express","content-version":"v5.118","vary":"Accept-Version, Accept-Encoding","cache-control":"no-cache, private, no-store, must-revalidate, max-stale=0, post-check=0, pre-check=0","content-type":"application/json; charset=utf-8","content-length":"101","etag":"W/\"65-f6nBT1UI6bh1EnkUkUhaEXI/ziw\""},"statusCode":200,"responseTime":"101ms"},"msg":"","time":"2025-05-01T06:52:55.963Z","v":0}
{"name":"Log","hostname":"lina-blog","pid":32635,"level":30,"version":"5.118.1","req":{"meta":{"requestId":"3b190875-618d-485d-b8c0-a81787c9e227","userId":"1"},"url":"/members/?filter=newsletters.status%3Aactive%2Bstatus%3Afree%2Bemail_disabled%3A0&order=id&limit=1&page=1&include=newsletters%2Clabels","method":"GET","originalUrl":"/ghost/api/admin/members/?filter=newsletters.status%3Aactive%2Bstatus%3Afree%2Bemail_disabled%3A0&order=id&limit=1&page=1&include=newsletters%2Clabels","params":{},"headers":{"x-real-ip":"171.224.177.21","host":"192.34.61.231","connection":"close","user-agent":"Mozilla/5.0 (Macintosh; Intel Mac OS X 10.15; rv:137.0) Gecko/20100101 Firefox/137.0","accept":"application/json, text/javascript, */*; q=0.01","accept-language":"en-US,en;q=0.5","accept-encoding":"gzip, deflate","content-type":"application/json; charset=UTF-8","x-ghost-version":"5.118","app-pragma":"no-cache","x-requested-with":"XMLHttpRequest","referer":"http://192.34.61.231/ghost/","cookie":"**REDACTED**","priority":"u=0"},"query":{"filter":"newsletters.status:active+status:free+email_disabled:0","order":"id","limit":"1","page":"1","include":"newsletters,labels"}},"res":{"_headers":{"x-powered-by":"Express","content-version":"v5.118","vary":"Accept-Version, Accept-Encoding","cache-control":"no-cache, private, no-store, must-revalidate, max-stale=0, post-check=0, pre-check=0","content-type":"application/json; charset=utf-8","content-length":"101","etag":"W/\"65-f6nBT1UI6bh1EnkUkUhaEXI/ziw\""},"statusCode":200,"responseTime":"23ms"},"msg":"","time":"2025-05-01T06:52:56.116Z","v":0}
{"name":"Log","hostname":"lina-blog","pid":32635,"level":30,"version":"5.118.1","req":{"meta":{"requestId":"c8628d18-0c13-4778-9bf6-ca7ba0340f65","userId":"1"},"url":"/posts/?formats=mobiledoc%2Clexical&limit=5&filter=status%3A%5Bpublished%2Csent%5D&order=published_at%20desc","method":"GET","originalUrl":"/ghost/api/admin/posts/?formats=mobiledoc%2Clexical&limit=5&filter=status%3A%5Bpublished%2Csent%5D&order=published_at%20desc","params":{},"headers":{"x-real-ip":"171.224.177.21","host":"192.34.61.231","connection":"close","user-agent":"Mozilla/5.0 (Macintosh; Intel Mac OS X 10.15; rv:137.0) Gecko/20100101 Firefox/137.0","accept":"application/json, text/javascript, */*; q=0.01","accept-language":"en-US,en;q=0.5","accept-encoding":"gzip, deflate","content-type":"application/json; charset=UTF-8","x-ghost-version":"5.118","app-pragma":"no-cache","x-requested-with":"XMLHttpRequest","referer":"http://192.34.61.231/ghost/","cookie":"**REDACTED**","priority":"u=0"},"query":{"formats":"mobiledoc,lexical","limit":"5","filter":"status:[published,sent]","order":"published_at desc"}},"res":{"_headers":{"x-powered-by":"Express","content-version":"v5.118","vary":"Accept-Version, Accept-Encoding","cache-control":"no-cache, private, no-store, must-revalidate, max-stale=0, post-check=0, pre-check=0","content-type":"application/json; charset=utf-8","etag":"W/\"17ca-zgTtEvloFWTR3iLrhsMTBGD7CIw\"","content-encoding":"gzip"},"statusCode":200,"responseTime":"64ms"},"msg":"","time":"2025-05-01T06:52:56.173Z","v":0}
{"name":"Log","hostname":"lina-blog","pid":32635,"level":30,"version":"5.118.1","req":{"meta":{"requestId":"ad3cd97d-d1ca-485a-a944-bd194f35dff3","userId":null},"url":"/img/community-background-3f501ff1d764d0cb81f7c2cbacfc6503.jpg","method":"GET","originalUrl":"/ghost/assets/img/community-background-3f501ff1d764d0cb81f7c2cbacfc6503.jpg","params":{},"headers":{"x-real-ip":"171.224.177.21","host":"192.34.61.231","connection":"close","user-agent":"Mozilla/5.0 (Macintosh; Intel Mac OS X 10.15; rv:137.0) Gecko/20100101 Firefox/137.0","accept":"image/avif,image/webp,image/png,image/svg+xml,image/*;q=0.8,*/*;q=0.5","accept-language":"en-US,en;q=0.5","accept-encoding":"gzip, deflate","referer":"http://192.34.61.231/ghost/assets/ghost-dark-6cbe9c3d45b8b605f846c4b417881e50.css","cookie":"**REDACTED**","priority":"u=4, i"},"query":{}},"res":{"_headers":{"x-powered-by":"Express","accept-ranges":"bytes","cache-control":"public, max-age=31536000, immutable","last-modified":"Sat, 26 Oct 1985 08:15:00 GMT","etag":"W/\"d098b-7438674ba0\"","content-type":"image/jpeg","content-length":854411},"statusCode":200,"responseTime":"6ms"},"msg":"","time":"2025-05-01T06:52:56.208Z","v":0}
{"name":"Log","hostname":"lina-blog","pid":32635,"level":30,"version":"5.118.1","req":{"meta":{"requestId":"18bef055-a37e-441c-a232-1bb5ff3e986d","userId":"1"},"url":"/labels/?limit=all","method":"GET","originalUrl":"/ghost/api/admin/labels/?limit=all","params":{},"headers":{"x-real-ip":"171.224.177.21","host":"192.34.61.231","connection":"close","user-agent":"Mozilla/5.0 (Macintosh; Intel Mac OS X 10.15; rv:137.0) Gecko/20100101 Firefox/137.0","accept":"application/json, text/javascript, */*; q=0.01","accept-language":"en-US,en;q=0.5","accept-encoding":"gzip, deflate","content-type":"application/json; charset=UTF-8","x-ghost-version":"5.118","app-pragma":"no-cache","x-requested-with":"XMLHttpRequest","referer":"http://192.34.61.231/ghost/","cookie":"**REDACTED**","priority":"u=0"},"query":{"limit":"all"}},"res":{"_headers":{"x-powered-by":"Express","content-version":"v5.118","vary":"Accept-Version, Accept-Encoding","cache-control":"no-cache, private, no-store, must-revalidate, max-stale=0, post-check=0, pre-check=0","content-type":"application/json; charset=utf-8","content-length":"104","etag":"W/\"68-NrIoFpTAbqRRirKVLPUvMLi4dMA\""},"statusCode":200,"responseTime":"31ms"},"msg":"","time":"2025-05-01T06:52:59.822Z","v":0}
{"name":"Log","hostname":"lina-blog","pid":32635,"level":30,"version":"5.118.1","req":{"meta":{"requestId":"35d0b635-473b-4448-ad59-4a27ee1dcd0d","userId":"1"},"url":"/tiers/?filter=type%3Apaid","method":"GET","originalUrl":"/ghost/api/admin/tiers/?filter=type%3Apaid","params":{},"headers":{"x-real-ip":"171.224.177.21","host":"192.34.61.231","connection":"close","user-agent":"Mozilla/5.0 (Macintosh; Intel Mac OS X 10.15; rv:137.0) Gecko/20100101 Firefox/137.0","accept":"application/json, text/javascript, */*; q=0.01","accept-language":"en-US,en;q=0.5","accept-encoding":"gzip, deflate","content-type":"application/json; charset=UTF-8","x-ghost-version":"5.118","app-pragma":"no-cache","x-requested-with":"XMLHttpRequest","referer":"http://192.34.61.231/ghost/","cookie":"**REDACTED**","priority":"u=0"},"query":{"filter":"type:paid"}},"res":{"_headers":{"x-powered-by":"Express","content-version":"v5.118","vary":"Accept-Version, Accept-Encoding","cache-control":"no-cache, private, no-store, must-revalidate, max-stale=0, post-check=0, pre-check=0","content-type":"application/json; charset=utf-8","content-length":"447","etag":"W/\"1bf-nuGIF4JdWFzP+P7+0PPWMPYy8Jg\""},"statusCode":200,"responseTime":"34ms"},"msg":"","time":"2025-05-01T06:52:59.836Z","v":0}
{"name":"Log","hostname":"lina-blog","pid":32635,"level":30,"version":"5.118.1","req":{"meta":{"requestId":"1b22df16-e05c-40e2-9e66-b20fd7f47923","userId":"1"},"url":"/newsletters/?filter=status%3Aactive","method":"GET","originalUrl":"/ghost/api/admin/newsletters/?filter=status%3Aactive","params":{},"headers":{"x-real-ip":"171.224.177.21","host":"192.34.61.231","connection":"close","user-agent":"Mozilla/5.0 (Macintosh; Intel Mac OS X 10.15; rv:137.0) Gecko/20100101 Firefox/137.0","accept":"application/json, text/javascript, */*; q=0.01","accept-language":"en-US,en;q=0.5","accept-encoding":"gzip, deflate","content-type":"application/json; charset=UTF-8","x-ghost-version":"5.118","app-pragma":"no-cache","x-requested-with":"XMLHttpRequest","referer":"http://192.34.61.231/ghost/","cookie":"**REDACTED**"},"query":{"filter":"status:active"}},"res":{"_headers":{"x-powered-by":"Express","content-version":"v5.118","vary":"Accept-Version, Accept-Encoding","cache-control":"no-cache, private, no-store, must-revalidate, max-stale=0, post-check=0, pre-check=0","content-type":"application/json; charset=utf-8","content-length":"979","etag":"W/\"3d3-iMDqxOTp2Y8yvov4ZHOqsd1qXEY\""},"statusCode":200,"responseTime":"18ms"},"msg":"","time":"2025-05-01T06:53:00.169Z","v":0}
{"name":"Log","hostname":"lina-blog","pid":32635,"level":30,"version":"5.118.1","req":{"meta":{"requestId":"083e9fec-53dd-49da-9a6e-0afd59cfdd0c","userId":"1"},"url":"/offers/?limit=all","method":"GET","originalUrl":"/ghost/api/admin/offers/?limit=all","params":{},"headers":{"x-real-ip":"171.224.177.21","host":"192.34.61.231","connection":"close","user-agent":"Mozilla/5.0 (Macintosh; Intel Mac OS X 10.15; rv:137.0) Gecko/20100101 Firefox/137.0","accept":"application/json, text/javascript, */*; q=0.01","accept-language":"en-US,en;q=0.5","accept-encoding":"gzip, deflate","content-type":"application/json; charset=UTF-8","x-ghost-version":"5.118","app-pragma":"no-cache","x-requested-with":"XMLHttpRequest","referer":"http://192.34.61.231/ghost/","cookie":"**REDACTED**"},"query":{"limit":"all"}},"res":{"_headers":{"x-powered-by":"Express","content-version":"v5.118","vary":"Accept-Version, Accept-Encoding","cache-control":"no-cache, private, no-store, must-revalidate, max-stale=0, post-check=0, pre-check=0","content-type":"application/json; charset=utf-8","content-length":"13","etag":"W/\"d-KgyGKpsvHfZLqby4ZS/d5XyKBpk\""},"statusCode":200,"responseTime":"23ms"},"msg":"","time":"2025-05-01T06:53:00.476Z","v":0}
{"name":"Log","hostname":"lina-blog","pid":32635,"level":30,"version":"5.118.1","req":{"meta":{"requestId":"ab47778e-b5bd-4fa2-a8b5-f16a7805dfc2","userId":"1"},"url":"/stats/referrers/","method":"GET","originalUrl":"/ghost/api/admin/stats/referrers/","params":{},"headers":{"x-real-ip":"171.224.177.21","host":"192.34.61.231","connection":"close","user-agent":"Mozilla/5.0 (Macintosh; Intel Mac OS X 10.15; rv:137.0) Gecko/20100101 Firefox/137.0","accept":"application/json, text/javascript, */*; q=0.01","accept-language":"en-US,en;q=0.5","accept-encoding":"gzip, deflate","content-type":"application/json; charset=UTF-8","x-ghost-version":"5.118","app-pragma":"no-cache","x-requested-with":"XMLHttpRequest","referer":"http://192.34.61.231/ghost/","cookie":"**REDACTED**","priority":"u=0"},"query":{}},"res":{"_headers":{"x-powered-by":"Express","content-version":"v5.118","vary":"Accept-Version, Accept-Encoding","cache-control":"no-cache, private, no-store, must-revalidate, max-stale=0, post-check=0, pre-check=0","content-type":"application/json; charset=utf-8","content-length":"22","etag":"W/\"16-WcmRIiz+hBM7bbYRjg6ziVwXuLI\""},"statusCode":200,"responseTime":"48ms"},"msg":"","time":"2025-05-01T06:53:01.692Z","v":0}
{"name":"Log","hostname":"lina-blog","pid":32635,"level":30,"version":"5.118.1","req":{"meta":{"requestId":"23d5afe1-f04a-42a0-ae34-b177eda39e97","userId":"1"},"url":"/posts/?formats=mobiledoc%2Clexical&limit=5&filter=status%3A%5Bpublished%2Csent%5D&order=published_at%20desc","method":"GET","originalUrl":"/ghost/api/admin/posts/?formats=mobiledoc%2Clexical&limit=5&filter=status%3A%5Bpublished%2Csent%5D&order=published_at%20desc","params":{},"headers":{"x-real-ip":"171.224.177.21","host":"192.34.61.231","connection":"close","user-agent":"Mozilla/5.0 (Macintosh; Intel Mac OS X 10.15; rv:137.0) Gecko/20100101 Firefox/137.0","accept":"application/json, text/javascript, */*; q=0.01","accept-language":"en-US,en;q=0.5","accept-encoding":"gzip, deflate","content-type":"application/json; charset=UTF-8","x-ghost-version":"5.118","app-pragma":"no-cache","x-requested-with":"XMLHttpRequest","referer":"http://192.34.61.231/ghost/","cookie":"**REDACTED**","priority":"u=0"},"query":{"formats":"mobiledoc,lexical","limit":"5","filter":"status:[published,sent]","order":"published_at desc"}},"res":{"_headers":{"x-powered-by":"Express","content-version":"v5.118","vary":"Accept-Version, Accept-Encoding","cache-control":"no-cache, private, no-store, must-revalidate, max-stale=0, post-check=0, pre-check=0","content-type":"application/json; charset=utf-8","etag":"W/\"17ca-2HtGcSb9bSNsoXlhSG5RDpZ+ioY\"","content-encoding":"gzip"},"statusCode":200,"responseTime":"81ms"},"msg":"","time":"2025-05-01T06:53:01.729Z","v":0}
{"name":"Log","hostname":"lina-blog","pid":32635,"level":30,"version":"5.118.1","req":{"meta":{"requestId":"5622ecf1-7c63-48c1-a1c8-ab85d975ac4c","userId":null},"url":"/","method":"GET","originalUrl":"/ghost/","params":{"0":"/"},"headers":{"x-real-ip":"171.224.177.21","host":"192.34.61.231","connection":"close","user-agent":"Mozilla/5.0 (Macintosh; Intel Mac OS X 10.15; rv:137.0) Gecko/20100101 Firefox/137.0","accept":"text/html,application/xhtml+xml,application/xml;q=0.9,*/*;q=0.8","accept-language":"en-US,en;q=0.5","accept-encoding":"gzip, deflate","referer":"http://192.34.61.231/ghost/","cookie":"**REDACTED**","upgrade-insecure-requests":"1","priority":"u=0, i"},"query":{}},"res":{"_headers":{"x-powered-by":"Express","cache-control":"no-cache, private, no-store, must-revalidate, max-stale=0, post-check=0, pre-check=0","etag":"8c670d38001513076d206700c5a5f814","x-frame-options":"sameorigin","accept-ranges":"bytes","last-modified":"Sat, 26 Oct 1985 08:15:00 GMT","content-type":"text/html; charset=UTF-8","vary":"Accept-Encoding","content-encoding":"gzip"},"statusCode":200,"responseTime":"25ms"},"msg":"","time":"2025-05-01T06:53:07.170Z","v":0}
{"name":"Log","hostname":"lina-blog","pid":32635,"level":30,"version":"5.118.1","req":{"meta":{"requestId":"72d66a12-8fdf-4ca5-af95-5a5e2b1619c9","userId":null},"url":"/img/apple-touch-icon-74680e326a7e87b159d366c7d4fb3d4b.png","method":"GET","originalUrl":"/ghost/assets/img/apple-touch-icon-74680e326a7e87b159d366c7d4fb3d4b.png","params":{},"headers":{"x-real-ip":"171.224.177.21","host":"192.34.61.231","connection":"close","user-agent":"Mozilla/5.0 (Macintosh; Intel Mac OS X 10.15; rv:137.0) Gecko/20100101 Firefox/137.0","accept":"image/avif,image/webp,image/png,image/svg+xml,image/*;q=0.8,*/*;q=0.5","accept-language":"en-US,en;q=0.5","accept-encoding":"gzip, deflate","referer":"http://192.34.61.231/ghost/","cookie":"**REDACTED**","priority":"u=6"},"query":{}},"res":{"_headers":{"x-powered-by":"Express","accept-ranges":"bytes","cache-control":"public, max-age=31536000, immutable","last-modified":"Sat, 26 Oct 1985 08:15:00 GMT","etag":"W/\"1302-7438674ba0\"","content-type":"image/png","content-length":4866},"statusCode":200,"responseTime":"2ms"},"msg":"","time":"2025-05-01T06:53:07.755Z","v":0}
{"name":"Log","hostname":"lina-blog","pid":32635,"level":30,"version":"5.118.1","req":{"meta":{"requestId":"e6e4722b-48d7-4584-bfe9-c80dd3dea7f3","userId":null},"url":"/img/favicon-a9c6dbdcdc3ae568f4e0dad92149a0e3.ico","method":"GET","originalUrl":"/ghost/assets/img/favicon-a9c6dbdcdc3ae568f4e0dad92149a0e3.ico","params":{},"headers":{"x-real-ip":"171.224.177.21","host":"192.34.61.231","connection":"close","user-agent":"Mozilla/5.0 (Macintosh; Intel Mac OS X 10.15; rv:137.0) Gecko/20100101 Firefox/137.0","accept":"image/avif,image/webp,image/png,image/svg+xml,image/*;q=0.8,*/*;q=0.5","accept-language":"en-US,en;q=0.5","accept-encoding":"gzip, deflate","referer":"http://192.34.61.231/ghost/","cookie":"**REDACTED**","priority":"u=6"},"query":{}},"res":{"_headers":{"x-powered-by":"Express","accept-ranges":"bytes","cache-control":"public, max-age=31536000, immutable","last-modified":"Sat, 26 Oct 1985 08:15:00 GMT","etag":"W/\"3c2e-7438674ba0\"","content-type":"image/x-icon","content-length":15406},"statusCode":200,"responseTime":"1ms"},"msg":"","time":"2025-05-01T06:53:07.758Z","v":0}
{"name":"Log","hostname":"lina-blog","pid":32635,"level":30,"version":"5.118.1","req":{"meta":{"requestId":"96628417-18ab-40e7-a05f-c993ef5705dd","userId":"1"},"url":"/users/me/?include=roles","method":"GET","originalUrl":"/ghost/api/admin/users/me/?include=roles","params":{"id":"me"},"headers":{"x-real-ip":"171.224.177.21","host":"192.34.61.231","connection":"close","user-agent":"Mozilla/5.0 (Macintosh; Intel Mac OS X 10.15; rv:137.0) Gecko/20100101 Firefox/137.0","accept":"application/json, text/javascript, */*; q=0.01","accept-language":"en-US,en;q=0.5","accept-encoding":"gzip, deflate","content-type":"application/json; charset=UTF-8","x-ghost-version":"5.118","app-pragma":"no-cache","x-requested-with":"XMLHttpRequest","referer":"http://192.34.61.231/ghost/","cookie":"**REDACTED**"},"query":{"include":"roles"}},"res":{"_headers":{"x-powered-by":"Express","content-version":"v5.118","vary":"Accept-Version, Accept-Encoding","cache-control":"no-cache, private, no-store, must-revalidate, max-stale=0, post-check=0, pre-check=0","content-type":"application/json; charset=utf-8","etag":"W/\"4db-rL0LN9xpsizxgBZFIyGyVC5kolA\"","content-encoding":"gzip"},"statusCode":200,"responseTime":"28ms"},"msg":"","time":"2025-05-01T06:53:07.794Z","v":0}
{"name":"Log","hostname":"lina-blog","pid":32635,"level":30,"version":"5.118.1","req":{"meta":{"requestId":"5d4f5aad-f6ff-46a2-84b8-5d4a4d463a36","userId":null},"url":"/site/","method":"GET","originalUrl":"/ghost/api/admin/site/","params":{},"headers":{"x-real-ip":"171.224.177.21","host":"192.34.61.231","connection":"close","user-agent":"Mozilla/5.0 (Macintosh; Intel Mac OS X 10.15; rv:137.0) Gecko/20100101 Firefox/137.0","accept":"application/json, text/javascript, */*; q=0.01","accept-language":"en-US,en;q=0.5","accept-encoding":"gzip, deflate","content-type":"application/json; charset=UTF-8","x-ghost-version":"5.118","app-pragma":"no-cache","x-requested-with":"XMLHttpRequest","referer":"http://192.34.61.231/ghost/","cookie":"**REDACTED**"},"query":{}},"res":{"_headers":{"x-powered-by":"Express","content-version":"v5.118","vary":"Accept-Version, Accept-Encoding","cache-control":"no-cache, private, no-store, must-revalidate, max-stale=0, post-check=0, pre-check=0","content-type":"application/json; charset=utf-8","content-length":"305","etag":"W/\"131-/7wbJh99Obvg8AgBMK/SDtaTWSM\""},"statusCode":200,"responseTime":"2ms"},"msg":"","time":"2025-05-01T06:53:08.075Z","v":0}
{"name":"Log","hostname":"lina-blog","pid":32635,"level":30,"version":"5.118.1","req":{"meta":{"requestId":"bfec87a9-048f-4c2b-864e-55ceaa15701d","userId":"1"},"url":"/config/","method":"GET","originalUrl":"/ghost/api/admin/config/","params":{},"headers":{"x-real-ip":"171.224.177.21","host":"192.34.61.231","connection":"close","user-agent":"Mozilla/5.0 (Macintosh; Intel Mac OS X 10.15; rv:137.0) Gecko/20100101 Firefox/137.0","accept":"application/json, text/javascript, */*; q=0.01","accept-language":"en-US,en;q=0.5","accept-encoding":"gzip, deflate","content-type":"application/json; charset=UTF-8","x-ghost-version":"5.118","app-pragma":"no-cache","x-requested-with":"XMLHttpRequest","referer":"http://192.34.61.231/ghost/","cookie":"**REDACTED**"},"query":{}},"res":{"_headers":{"x-powered-by":"Express","content-version":"v5.118","vary":"Accept-Version, Accept-Encoding","cache-control":"no-cache, private, no-store, must-revalidate, max-stale=0, post-check=0, pre-check=0","content-type":"application/json; charset=utf-8","content-length":"612","etag":"W/\"264-4KQ3xYd3/olOYOTs2FmeiatqBvM\""},"statusCode":200,"responseTime":"18ms"},"msg":"","time":"2025-05-01T06:53:08.386Z","v":0}
{"name":"Log","hostname":"lina-blog","pid":32635,"level":30,"version":"5.118.1","req":{"meta":{"requestId":"548b757b-4685-4a15-bd80-d0aa9fc7d0be","userId":"1"},"url":"/settings/?group=site%2Ctheme%2Cprivate%2Cmembers%2Cportal%2Cnewsletter%2Cemail%2Camp%2Clabs%2Cslack%2Cunsplash%2Cviews%2Cfirstpromoter%2Ceditor%2Ccomments%2Canalytics%2Cannouncement%2Cpintura%2Cdonations%2Crecommendations%2Csecurity","method":"GET","originalUrl":"/ghost/api/admin/settings/?group=site%2Ctheme%2Cprivate%2Cmembers%2Cportal%2Cnewsletter%2Cemail%2Camp%2Clabs%2Cslack%2Cunsplash%2Cviews%2Cfirstpromoter%2Ceditor%2Ccomments%2Canalytics%2Cannouncement%2Cpintura%2Cdonations%2Crecommendations%2Csecurity","params":{},"headers":{"x-real-ip":"171.224.177.21","host":"192.34.61.231","connection":"close","user-agent":"Mozilla/5.0 (Macintosh; Intel Mac OS X 10.15; rv:137.0) Gecko/20100101 Firefox/137.0","accept":"application/json, text/javascript, */*; q=0.01","accept-language":"en-US,en;q=0.5","accept-encoding":"gzip, deflate","content-type":"application/json; charset=UTF-8","x-ghost-version":"5.118","app-pragma":"no-cache","x-requested-with":"XMLHttpRequest","referer":"http://192.34.61.231/ghost/","cookie":"**REDACTED**"},"query":{"group":"site,theme,private,members,portal,newsletter,email,amp,labs,slack,unsplash,views,firstpromoter,editor,comments,analytics,announcement,pintura,donations,recommendations,security"}},"res":{"_headers":{"x-powered-by":"Express","content-version":"v5.118","vary":"Accept-Version, Accept-Encoding","cache-control":"no-cache, private, no-store, must-revalidate, max-stale=0, post-check=0, pre-check=0","content-type":"application/json; charset=utf-8","etag":"W/\"11a2-8kEbYgPSznIPYavjhq4x9l7n4Zc\"","content-encoding":"gzip"},"statusCode":200,"responseTime":"66ms"},"msg":"","time":"2025-05-01T06:53:08.438Z","v":0}
{"name":"Log","hostname":"lina-blog","pid":32635,"level":30,"version":"5.118.1","req":{"meta":{"requestId":"6c5ce690-56ef-4b4b-89bd-f87d378c3503","userId":"1"},"url":"/tiers/?filter=type%3Apaid%2Bactive%3Atrue&limit=all","method":"GET","originalUrl":"/ghost/api/admin/tiers/?filter=type%3Apaid%2Bactive%3Atrue&limit=all","params":{},"headers":{"x-real-ip":"171.224.177.21","host":"192.34.61.231","connection":"close","user-agent":"Mozilla/5.0 (Macintosh; Intel Mac OS X 10.15; rv:137.0) Gecko/20100101 Firefox/137.0","accept":"application/json, text/javascript, */*; q=0.01","accept-language":"en-US,en;q=0.5","accept-encoding":"gzip, deflate","content-type":"application/json; charset=UTF-8","x-ghost-version":"5.118","app-pragma":"no-cache","x-requested-with":"XMLHttpRequest","referer":"http://192.34.61.231/ghost/","cookie":"**REDACTED**"},"query":{"filter":"type:paid+active:true","limit":"all"}},"res":{"_headers":{"x-powered-by":"Express","content-version":"v5.118","vary":"Accept-Version, Accept-Encoding","cache-control":"no-cache, private, no-store, must-revalidate, max-stale=0, post-check=0, pre-check=0","content-type":"application/json; charset=utf-8","content-length":"447","etag":"W/\"1bf-nuGIF4JdWFzP+P7+0PPWMPYy8Jg\""},"statusCode":200,"responseTime":"48ms"},"msg":"","time":"2025-05-01T06:53:08.442Z","v":0}
{"name":"Log","hostname":"lina-blog","pid":32635,"level":30,"version":"5.118.1","req":{"meta":{"requestId":"70ae8cfb-5100-4fbe-a7c1-1680096d47eb","userId":"1"},"url":"/themes/active/","method":"GET","originalUrl":"/ghost/api/admin/themes/active/","params":{},"headers":{"x-real-ip":"171.224.177.21","host":"192.34.61.231","connection":"close","user-agent":"Mozilla/5.0 (Macintosh; Intel Mac OS X 10.15; rv:137.0) Gecko/20100101 Firefox/137.0","accept":"application/json, text/javascript, */*; q=0.01","accept-language":"en-US,en;q=0.5","accept-encoding":"gzip, deflate","content-type":"application/json; charset=UTF-8","x-ghost-version":"5.118","app-pragma":"no-cache","x-requested-with":"XMLHttpRequest","referer":"http://192.34.61.231/ghost/","cookie":"**REDACTED**"},"query":{}},"res":{"_headers":{"x-powered-by":"Express","content-version":"v5.118","vary":"Accept-Version, Accept-Encoding","cache-control":"no-cache, private, no-store, must-revalidate, max-stale=0, post-check=0, pre-check=0","content-type":"application/json; charset=utf-8","etag":"W/\"e93-rJ65zfyElQqbqi/vH2pWLKGkojE\"","content-encoding":"gzip"},"statusCode":200,"responseTime":"26ms"},"msg":"","time":"2025-05-01T06:53:08.751Z","v":0}
{"name":"Log","hostname":"lina-blog","pid":32635,"level":30,"version":"5.118.1","req":{"meta":{"requestId":"46f72561-bde9-4a7d-8779-5a170c8fba8e","userId":"1"},"url":"/notifications/","method":"GET","originalUrl":"/ghost/api/admin/notifications/","params":{},"headers":{"x-real-ip":"171.224.177.21","host":"192.34.61.231","connection":"close","user-agent":"Mozilla/5.0 (Macintosh; Intel Mac OS X 10.15; rv:137.0) Gecko/20100101 Firefox/137.0","accept":"application/json, text/javascript, */*; q=0.01","accept-language":"en-US,en;q=0.5","accept-encoding":"gzip, deflate","content-type":"application/json; charset=UTF-8","x-ghost-version":"5.118","app-pragma":"no-cache","x-requested-with":"XMLHttpRequest","referer":"http://192.34.61.231/ghost/","cookie":"**REDACTED**"},"query":{}},"res":{"_headers":{"x-powered-by":"Express","content-version":"v5.118","vary":"Accept-Version, Accept-Encoding","cache-control":"no-cache, private, no-store, must-revalidate, max-stale=0, post-check=0, pre-check=0","content-type":"application/json; charset=utf-8","content-length":"243","etag":"W/\"f3-Hq4pWdKFDz+2mCCeWQSp6UcdYw8\""},"statusCode":200,"responseTime":"30ms"},"msg":"","time":"2025-05-01T06:53:08.759Z","v":0}
{"name":"Log","hostname":"lina-blog","pid":32635,"level":30,"version":"5.118.1","req":{"meta":{"requestId":"f08febf7-2ae7-40da-a7d8-79af4b63c7b2","userId":"1"},"url":"/members/?order=id&limit=1&page=1&include=newsletters%2Clabels","method":"GET","originalUrl":"/ghost/api/admin/members/?order=id&limit=1&page=1&include=newsletters%2Clabels","params":{},"headers":{"x-real-ip":"171.224.177.21","host":"192.34.61.231","connection":"close","user-agent":"Mozilla/5.0 (Macintosh; Intel Mac OS X 10.15; rv:137.0) Gecko/20100101 Firefox/137.0","accept":"application/json, text/javascript, */*; q=0.01","accept-language":"en-US,en;q=0.5","accept-encoding":"gzip, deflate","content-type":"application/json; charset=UTF-8","x-ghost-version":"5.118","app-pragma":"no-cache","x-requested-with":"XMLHttpRequest","referer":"http://192.34.61.231/ghost/","cookie":"**REDACTED**"},"query":{"order":"id","limit":"1","page":"1","include":"newsletters,labels"}},"res":{"_headers":{"x-powered-by":"Express","content-version":"v5.118","vary":"Accept-Version, Accept-Encoding","cache-control":"no-cache, private, no-store, must-revalidate, max-stale=0, post-check=0, pre-check=0","content-type":"application/json; charset=utf-8","content-length":"101","etag":"W/\"65-f6nBT1UI6bh1EnkUkUhaEXI/ziw\""},"statusCode":200,"responseTime":"18ms"},"msg":"","time":"2025-05-01T06:53:08.812Z","v":0}
{"name":"Log","hostname":"lina-blog","pid":32635,"level":30,"version":"5.118.1","req":{"meta":{"requestId":"45496457-d98d-4681-a33e-0746a624e1fd","userId":"1"},"url":"/integrations/?include=api_keys%2Cwebhooks","method":"GET","originalUrl":"/ghost/api/admin/integrations/?include=api_keys%2Cwebhooks","params":{},"headers":{"x-real-ip":"171.224.177.21","host":"192.34.61.231","connection":"close","user-agent":"Mozilla/5.0 (Macintosh; Intel Mac OS X 10.15; rv:137.0) Gecko/20100101 Firefox/137.0","accept":"application/json, text/javascript, */*; q=0.01","accept-language":"en-US,en;q=0.5","accept-encoding":"gzip, deflate","content-type":"application/json; charset=UTF-8","x-ghost-version":"5.118","app-pragma":"no-cache","x-requested-with":"XMLHttpRequest","referer":"http://192.34.61.231/ghost/","cookie":"**REDACTED**","priority":"u=0"},"query":{"include":"api_keys,webhooks"}},"res":{"_headers":{"x-powered-by":"Express","content-version":"v5.118","vary":"Accept-Version, Accept-Encoding","cache-control":"no-cache, private, no-store, must-revalidate, max-stale=0, post-check=0, pre-check=0","content-type":"application/json; charset=utf-8","etag":"W/\"a43-vfdu9kv5hCSi1MW9L0jT805+JAc\"","content-encoding":"gzip"},"statusCode":200,"responseTime":"24ms"},"msg":"","time":"2025-05-01T06:53:20.028Z","v":0}
{"name":"Log","hostname":"lina-blog","pid":32635,"level":30,"version":"5.118.1","req":{"meta":{"requestId":"d91681a4-73aa-4b1d-b128-e7c7dcafee9b","userId":"1"},"url":"/integrations/?include=api_keys%2Cwebhooks","method":"GET","originalUrl":"/ghost/api/admin/integrations/?include=api_keys%2Cwebhooks","params":{},"headers":{"x-real-ip":"171.224.177.21","host":"192.34.61.231","connection":"close","user-agent":"Mozilla/5.0 (Macintosh; Intel Mac OS X 10.15; rv:137.0) Gecko/20100101 Firefox/137.0","accept":"application/json, text/javascript, */*; q=0.01","accept-language":"en-US,en;q=0.5","accept-encoding":"gzip, deflate","content-type":"application/json; charset=UTF-8","x-ghost-version":"5.118","app-pragma":"no-cache","x-requested-with":"XMLHttpRequest","referer":"http://192.34.61.231/ghost/","cookie":"**REDACTED**"},"query":{"include":"api_keys,webhooks"}},"res":{"_headers":{"x-powered-by":"Express","content-version":"v5.118","vary":"Accept-Version, Accept-Encoding","cache-control":"no-cache, private, no-store, must-revalidate, max-stale=0, post-check=0, pre-check=0","content-type":"application/json; charset=utf-8","etag":"W/\"a43-vfdu9kv5hCSi1MW9L0jT805+JAc\"","content-encoding":"gzip"},"statusCode":200,"responseTime":"40ms"},"msg":"","time":"2025-05-01T06:53:20.353Z","v":0}
{"name":"Log","hostname":"lina-blog","pid":32635,"level":30,"version":"5.118.1","req":{"meta":{"requestId":"3072753e-a8c1-4502-bb1e-6c1f0ce5799f","userId":null},"url":"/site/","method":"GET","originalUrl":"/ghost/api/admin/site/","params":{},"headers":{"x-real-ip":"171.224.177.21","host":"192.34.61.231","connection":"close","user-agent":"Mozilla/5.0 (Macintosh; Intel Mac OS X 10.15; rv:137.0) Gecko/20100101 Firefox/137.0","accept":"*/*","accept-language":"en-US,en;q=0.5","accept-encoding":"gzip, deflate","referer":"http://192.34.61.231/ghost/","app-pragma":"no-cache","x-ghost-version":"5.118","cookie":"**REDACTED**","priority":"u=0"},"query":{}},"res":{"_headers":{"x-powered-by":"Express","content-version":"v5.118","vary":"Accept-Version, Accept-Encoding","cache-control":"no-cache, private, no-store, must-revalidate, max-stale=0, post-check=0, pre-check=0","content-type":"application/json; charset=utf-8","content-length":"305","etag":"W/\"131-/7wbJh99Obvg8AgBMK/SDtaTWSM\""},"statusCode":200,"responseTime":"2ms"},"msg":"","time":"2025-05-01T06:53:29.213Z","v":0}
{"name":"Log","hostname":"lina-blog","pid":32635,"level":30,"version":"5.118.1","req":{"meta":{"requestId":"55c23c55-a31b-4ce0-bb41-5d84cc207f1f","userId":"1"},"url":"/config/","method":"GET","originalUrl":"/ghost/api/admin/config/","params":{},"headers":{"x-real-ip":"171.224.177.21","host":"192.34.61.231","connection":"close","user-agent":"Mozilla/5.0 (Macintosh; Intel Mac OS X 10.15; rv:137.0) Gecko/20100101 Firefox/137.0","accept":"*/*","accept-language":"en-US,en;q=0.5","accept-encoding":"gzip, deflate","referer":"http://192.34.61.231/ghost/","app-pragma":"no-cache","x-ghost-version":"5.118","cookie":"**REDACTED**","priority":"u=0"},"query":{}},"res":{"_headers":{"x-powered-by":"Express","content-version":"v5.118","vary":"Accept-Version, Accept-Encoding","cache-control":"no-cache, private, no-store, must-revalidate, max-stale=0, post-check=0, pre-check=0","content-type":"application/json; charset=utf-8","content-length":"612","etag":"W/\"264-4KQ3xYd3/olOYOTs2FmeiatqBvM\""},"statusCode":200,"responseTime":"18ms"},"msg":"","time":"2025-05-01T06:53:29.242Z","v":0}
{"name":"Log","hostname":"lina-blog","pid":32635,"level":30,"version":"5.118.1","req":{"meta":{"requestId":"075eb01a-d1d1-4f21-994d-1b2996fb9f0f","userId":"1"},"url":"/users/me/?include=roles","method":"GET","originalUrl":"/ghost/api/admin/users/me/?include=roles","params":{"id":"me"},"headers":{"x-real-ip":"171.224.177.21","host":"192.34.61.231","connection":"close","user-agent":"Mozilla/5.0 (Macintosh; Intel Mac OS X 10.15; rv:137.0) Gecko/20100101 Firefox/137.0","accept":"*/*","accept-language":"en-US,en;q=0.5","accept-encoding":"gzip, deflate","referer":"http://192.34.61.231/ghost/","app-pragma":"no-cache","x-ghost-version":"5.118","cookie":"**REDACTED**","priority":"u=0"},"query":{"include":"roles"}},"res":{"_headers":{"x-powered-by":"Express","content-version":"v5.118","vary":"Accept-Version, Accept-Encoding","cache-control":"no-cache, private, no-store, must-revalidate, max-stale=0, post-check=0, pre-check=0","content-type":"application/json; charset=utf-8","etag":"W/\"4db-rL0LN9xpsizxgBZFIyGyVC5kolA\"","content-encoding":"gzip"},"statusCode":200,"responseTime":"55ms"},"msg":"","time":"2025-05-01T06:53:29.251Z","v":0}
{"name":"Log","hostname":"lina-blog","pid":32635,"level":30,"version":"5.118.1","req":{"meta":{"requestId":"a78e7451-32bc-4d75-896a-4bfeb9ca0cbb","userId":"1"},"url":"/settings/?group=site%2Ctheme%2Cprivate%2Cmembers%2Cportal%2Cnewsletter%2Cemail%2Camp%2Clabs%2Cslack%2Cunsplash%2Cviews%2Cfirstpromoter%2Ceditor%2Ccomments%2Canalytics%2Cannouncement%2Cpintura%2Cdonations%2Csecurity","method":"GET","originalUrl":"/ghost/api/admin/settings/?group=site%2Ctheme%2Cprivate%2Cmembers%2Cportal%2Cnewsletter%2Cemail%2Camp%2Clabs%2Cslack%2Cunsplash%2Cviews%2Cfirstpromoter%2Ceditor%2Ccomments%2Canalytics%2Cannouncement%2Cpintura%2Cdonations%2Csecurity","params":{},"headers":{"x-real-ip":"171.224.177.21","host":"192.34.61.231","connection":"close","user-agent":"Mozilla/5.0 (Macintosh; Intel Mac OS X 10.15; rv:137.0) Gecko/20100101 Firefox/137.0","accept":"*/*","accept-language":"en-US,en;q=0.5","accept-encoding":"gzip, deflate","referer":"http://192.34.61.231/ghost/","app-pragma":"no-cache","x-ghost-version":"5.118","cookie":"**REDACTED**","priority":"u=0"},"query":{"group":"site,theme,private,members,portal,newsletter,email,amp,labs,slack,unsplash,views,firstpromoter,editor,comments,analytics,announcement,pintura,donations,security"}},"res":{"_headers":{"x-powered-by":"Express","content-version":"v5.118","vary":"Accept-Version, Accept-Encoding","cache-control":"no-cache, private, no-store, must-revalidate, max-stale=0, post-check=0, pre-check=0","content-type":"application/json; charset=utf-8","etag":"W/\"1162-74yqbLN8t/EZWkRIOM6/85yVQbU\"","content-encoding":"gzip"},"statusCode":200,"responseTime":"56ms"},"msg":"","time":"2025-05-01T06:53:29.262Z","v":0}
{"name":"Log","hostname":"lina-blog","pid":32635,"level":30,"version":"5.118.1","req":{"meta":{"requestId":"fc3271c6-604c-4906-ae26-6cd2311155e4","userId":"1"},"url":"/tiers/","method":"GET","originalUrl":"/ghost/api/admin/tiers/","params":{},"headers":{"x-real-ip":"171.224.177.21","host":"192.34.61.231","connection":"close","user-agent":"Mozilla/5.0 (Macintosh; Intel Mac OS X 10.15; rv:137.0) Gecko/20100101 Firefox/137.0","accept":"*/*","accept-language":"en-US,en;q=0.5","accept-encoding":"gzip, deflate","referer":"http://192.34.61.231/ghost/","app-pragma":"no-cache","x-ghost-version":"5.118","cookie":"**REDACTED**","priority":"u=4"},"query":{}},"res":{"_headers":{"x-powered-by":"Express","content-version":"v5.118","vary":"Accept-Version, Accept-Encoding","cache-control":"no-cache, private, no-store, must-revalidate, max-stale=0, post-check=0, pre-check=0","content-type":"application/json; charset=utf-8","content-length":"711","etag":"W/\"2c7-P1sL5s29iPuUBhxRAjtlgRw98DU\""},"statusCode":200,"responseTime":"54ms"},"msg":"","time":"2025-05-01T06:53:29.660Z","v":0}
{"name":"Log","hostname":"lina-blog","pid":32635,"level":30,"version":"5.118.1","req":{"meta":{"requestId":"f62592bb-192b-46bb-8c9f-84e55abf090e","userId":"1"},"url":"/themes/","method":"GET","originalUrl":"/ghost/api/admin/themes/","params":{},"headers":{"x-real-ip":"171.224.177.21","host":"192.34.61.231","connection":"close","user-agent":"Mozilla/5.0 (Macintosh; Intel Mac OS X 10.15; rv:137.0) Gecko/20100101 Firefox/137.0","accept":"*/*","accept-language":"en-US,en;q=0.5","accept-encoding":"gzip, deflate","referer":"http://192.34.61.231/ghost/","app-pragma":"no-cache","x-ghost-version":"5.118","cookie":"**REDACTED**","priority":"u=4"},"query":{}},"res":{"_headers":{"x-powered-by":"Express","content-version":"v5.118","vary":"Accept-Version, Accept-Encoding","cache-control":"no-cache, private, no-store, must-revalidate, max-stale=0, post-check=0, pre-check=0","content-type":"application/json; charset=utf-8","etag":"W/\"1948-yJlAvZ6kyK1zgREEdZE9+9Mc2LI\"","content-encoding":"gzip"},"statusCode":200,"responseTime":"87ms"},"msg":"","time":"2025-05-01T06:53:29.696Z","v":0}
{"name":"Log","hostname":"lina-blog","pid":32635,"level":30,"version":"5.118.1","req":{"meta":{"requestId":"4cff4342-a52d-4a68-b15a-5f8e6792ac85","userId":"1"},"url":"/invites/","method":"GET","originalUrl":"/ghost/api/admin/invites/","params":{},"headers":{"x-real-ip":"171.224.177.21","host":"192.34.61.231","connection":"close","user-agent":"Mozilla/5.0 (Macintosh; Intel Mac OS X 10.15; rv:137.0) Gecko/20100101 Firefox/137.0","accept":"*/*","accept-language":"en-US,en;q=0.5","accept-encoding":"gzip, deflate","referer":"http://192.34.61.231/ghost/","app-pragma":"no-cache","x-ghost-version":"5.118","cookie":"**REDACTED**","priority":"u=4"},"query":{}},"res":{"_headers":{"x-powered-by":"Express","content-version":"v5.118","vary":"Accept-Version, Accept-Encoding","cache-control":"no-cache, private, no-store, must-revalidate, max-stale=0, post-check=0, pre-check=0","content-type":"application/json; charset=utf-8","content-length":"102","etag":"W/\"66-sOX4mOGvIzARC+CuIiE6bGahqSc\""},"statusCode":200,"responseTime":"97ms"},"msg":"","time":"2025-05-01T06:53:29.716Z","v":0}
{"name":"Log","hostname":"lina-blog","pid":32635,"level":30,"version":"5.118.1","req":{"meta":{"requestId":"14899bd3-4aef-46dd-89c5-2f7f28b318c2","userId":"1"},"url":"/recommendations/?include=count.clicks%2Ccount.subscribers&order=created_at+desc&limit=5","method":"GET","originalUrl":"/ghost/api/admin/recommendations/?include=count.clicks%2Ccount.subscribers&order=created_at+desc&limit=5","params":{},"headers":{"x-real-ip":"171.224.177.21","host":"192.34.61.231","connection":"close","user-agent":"Mozilla/5.0 (Macintosh; Intel Mac OS X 10.15; rv:137.0) Gecko/20100101 Firefox/137.0","accept":"*/*","accept-language":"en-US,en;q=0.5","accept-encoding":"gzip, deflate","referer":"http://192.34.61.231/ghost/","app-pragma":"no-cache","x-ghost-version":"5.118","cookie":"**REDACTED**","priority":"u=4"},"query":{"include":"count.clicks,count.subscribers","order":"created_at desc","limit":"5"}},"res":{"_headers":{"x-powered-by":"Express","content-version":"v5.118","vary":"Accept-Version, Accept-Encoding","cache-control":"no-cache, private, no-store, must-revalidate, max-stale=0, post-check=0, pre-check=0","content-type":"application/json; charset=utf-8","content-length":"109","etag":"W/\"6d-C6k8ydjJ913rUrlEenifUzC6yww\""},"statusCode":200,"responseTime":"109ms"},"msg":"","time":"2025-05-01T06:53:29.722Z","v":0}
{"name":"Log","hostname":"lina-blog","pid":32635,"level":30,"version":"5.118.1","req":{"meta":{"requestId":"15e38fce-a5c2-4e07-8522-83c8186d0118","userId":"1"},"url":"/roles/?limit=all","method":"GET","originalUrl":"/ghost/api/admin/roles/?limit=all","params":{},"headers":{"x-real-ip":"171.224.177.21","host":"192.34.61.231","connection":"close","user-agent":"Mozilla/5.0 (Macintosh; Intel Mac OS X 10.15; rv:137.0) Gecko/20100101 Firefox/137.0","accept":"*/*","accept-language":"en-US,en;q=0.5","accept-encoding":"gzip, deflate","referer":"http://192.34.61.231/ghost/","app-pragma":"no-cache","x-ghost-version":"5.118","cookie":"**REDACTED**","priority":"u=4"},"query":{"limit":"all"}},"res":{"_headers":{"x-powered-by":"Express","content-version":"v5.118","vary":"Accept-Version, Accept-Encoding","cache-control":"no-cache, private, no-store, must-revalidate, max-stale=0, post-check=0, pre-check=0","content-type":"application/json; charset=utf-8","etag":"W/\"7ab-eWRa+vnnaNkViB10aXHJhDs0Q7c\"","content-encoding":"gzip"},"statusCode":200,"responseTime":"97ms"},"msg":"","time":"2025-05-01T06:53:29.727Z","v":0}
{"name":"Log","hostname":"lina-blog","pid":32635,"level":30,"version":"5.118.1","req":{"meta":{"requestId":"e8ee2703-ebba-4549-a458-536776fcb3cb","userId":"1"},"url":"/users/?limit=100&include=roles","method":"GET","originalUrl":"/ghost/api/admin/users/?limit=100&include=roles","params":{},"headers":{"x-real-ip":"171.224.177.21","host":"192.34.61.231","connection":"close","user-agent":"Mozilla/5.0 (Macintosh; Intel Mac OS X 10.15; rv:137.0) Gecko/20100101 Firefox/137.0","accept":"*/*","accept-language":"en-US,en;q=0.5","accept-encoding":"gzip, deflate","referer":"http://192.34.61.231/ghost/","app-pragma":"no-cache","x-ghost-version":"5.118","cookie":"**REDACTED**","priority":"u=4"},"query":{"limit":"100","include":"roles"}},"res":{"_headers":{"x-powered-by":"Express","content-version":"v5.118","vary":"Accept-Version, Accept-Encoding","cache-control":"no-cache, private, no-store, must-revalidate, max-stale=0, post-check=0, pre-check=0","content-type":"application/json; charset=utf-8","etag":"W/\"534-Xcs5M5ZRETFQ6Wq0qjDuPlvRdWo\"","content-encoding":"gzip"},"statusCode":200,"responseTime":"105ms"},"msg":"","time":"2025-05-01T06:53:29.729Z","v":0}
{"name":"Log","hostname":"lina-blog","pid":32635,"level":30,"version":"5.118.1","req":{"meta":{"requestId":"3acd2082-bedd-4521-93aa-381d21a7a94e","userId":"1"},"url":"/incoming_recommendations/?limit=5&order=created_at+desc","method":"GET","originalUrl":"/ghost/api/admin/incoming_recommendations/?limit=5&order=created_at+desc","params":{},"headers":{"x-real-ip":"171.224.177.21","host":"192.34.61.231","connection":"close","user-agent":"Mozilla/5.0 (Macintosh; Intel Mac OS X 10.15; rv:137.0) Gecko/20100101 Firefox/137.0","accept":"*/*","accept-language":"en-US,en;q=0.5","accept-encoding":"gzip, deflate","referer":"http://192.34.61.231/ghost/","app-pragma":"no-cache","x-ghost-version":"5.118","cookie":"**REDACTED**","priority":"u=4"},"query":{"limit":"5","order":"created_at desc"}},"res":{"_headers":{"x-powered-by":"Express","content-version":"v5.118","vary":"Accept-Version, Accept-Encoding","cache-control":"no-cache, private, no-store, must-revalidate, max-stale=0, post-check=0, pre-check=0","content-type":"application/json; charset=utf-8","content-length":"109","etag":"W/\"6d-aDlCMngXFadesmbdF27VgKzSNxE\""},"statusCode":200,"responseTime":"49ms"},"msg":"","time":"2025-05-01T06:53:30.006Z","v":0}
{"name":"Log","hostname":"lina-blog","pid":32635,"level":30,"version":"5.118.1","req":{"meta":{"requestId":"26203364-525c-436f-a2aa-05687f9a2ae7","userId":"1"},"url":"/stats/referrers/","method":"GET","originalUrl":"/ghost/api/admin/stats/referrers/","params":{},"headers":{"x-real-ip":"171.224.177.21","host":"192.34.61.231","connection":"close","user-agent":"Mozilla/5.0 (Macintosh; Intel Mac OS X 10.15; rv:137.0) Gecko/20100101 Firefox/137.0","accept":"*/*","accept-language":"en-US,en;q=0.5","accept-encoding":"gzip, deflate","referer":"http://192.34.61.231/ghost/","app-pragma":"no-cache","x-ghost-version":"5.118","cookie":"**REDACTED**","priority":"u=4"},"query":{}},"res":{"_headers":{"x-powered-by":"Express","content-version":"v5.118","vary":"Accept-Version, Accept-Encoding","cache-control":"no-cache, private, no-store, must-revalidate, max-stale=0, post-check=0, pre-check=0","content-type":"application/json; charset=utf-8","content-length":"22","etag":"W/\"16-WcmRIiz+hBM7bbYRjg6ziVwXuLI\""},"statusCode":200,"responseTime":"49ms"},"msg":"","time":"2025-05-01T06:53:30.009Z","v":0}
{"name":"Log","hostname":"lina-blog","pid":32635,"level":30,"version":"5.118.1","req":{"meta":{"requestId":"30160cdc-9cc6-4058-974f-c6b7a17a2a32","userId":"1"},"url":"/newsletters/?include=count.active_members%2Ccount.posts&limit=50","method":"GET","originalUrl":"/ghost/api/admin/newsletters/?include=count.active_members%2Ccount.posts&limit=50","params":{},"headers":{"x-real-ip":"171.224.177.21","host":"192.34.61.231","connection":"close","user-agent":"Mozilla/5.0 (Macintosh; Intel Mac OS X 10.15; rv:137.0) Gecko/20100101 Firefox/137.0","accept":"*/*","accept-language":"en-US,en;q=0.5","accept-encoding":"gzip, deflate","referer":"http://192.34.61.231/ghost/","app-pragma":"no-cache","x-ghost-version":"5.118","cookie":"**REDACTED**","priority":"u=4"},"query":{"include":"count.active_members,count.posts","limit":"50"}},"res":{"_headers":{"x-powered-by":"Express","content-version":"v5.118","vary":"Accept-Version, Accept-Encoding","cache-control":"no-cache, private, no-store, must-revalidate, max-stale=0, post-check=0, pre-check=0","content-type":"application/json; charset=utf-8","content-length":"1018","etag":"W/\"3fa-wuxD4xWcH6FKaYu2O4EBGlIEtT4\""},"statusCode":200,"responseTime":"62ms"},"msg":"","time":"2025-05-01T06:53:30.056Z","v":0}
{"name":"Log","hostname":"lina-blog","pid":32635,"level":30,"version":"5.118.1","req":{"meta":{"requestId":"6ac8ae36-de8f-43da-b7b7-22bbf4d9acf1","userId":"1"},"url":"/integrations/?include=api_keys%2Cwebhooks","method":"GET","originalUrl":"/ghost/api/admin/integrations/?include=api_keys%2Cwebhooks","params":{},"headers":{"x-real-ip":"171.224.177.21","host":"192.34.61.231","connection":"close","user-agent":"Mozilla/5.0 (Macintosh; Intel Mac OS X 10.15; rv:137.0) Gecko/20100101 Firefox/137.0","accept":"*/*","accept-language":"en-US,en;q=0.5","accept-encoding":"gzip, deflate","referer":"http://192.34.61.231/ghost/","app-pragma":"no-cache","x-ghost-version":"5.118","cookie":"**REDACTED**","priority":"u=4"},"query":{"include":"api_keys,webhooks"}},"res":{"_headers":{"x-powered-by":"Express","content-version":"v5.118","vary":"Accept-Version, Accept-Encoding","cache-control":"no-cache, private, no-store, must-revalidate, max-stale=0, post-check=0, pre-check=0","content-type":"application/json; charset=utf-8","etag":"W/\"a43-vfdu9kv5hCSi1MW9L0jT805+JAc\"","content-encoding":"gzip"},"statusCode":200,"responseTime":"63ms"},"msg":"","time":"2025-05-01T06:53:30.065Z","v":0}
{"name":"Log","hostname":"lina-blog","pid":32635,"level":30,"version":"5.118.1","req":{"meta":{"requestId":"8951e11d-1335-423e-ad96-5172e07f5eea","userId":null},"url":"/img/themes/Source-Magazine-176385eb99561485ce6385598f7599b0.png","method":"GET","originalUrl":"/ghost/assets/img/themes/Source-Magazine-176385eb99561485ce6385598f7599b0.png","params":{},"headers":{"x-real-ip":"171.224.177.21","host":"192.34.61.231","connection":"close","user-agent":"Mozilla/5.0 (Macintosh; Intel Mac OS X 10.15; rv:137.0) Gecko/20100101 Firefox/137.0","accept":"image/avif,image/webp,image/png,image/svg+xml,image/*;q=0.8,*/*;q=0.5","accept-language":"en-US,en;q=0.5","accept-encoding":"gzip, deflate","referer":"http://192.34.61.231/ghost/","cookie":"**REDACTED**","priority":"u=5, i"},"query":{}},"res":{"_headers":{"x-powered-by":"Express","accept-ranges":"bytes","cache-control":"public, max-age=31536000, immutable","last-modified":"Sat, 26 Oct 1985 08:15:00 GMT","etag":"W/\"1bf46-7438674ba0\"","content-type":"image/png","content-length":114502},"statusCode":200,"responseTime":"4ms"},"msg":"","time":"2025-05-01T06:53:50.963Z","v":0}
{"name":"Log","hostname":"lina-blog","pid":32635,"level":30,"version":"5.118.1","req":{"meta":{"requestId":"2fcee9d8-a5de-4a17-9b50-3ef5c0cfbbfa","userId":null},"url":"/img/themes/Edition-10111a2b8458168dcff81b7fb151be70.png","method":"GET","originalUrl":"/ghost/assets/img/themes/Edition-10111a2b8458168dcff81b7fb151be70.png","params":{},"headers":{"x-real-ip":"171.224.177.21","host":"192.34.61.231","connection":"close","user-agent":"Mozilla/5.0 (Macintosh; Intel Mac OS X 10.15; rv:137.0) Gecko/20100101 Firefox/137.0","accept":"image/avif,image/webp,image/png,image/svg+xml,image/*;q=0.8,*/*;q=0.5","accept-language":"en-US,en;q=0.5","accept-encoding":"gzip, deflate","referer":"http://192.34.61.231/ghost/","cookie":"**REDACTED**","priority":"u=5, i"},"query":{}},"res":{"_headers":{"x-powered-by":"Express","accept-ranges":"bytes","cache-control":"public, max-age=31536000, immutable","last-modified":"Sat, 26 Oct 1985 08:15:00 GMT","etag":"W/\"20017-7438674ba0\"","content-type":"image/png","content-length":131095},"statusCode":200,"responseTime":"9ms"},"msg":"","time":"2025-05-01T06:53:50.969Z","v":0}
{"name":"Log","hostname":"lina-blog","pid":32635,"level":30,"version":"5.118.1","req":{"meta":{"requestId":"9f79d164-a4f6-4cb6-869e-e0d36c039a12","userId":null},"url":"/img/themes/Solo-0292eb9ae0ca7b578cff50824d40cc86.png","method":"GET","originalUrl":"/ghost/assets/img/themes/Solo-0292eb9ae0ca7b578cff50824d40cc86.png","params":{},"headers":{"x-real-ip":"171.224.177.21","host":"192.34.61.231","connection":"close","user-agent":"Mozilla/5.0 (Macintosh; Intel Mac OS X 10.15; rv:137.0) Gecko/20100101 Firefox/137.0","accept":"image/avif,image/webp,image/png,image/svg+xml,image/*;q=0.8,*/*;q=0.5","accept-language":"en-US,en;q=0.5","accept-encoding":"gzip, deflate","referer":"http://192.34.61.231/ghost/","cookie":"**REDACTED**","priority":"u=5, i"},"query":{}},"res":{"_headers":{"x-powered-by":"Express","accept-ranges":"bytes","cache-control":"public, max-age=31536000, immutable","last-modified":"Sat, 26 Oct 1985 08:15:00 GMT","etag":"W/\"136bd-7438674ba0\"","content-type":"image/png","content-length":79549},"statusCode":200,"responseTime":"9ms"},"msg":"","time":"2025-05-01T06:53:50.971Z","v":0}
{"name":"Log","hostname":"lina-blog","pid":32635,"level":30,"version":"5.118.1","req":{"meta":{"requestId":"4cfa9aac-434d-47b8-923f-183b2e4928ab","userId":null},"url":"/img/themes/Source-f29c6d6abe774ea7d5940a7431069fce.png","method":"GET","originalUrl":"/ghost/assets/img/themes/Source-f29c6d6abe774ea7d5940a7431069fce.png","params":{},"headers":{"x-real-ip":"171.224.177.21","host":"192.34.61.231","connection":"close","user-agent":"Mozilla/5.0 (Macintosh; Intel Mac OS X 10.15; rv:137.0) Gecko/20100101 Firefox/137.0","accept":"image/avif,image/webp,image/png,image/svg+xml,image/*;q=0.8,*/*;q=0.5","accept-language":"en-US,en;q=0.5","accept-encoding":"gzip, deflate","referer":"http://192.34.61.231/ghost/","cookie":"**REDACTED**","priority":"u=5, i"},"query":{}},"res":{"_headers":{"x-powered-by":"Express","accept-ranges":"bytes","cache-control":"public, max-age=31536000, immutable","last-modified":"Sat, 26 Oct 1985 08:15:00 GMT","etag":"W/\"10871-7438674ba0\"","content-type":"image/png","content-length":67697},"statusCode":200,"responseTime":"9ms"},"msg":"","time":"2025-05-01T06:53:50.977Z","v":0}
{"name":"Log","hostname":"lina-blog","pid":32635,"level":30,"version":"5.118.1","req":{"meta":{"requestId":"4a6c66aa-3605-4e10-bee2-dc23e05e45eb","userId":null},"url":"/img/themes/Source-Newsletter-bb1a8611a326edb78f9ecb8bc1838c81.png","method":"GET","originalUrl":"/ghost/assets/img/themes/Source-Newsletter-bb1a8611a326edb78f9ecb8bc1838c81.png","params":{},"headers":{"x-real-ip":"171.224.177.21","host":"192.34.61.231","connection":"close","user-agent":"Mozilla/5.0 (Macintosh; Intel Mac OS X 10.15; rv:137.0) Gecko/20100101 Firefox/137.0","accept":"image/avif,image/webp,image/png,image/svg+xml,image/*;q=0.8,*/*;q=0.5","accept-language":"en-US,en;q=0.5","accept-encoding":"gzip, deflate","referer":"http://192.34.61.231/ghost/","cookie":"**REDACTED**","priority":"u=5, i"},"query":{}},"res":{"_headers":{"x-powered-by":"Express","accept-ranges":"bytes","cache-control":"public, max-age=31536000, immutable","last-modified":"Sat, 26 Oct 1985 08:15:00 GMT","etag":"W/\"dac6-7438674ba0\"","content-type":"image/png","content-length":56006},"statusCode":200,"responseTime":"6ms"},"msg":"","time":"2025-05-01T06:53:50.979Z","v":0}
{"name":"Log","hostname":"lina-blog","pid":32635,"level":30,"version":"5.118.1","req":{"meta":{"requestId":"295cd3ac-66eb-44bd-a2fa-2929e8e5d3ae","userId":null},"url":"/img/themes/Casper-9a0ce71df3a1c589c1414ad2aa5b8aeb.png","method":"GET","originalUrl":"/ghost/assets/img/themes/Casper-9a0ce71df3a1c589c1414ad2aa5b8aeb.png","params":{},"headers":{"x-real-ip":"171.224.177.21","host":"192.34.61.231","connection":"close","user-agent":"Mozilla/5.0 (Macintosh; Intel Mac OS X 10.15; rv:137.0) Gecko/20100101 Firefox/137.0","accept":"image/avif,image/webp,image/png,image/svg+xml,image/*;q=0.8,*/*;q=0.5","accept-language":"en-US,en;q=0.5","accept-encoding":"gzip, deflate","referer":"http://192.34.61.231/ghost/","cookie":"**REDACTED**","priority":"u=5, i"},"query":{}},"res":{"_headers":{"x-powered-by":"Express","accept-ranges":"bytes","cache-control":"public, max-age=31536000, immutable","last-modified":"Sat, 26 Oct 1985 08:15:00 GMT","etag":"W/\"a7be-7438674ba0\"","content-type":"image/png","content-length":42942},"statusCode":200,"responseTime":"7ms"},"msg":"","time":"2025-05-01T06:53:50.982Z","v":0}
{"name":"Log","hostname":"lina-blog","pid":32635,"level":30,"version":"5.118.1","req":{"meta":{"requestId":"215a918a-8306-4888-b7cb-04eccecc3eaf","userId":null},"url":"/img/themes/Taste-a24d2a786900d9caff7e773ca0040991.png","method":"GET","originalUrl":"/ghost/assets/img/themes/Taste-a24d2a786900d9caff7e773ca0040991.png","params":{},"headers":{"x-real-ip":"171.224.177.21","host":"192.34.61.231","connection":"close","user-agent":"Mozilla/5.0 (Macintosh; Intel Mac OS X 10.15; rv:137.0) Gecko/20100101 Firefox/137.0","accept":"image/avif,image/webp,image/png,image/svg+xml,image/*;q=0.8,*/*;q=0.5","accept-language":"en-US,en;q=0.5","accept-encoding":"gzip, deflate","referer":"http://192.34.61.231/ghost/","cookie":"**REDACTED**","priority":"u=5, i"},"query":{}},"res":{"_headers":{"x-powered-by":"Express","accept-ranges":"bytes","cache-control":"public, max-age=31536000, immutable","last-modified":"Sat, 26 Oct 1985 08:15:00 GMT","etag":"W/\"113cc-7438674ba0\"","content-type":"image/png","content-length":70604},"statusCode":200,"responseTime":"4ms"},"msg":"","time":"2025-05-01T06:53:51.756Z","v":0}
{"name":"Log","hostname":"lina-blog","pid":32635,"level":30,"version":"5.118.1","req":{"meta":{"requestId":"92e39cbf-3b77-42fa-8f30-4ff6cc2b298f","userId":null},"url":"/img/themes/Episode-e4c86d1f75ef1d8a77791d7fd519fdd4.png","method":"GET","originalUrl":"/ghost/assets/img/themes/Episode-e4c86d1f75ef1d8a77791d7fd519fdd4.png","params":{},"headers":{"x-real-ip":"171.224.177.21","host":"192.34.61.231","connection":"close","user-agent":"Mozilla/5.0 (Macintosh; Intel Mac OS X 10.15; rv:137.0) Gecko/20100101 Firefox/137.0","accept":"image/avif,image/webp,image/png,image/svg+xml,image/*;q=0.8,*/*;q=0.5","accept-language":"en-US,en;q=0.5","accept-encoding":"gzip, deflate","referer":"http://192.34.61.231/ghost/","cookie":"**REDACTED**","priority":"u=5, i"},"query":{}},"res":{"_headers":{"x-powered-by":"Express","accept-ranges":"bytes","cache-control":"public, max-age=31536000, immutable","last-modified":"Sat, 26 Oct 1985 08:15:00 GMT","etag":"W/\"1c5ac-7438674ba0\"","content-type":"image/png","content-length":116140},"statusCode":200,"responseTime":"5ms"},"msg":"","time":"2025-05-01T06:53:51.798Z","v":0}
{"name":"Log","hostname":"lina-blog","pid":32635,"level":30,"version":"5.118.1","req":{"meta":{"requestId":"2cf7863a-5e80-4bad-a954-82a2b09402b7","userId":null},"url":"/img/themes/Digest-698e78d8e8481daff8ae4a8647528dc9.png","method":"GET","originalUrl":"/ghost/assets/img/themes/Digest-698e78d8e8481daff8ae4a8647528dc9.png","params":{},"headers":{"x-real-ip":"171.224.177.21","host":"192.34.61.231","connection":"close","user-agent":"Mozilla/5.0 (Macintosh; Intel Mac OS X 10.15; rv:137.0) Gecko/20100101 Firefox/137.0","accept":"image/avif,image/webp,image/png,image/svg+xml,image/*;q=0.8,*/*;q=0.5","accept-language":"en-US,en;q=0.5","accept-encoding":"gzip, deflate","referer":"http://192.34.61.231/ghost/","cookie":"**REDACTED**","priority":"u=5, i"},"query":{}},"res":{"_headers":{"x-powered-by":"Express","accept-ranges":"bytes","cache-control":"public, max-age=31536000, immutable","last-modified":"Sat, 26 Oct 1985 08:15:00 GMT","etag":"W/\"e0e6-7438674ba0\"","content-type":"image/png","content-length":57574},"statusCode":200,"responseTime":"5ms"},"msg":"","time":"2025-05-01T06:53:51.801Z","v":0}
{"name":"Log","hostname":"lina-blog","pid":32635,"level":30,"version":"5.118.1","req":{"meta":{"requestId":"14a91737-e585-4932-8b47-68880189068d","userId":null},"url":"/img/themes/Bulletin-d66dec818ad0ba2965dd7eb3130c621c.png","method":"GET","originalUrl":"/ghost/assets/img/themes/Bulletin-d66dec818ad0ba2965dd7eb3130c621c.png","params":{},"headers":{"x-real-ip":"171.224.177.21","host":"192.34.61.231","connection":"close","user-agent":"Mozilla/5.0 (Macintosh; Intel Mac OS X 10.15; rv:137.0) Gecko/20100101 Firefox/137.0","accept":"image/avif,image/webp,image/png,image/svg+xml,image/*;q=0.8,*/*;q=0.5","accept-language":"en-US,en;q=0.5","accept-encoding":"gzip, deflate","referer":"http://192.34.61.231/ghost/","cookie":"**REDACTED**","priority":"u=5, i"},"query":{}},"res":{"_headers":{"x-powered-by":"Express","accept-ranges":"bytes","cache-control":"public, max-age=31536000, immutable","last-modified":"Sat, 26 Oct 1985 08:15:00 GMT","etag":"W/\"da0a-7438674ba0\"","content-type":"image/png","content-length":55818},"statusCode":200,"responseTime":"4ms"},"msg":"","time":"2025-05-01T06:53:51.803Z","v":0}
{"name":"Log","hostname":"lina-blog","pid":32635,"level":30,"version":"5.118.1","req":{"meta":{"requestId":"18ad8ebb-e6fa-4234-b828-154f50562357","userId":null},"url":"/img/themes/Alto-0dfe76694ed222d6d96fc9c8db979a38.png","method":"GET","originalUrl":"/ghost/assets/img/themes/Alto-0dfe76694ed222d6d96fc9c8db979a38.png","params":{},"headers":{"x-real-ip":"171.224.177.21","host":"192.34.61.231","connection":"close","user-agent":"Mozilla/5.0 (Macintosh; Intel Mac OS X 10.15; rv:137.0) Gecko/20100101 Firefox/137.0","accept":"image/avif,image/webp,image/png,image/svg+xml,image/*;q=0.8,*/*;q=0.5","accept-language":"en-US,en;q=0.5","accept-encoding":"gzip, deflate","referer":"http://192.34.61.231/ghost/","cookie":"**REDACTED**","priority":"u=5, i"},"query":{}},"res":{"_headers":{"x-powered-by":"Express","accept-ranges":"bytes","cache-control":"public, max-age=31536000, immutable","last-modified":"Sat, 26 Oct 1985 08:15:00 GMT","etag":"W/\"13423-7438674ba0\"","content-type":"image/png","content-length":78883},"statusCode":200,"responseTime":"3ms"},"msg":"","time":"2025-05-01T06:53:52.020Z","v":0}
{"name":"Log","hostname":"lina-blog","pid":32635,"level":30,"version":"5.118.1","req":{"meta":{"requestId":"56c12149-0a2a-4391-9356-d4f1c69f2fdc","userId":null},"url":"/img/themes/Dope-d099dfca697adae16baa76f89520c5b3.png","method":"GET","originalUrl":"/ghost/assets/img/themes/Dope-d099dfca697adae16baa76f89520c5b3.png","params":{},"headers":{"x-real-ip":"171.224.177.21","host":"192.34.61.231","connection":"close","user-agent":"Mozilla/5.0 (Macintosh; Intel Mac OS X 10.15; rv:137.0) Gecko/20100101 Firefox/137.0","accept":"image/avif,image/webp,image/png,image/svg+xml,image/*;q=0.8,*/*;q=0.5","accept-language":"en-US,en;q=0.5","accept-encoding":"gzip, deflate","referer":"http://192.34.61.231/ghost/","cookie":"**REDACTED**","priority":"u=5, i"},"query":{}},"res":{"_headers":{"x-powered-by":"Express","accept-ranges":"bytes","cache-control":"public, max-age=31536000, immutable","last-modified":"Sat, 26 Oct 1985 08:15:00 GMT","etag":"W/\"26830-7438674ba0\"","content-type":"image/png","content-length":157744},"statusCode":200,"responseTime":"5ms"},"msg":"","time":"2025-05-01T06:53:52.023Z","v":0}
{"name":"Log","hostname":"lina-blog","pid":32635,"level":30,"version":"5.118.1","req":{"meta":{"requestId":"0a4cc1e2-ae65-4e3d-9637-fa00a8d659a7","userId":null},"url":"/img/themes/Wave-b98fadfd3ed16e8b2e383dd8e8e5dca2.png","method":"GET","originalUrl":"/ghost/assets/img/themes/Wave-b98fadfd3ed16e8b2e383dd8e8e5dca2.png","params":{},"headers":{"x-real-ip":"171.224.177.21","host":"192.34.61.231","connection":"close","user-agent":"Mozilla/5.0 (Macintosh; Intel Mac OS X 10.15; rv:137.0) Gecko/20100101 Firefox/137.0","accept":"image/avif,image/webp,image/png,image/svg+xml,image/*;q=0.8,*/*;q=0.5","accept-language":"en-US,en;q=0.5","accept-encoding":"gzip, deflate","referer":"http://192.34.61.231/ghost/","cookie":"**REDACTED**","priority":"u=5, i"},"query":{}},"res":{"_headers":{"x-powered-by":"Express","accept-ranges":"bytes","cache-control":"public, max-age=31536000, immutable","last-modified":"Sat, 26 Oct 1985 08:15:00 GMT","etag":"W/\"13ee0-7438674ba0\"","content-type":"image/png","content-length":81632},"statusCode":200,"responseTime":"4ms"},"msg":"","time":"2025-05-01T06:53:52.078Z","v":0}
{"name":"Log","hostname":"lina-blog","pid":32635,"level":30,"version":"5.118.1","req":{"meta":{"requestId":"db4ad3e5-a96f-47a9-ab9c-060e817d7460","userId":null},"url":"/img/themes/Edge-1e5e0eec6941d7bdca02cebb66187357.png","method":"GET","originalUrl":"/ghost/assets/img/themes/Edge-1e5e0eec6941d7bdca02cebb66187357.png","params":{},"headers":{"x-real-ip":"171.224.177.21","host":"192.34.61.231","connection":"close","user-agent":"Mozilla/5.0 (Macintosh; Intel Mac OS X 10.15; rv:137.0) Gecko/20100101 Firefox/137.0","accept":"image/avif,image/webp,image/png,image/svg+xml,image/*;q=0.8,*/*;q=0.5","accept-language":"en-US,en;q=0.5","accept-encoding":"gzip, deflate","referer":"http://192.34.61.231/ghost/","cookie":"**REDACTED**","priority":"u=5, i"},"query":{}},"res":{"_headers":{"x-powered-by":"Express","accept-ranges":"bytes","cache-control":"public, max-age=31536000, immutable","last-modified":"Sat, 26 Oct 1985 08:15:00 GMT","etag":"W/\"1f2c3-7438674ba0\"","content-type":"image/png","content-length":127683},"statusCode":200,"responseTime":"2ms"},"msg":"","time":"2025-05-01T06:53:52.355Z","v":0}
{"name":"Log","hostname":"lina-blog","pid":32635,"level":30,"version":"5.118.1","req":{"meta":{"requestId":"5a90feb4-7486-405c-a600-80f9c15d2a8a","userId":null},"url":"/img/themes/Dawn-302fbfdbc352098a256137159bd83dd8.png","method":"GET","originalUrl":"/ghost/assets/img/themes/Dawn-302fbfdbc352098a256137159bd83dd8.png","params":{},"headers":{"x-real-ip":"171.224.177.21","host":"192.34.61.231","connection":"close","user-agent":"Mozilla/5.0 (Macintosh; Intel Mac OS X 10.15; rv:137.0) Gecko/20100101 Firefox/137.0","accept":"image/avif,image/webp,image/png,image/svg+xml,image/*;q=0.8,*/*;q=0.5","accept-language":"en-US,en;q=0.5","accept-encoding":"gzip, deflate","referer":"http://192.34.61.231/ghost/","cookie":"**REDACTED**","priority":"u=5, i"},"query":{}},"res":{"_headers":{"x-powered-by":"Express","accept-ranges":"bytes","cache-control":"public, max-age=31536000, immutable","last-modified":"Sat, 26 Oct 1985 08:15:00 GMT","etag":"W/\"9e12-7438674ba0\"","content-type":"image/png","content-length":40466},"statusCode":200,"responseTime":"4ms"},"msg":"","time":"2025-05-01T06:53:52.362Z","v":0}
{"name":"Log","hostname":"lina-blog","pid":32635,"level":30,"version":"5.118.1","req":{"meta":{"requestId":"e8c9dc62-85fb-4c36-8258-5fb6d4891d67","userId":null},"url":"/img/themes/Ease-7075f809892f10c58892e15a57a4aae4.png","method":"GET","originalUrl":"/ghost/assets/img/themes/Ease-7075f809892f10c58892e15a57a4aae4.png","params":{},"headers":{"x-real-ip":"171.224.177.21","host":"192.34.61.231","connection":"close","user-agent":"Mozilla/5.0 (Macintosh; Intel Mac OS X 10.15; rv:137.0) Gecko/20100101 Firefox/137.0","accept":"image/avif,image/webp,image/png,image/svg+xml,image/*;q=0.8,*/*;q=0.5","accept-language":"en-US,en;q=0.5","accept-encoding":"gzip, deflate","referer":"http://192.34.61.231/ghost/","cookie":"**REDACTED**","priority":"u=5, i"},"query":{}},"res":{"_headers":{"x-powered-by":"Express","accept-ranges":"bytes","cache-control":"public, max-age=31536000, immutable","last-modified":"Sat, 26 Oct 1985 08:15:00 GMT","etag":"W/\"13fe0-7438674ba0\"","content-type":"image/png","content-length":81888},"statusCode":200,"responseTime":"5ms"},"msg":"","time":"2025-05-01T06:53:52.366Z","v":0}
{"name":"Log","hostname":"lina-blog","pid":32635,"level":30,"version":"5.118.1","req":{"meta":{"requestId":"e62358a3-b5d2-4aa1-93ba-093c86f09c0c","userId":null},"url":"/img/themes/Headline-f70eaf49b9fcae1ddfe3d4496d8be54d.png","method":"GET","originalUrl":"/ghost/assets/img/themes/Headline-f70eaf49b9fcae1ddfe3d4496d8be54d.png","params":{},"headers":{"x-real-ip":"171.224.177.21","host":"192.34.61.231","connection":"close","user-agent":"Mozilla/5.0 (Macintosh; Intel Mac OS X 10.15; rv:137.0) Gecko/20100101 Firefox/137.0","accept":"image/avif,image/webp,image/png,image/svg+xml,image/*;q=0.8,*/*;q=0.5","accept-language":"en-US,en;q=0.5","accept-encoding":"gzip, deflate","referer":"http://192.34.61.231/ghost/","cookie":"**REDACTED**","priority":"u=5, i"},"query":{}},"res":{"_headers":{"x-powered-by":"Express","accept-ranges":"bytes","cache-control":"public, max-age=31536000, immutable","last-modified":"Sat, 26 Oct 1985 08:15:00 GMT","etag":"W/\"e7b4-7438674ba0\"","content-type":"image/png","content-length":59316},"statusCode":200,"responseTime":"4ms"},"msg":"","time":"2025-05-01T06:53:52.617Z","v":0}
{"name":"Log","hostname":"lina-blog","pid":32635,"level":30,"version":"5.118.1","req":{"meta":{"requestId":"5bc08e7e-0d1a-4841-b0a7-4618aa8496d4","userId":null},"url":"/img/themes/Ruby-b896885448e0f28ca62c6dcd56c732aa.png","method":"GET","originalUrl":"/ghost/assets/img/themes/Ruby-b896885448e0f28ca62c6dcd56c732aa.png","params":{},"headers":{"x-real-ip":"171.224.177.21","host":"192.34.61.231","connection":"close","user-agent":"Mozilla/5.0 (Macintosh; Intel Mac OS X 10.15; rv:137.0) Gecko/20100101 Firefox/137.0","accept":"image/avif,image/webp,image/png,image/svg+xml,image/*;q=0.8,*/*;q=0.5","accept-language":"en-US,en;q=0.5","accept-encoding":"gzip, deflate","referer":"http://192.34.61.231/ghost/","cookie":"**REDACTED**","priority":"u=5, i"},"query":{}},"res":{"_headers":{"x-powered-by":"Express","accept-ranges":"bytes","cache-control":"public, max-age=31536000, immutable","last-modified":"Sat, 26 Oct 1985 08:15:00 GMT","etag":"W/\"15d71-7438674ba0\"","content-type":"image/png","content-length":89457},"statusCode":200,"responseTime":"7ms"},"msg":"","time":"2025-05-01T06:53:52.621Z","v":0}
{"name":"Log","hostname":"lina-blog","pid":32635,"level":30,"version":"5.118.1","req":{"meta":{"requestId":"eecfb7c1-56f7-43fc-9c45-00d44415f8cb","userId":null},"url":"/img/themes/London-4e042390da16fecef947f3a7001d03db.png","method":"GET","originalUrl":"/ghost/assets/img/themes/London-4e042390da16fecef947f3a7001d03db.png","params":{},"headers":{"x-real-ip":"171.224.177.21","host":"192.34.61.231","connection":"close","user-agent":"Mozilla/5.0 (Macintosh; Intel Mac OS X 10.15; rv:137.0) Gecko/20100101 Firefox/137.0","accept":"image/avif,image/webp,image/png,image/svg+xml,image/*;q=0.8,*/*;q=0.5","accept-language":"en-US,en;q=0.5","accept-encoding":"gzip, deflate","referer":"http://192.34.61.231/ghost/","cookie":"**REDACTED**","priority":"u=5, i"},"query":{}},"res":{"_headers":{"x-powered-by":"Express","accept-ranges":"bytes","cache-control":"public, max-age=31536000, immutable","last-modified":"Sat, 26 Oct 1985 08:15:00 GMT","etag":"W/\"11cdd-7438674ba0\"","content-type":"image/png","content-length":72925},"statusCode":200,"responseTime":"4ms"},"msg":"","time":"2025-05-01T06:53:52.624Z","v":0}
{"name":"Log","hostname":"lina-blog","pid":32635,"level":30,"version":"5.118.1","req":{"meta":{"requestId":"47b6ccdc-55e0-480a-b263-787229922a90","userId":null},"url":"/img/themes/Journal-07d35b2311501d2738bad1907ba2f7e1.png","method":"GET","originalUrl":"/ghost/assets/img/themes/Journal-07d35b2311501d2738bad1907ba2f7e1.png","params":{},"headers":{"x-real-ip":"171.224.177.21","host":"192.34.61.231","connection":"close","user-agent":"Mozilla/5.0 (Macintosh; Intel Mac OS X 10.15; rv:137.0) Gecko/20100101 Firefox/137.0","accept":"image/avif,image/webp,image/png,image/svg+xml,image/*;q=0.8,*/*;q=0.5","accept-language":"en-US,en;q=0.5","accept-encoding":"gzip, deflate","referer":"http://192.34.61.231/ghost/","cookie":"**REDACTED**","priority":"u=5, i"},"query":{}},"res":{"_headers":{"x-powered-by":"Express","accept-ranges":"bytes","cache-control":"public, max-age=31536000, immutable","last-modified":"Sat, 26 Oct 1985 08:15:00 GMT","etag":"W/\"c03b-7438674ba0\"","content-type":"image/png","content-length":49211},"statusCode":200,"responseTime":"5ms"},"msg":"","time":"2025-05-01T06:53:52.634Z","v":0}
{"name":"Log","hostname":"lina-blog","pid":32635,"level":30,"version":"5.118.1","msg":"[Recommendations] Updating recommendations metadata","time":"2025-05-01T06:53:53.547Z","v":0}
{"name":"Log","hostname":"lina-blog","pid":32635,"level":30,"version":"5.118.1","req":{"meta":{"requestId":"8ab93079-02db-4aaf-8109-7fc07c415ee2","userId":"1"},"url":"/themes/active/","method":"GET","originalUrl":"/ghost/api/admin/themes/active/","params":{},"headers":{"x-real-ip":"171.224.177.21","host":"192.34.61.231","connection":"close","user-agent":"Mozilla/5.0 (Macintosh; Intel Mac OS X 10.15; rv:137.0) Gecko/20100101 Firefox/137.0","accept":"*/*","accept-language":"en-US,en;q=0.5","accept-encoding":"gzip, deflate","referer":"http://192.34.61.231/ghost/","app-pragma":"no-cache","x-ghost-version":"5.118","cookie":"**REDACTED**","priority":"u=0"},"query":{}},"res":{"_headers":{"x-powered-by":"Express","content-version":"v5.118","vary":"Accept-Version, Accept-Encoding","cache-control":"no-cache, private, no-store, must-revalidate, max-stale=0, post-check=0, pre-check=0","content-type":"application/json; charset=utf-8","etag":"W/\"e93-rJ65zfyElQqbqi/vH2pWLKGkojE\"","content-encoding":"gzip"},"statusCode":200,"responseTime":"20ms"},"msg":"","time":"2025-05-01T06:54:35.432Z","v":0}
{"name":"Log","hostname":"lina-blog","pid":32635,"level":30,"version":"5.118.1","req":{"meta":{"requestId":"ac819740-66a2-4e94-aabc-05aabff2ab22","userId":"1"},"url":"/stats/member_count/","method":"GET","originalUrl":"/ghost/api/admin/stats/member_count/","params":{},"headers":{"x-real-ip":"171.224.177.21","host":"192.34.61.231","connection":"close","user-agent":"Mozilla/5.0 (Macintosh; Intel Mac OS X 10.15; rv:137.0) Gecko/20100101 Firefox/137.0","accept":"application/json, text/javascript, */*; q=0.01","accept-language":"en-US,en;q=0.5","accept-encoding":"gzip, deflate","content-type":"application/json; charset=UTF-8","x-ghost-version":"5.118","app-pragma":"no-cache","x-requested-with":"XMLHttpRequest","referer":"http://192.34.61.231/ghost/","cookie":"**REDACTED**"},"query":{}},"res":{"_headers":{"x-powered-by":"Express","content-version":"v5.118","vary":"Accept-Version, Accept-Encoding","cache-control":"no-cache, private, no-store, must-revalidate, max-stale=0, post-check=0, pre-check=0","content-type":"application/json; charset=utf-8","content-length":"149","etag":"W/\"95-WzNIeFVRQLsdLGGCN0Th1HLTTP8\""},"statusCode":200,"responseTime":"24ms"},"msg":"","time":"2025-05-01T06:55:26.323Z","v":0}
{"name":"Log","hostname":"lina-blog","pid":32635,"level":30,"version":"5.118.1","req":{"meta":{"requestId":"348d7071-942f-433e-a804-e58f257783eb","userId":"1"},"url":"/stats/referrers/","method":"GET","originalUrl":"/ghost/api/admin/stats/referrers/","params":{},"headers":{"x-real-ip":"171.224.177.21","host":"192.34.61.231","connection":"close","user-agent":"Mozilla/5.0 (Macintosh; Intel Mac OS X 10.15; rv:137.0) Gecko/20100101 Firefox/137.0","accept":"application/json, text/javascript, */*; q=0.01","accept-language":"en-US,en;q=0.5","accept-encoding":"gzip, deflate","content-type":"application/json; charset=UTF-8","x-ghost-version":"5.118","app-pragma":"no-cache","x-requested-with":"XMLHttpRequest","referer":"http://192.34.61.231/ghost/","cookie":"**REDACTED**"},"query":{}},"res":{"_headers":{"x-powered-by":"Express","content-version":"v5.118","vary":"Accept-Version, Accept-Encoding","cache-control":"no-cache, private, no-store, must-revalidate, max-stale=0, post-check=0, pre-check=0","content-type":"application/json; charset=utf-8","content-length":"22","etag":"W/\"16-WcmRIiz+hBM7bbYRjg6ziVwXuLI\""},"statusCode":200,"responseTime":"65ms"},"msg":"","time":"2025-05-01T06:55:26.629Z","v":0}
{"name":"Log","hostname":"lina-blog","pid":32635,"level":30,"version":"5.118.1","req":{"meta":{"requestId":"2358ddb4-6770-4d08-abdf-8e37f51cdb6c","userId":"1"},"url":"/members/?filter=last_seen_at%3A%3E2025-04-23T17%3A00%3A00.000Z&order=id&limit=1&page=1&include=newsletters%2Clabels","method":"GET","originalUrl":"/ghost/api/admin/members/?filter=last_seen_at%3A%3E2025-04-23T17%3A00%3A00.000Z&order=id&limit=1&page=1&include=newsletters%2Clabels","params":{},"headers":{"x-real-ip":"171.224.177.21","host":"192.34.61.231","connection":"close","user-agent":"Mozilla/5.0 (Macintosh; Intel Mac OS X 10.15; rv:137.0) Gecko/20100101 Firefox/137.0","accept":"application/json, text/javascript, */*; q=0.01","accept-language":"en-US,en;q=0.5","accept-encoding":"gzip, deflate","content-type":"application/json; charset=UTF-8","x-ghost-version":"5.118","app-pragma":"no-cache","x-requested-with":"XMLHttpRequest","referer":"http://192.34.61.231/ghost/","cookie":"**REDACTED**"},"query":{"filter":"last_seen_at:>2025-04-23T17:00:00.000Z","order":"id","limit":"1","page":"1","include":"newsletters,labels"}},"res":{"_headers":{"x-powered-by":"Express","content-version":"v5.118","vary":"Accept-Version, Accept-Encoding","cache-control":"no-cache, private, no-store, must-revalidate, max-stale=0, post-check=0, pre-check=0","content-type":"application/json; charset=utf-8","content-length":"101","etag":"W/\"65-f6nBT1UI6bh1EnkUkUhaEXI/ziw\""},"statusCode":200,"responseTime":"211ms"},"msg":"","time":"2025-05-01T06:55:26.791Z","v":0}
{"name":"Log","hostname":"lina-blog","pid":32635,"level":30,"version":"5.118.1","req":{"meta":{"requestId":"eec28304-3574-4bab-af51-eff8dfea1df4","userId":"1"},"url":"/members/?filter=newsletters.status%3Aactive%2Bstatus%3A-free%2Bemail_disabled%3A0&order=id&limit=1&page=1&include=newsletters%2Clabels","method":"GET","originalUrl":"/ghost/api/admin/members/?filter=newsletters.status%3Aactive%2Bstatus%3A-free%2Bemail_disabled%3A0&order=id&limit=1&page=1&include=newsletters%2Clabels","params":{},"headers":{"x-real-ip":"171.224.177.21","host":"192.34.61.231","connection":"close","user-agent":"Mozilla/5.0 (Macintosh; Intel Mac OS X 10.15; rv:137.0) Gecko/20100101 Firefox/137.0","accept":"application/json, text/javascript, */*; q=0.01","accept-language":"en-US,en;q=0.5","accept-encoding":"gzip, deflate","content-type":"application/json; charset=UTF-8","x-ghost-version":"5.118","app-pragma":"no-cache","x-requested-with":"XMLHttpRequest","referer":"http://192.34.61.231/ghost/","cookie":"**REDACTED**"},"query":{"filter":"newsletters.status:active+status:-free+email_disabled:0","order":"id","limit":"1","page":"1","include":"newsletters,labels"}},"res":{"_headers":{"x-powered-by":"Express","content-version":"v5.118","vary":"Accept-Version, Accept-Encoding","cache-control":"no-cache, private, no-store, must-revalidate, max-stale=0, post-check=0, pre-check=0","content-type":"application/json; charset=utf-8","content-length":"101","etag":"W/\"65-f6nBT1UI6bh1EnkUkUhaEXI/ziw\""},"statusCode":200,"responseTime":"219ms"},"msg":"","time":"2025-05-01T06:55:26.824Z","v":0}
{"name":"Log","hostname":"lina-blog","pid":32635,"level":30,"version":"5.118.1","req":{"meta":{"requestId":"23f70b64-cc29-4850-a304-549fec54a054","userId":"1"},"url":"/members/?filter=last_seen_at%3A%3E2025-03-31T17%3A00%3A00.000Z&order=id&limit=1&page=1&include=newsletters%2Clabels","method":"GET","originalUrl":"/ghost/api/admin/members/?filter=last_seen_at%3A%3E2025-03-31T17%3A00%3A00.000Z&order=id&limit=1&page=1&include=newsletters%2Clabels","params":{},"headers":{"x-real-ip":"171.224.177.21","host":"192.34.61.231","connection":"close","user-agent":"Mozilla/5.0 (Macintosh; Intel Mac OS X 10.15; rv:137.0) Gecko/20100101 Firefox/137.0","accept":"application/json, text/javascript, */*; q=0.01","accept-language":"en-US,en;q=0.5","accept-encoding":"gzip, deflate","content-type":"application/json; charset=UTF-8","x-ghost-version":"5.118","app-pragma":"no-cache","x-requested-with":"XMLHttpRequest","referer":"http://192.34.61.231/ghost/","cookie":"**REDACTED**"},"query":{"filter":"last_seen_at:>2025-03-31T17:00:00.000Z","order":"id","limit":"1","page":"1","include":"newsletters,labels"}},"res":{"_headers":{"x-powered-by":"Express","content-version":"v5.118","vary":"Accept-Version, Accept-Encoding","cache-control":"no-cache, private, no-store, must-revalidate, max-stale=0, post-check=0, pre-check=0","content-type":"application/json; charset=utf-8","content-length":"101","etag":"W/\"65-f6nBT1UI6bh1EnkUkUhaEXI/ziw\""},"statusCode":200,"responseTime":"230ms"},"msg":"","time":"2025-05-01T06:55:26.829Z","v":0}
{"name":"Log","hostname":"lina-blog","pid":32635,"level":30,"version":"5.118.1","req":{"meta":{"requestId":"525c9b3a-aad7-432e-a65d-f1652e5c9128","userId":"1"},"url":"/members/?order=id&limit=1&page=1&include=newsletters%2Clabels","method":"GET","originalUrl":"/ghost/api/admin/members/?order=id&limit=1&page=1&include=newsletters%2Clabels","params":{},"headers":{"x-real-ip":"171.224.177.21","host":"192.34.61.231","connection":"close","user-agent":"Mozilla/5.0 (Macintosh; Intel Mac OS X 10.15; rv:137.0) Gecko/20100101 Firefox/137.0","accept":"application/json, text/javascript, */*; q=0.01","accept-language":"en-US,en;q=0.5","accept-encoding":"gzip, deflate","content-type":"application/json; charset=UTF-8","x-ghost-version":"5.118","app-pragma":"no-cache","x-requested-with":"XMLHttpRequest","referer":"http://192.34.61.231/ghost/","cookie":"**REDACTED**"},"query":{"order":"id","limit":"1","page":"1","include":"newsletters,labels"}},"res":{"_headers":{"x-powered-by":"Express","content-version":"v5.118","vary":"Accept-Version, Accept-Encoding","cache-control":"no-cache, private, no-store, must-revalidate, max-stale=0, post-check=0, pre-check=0","content-type":"application/json; charset=utf-8","content-length":"101","etag":"W/\"65-f6nBT1UI6bh1EnkUkUhaEXI/ziw\""},"statusCode":200,"responseTime":"243ms"},"msg":"","time":"2025-05-01T06:55:26.832Z","v":0}
{"name":"Log","hostname":"lina-blog","pid":32635,"level":30,"version":"5.118.1","req":{"meta":{"requestId":"78ba2953-8180-4f90-9ec4-540b7f433d77","userId":"1"},"url":"/members/?filter=newsletters.status%3Aactive%2Bstatus%3Afree%2Bemail_disabled%3A0&order=id&limit=1&page=1&include=newsletters%2Clabels","method":"GET","originalUrl":"/ghost/api/admin/members/?filter=newsletters.status%3Aactive%2Bstatus%3Afree%2Bemail_disabled%3A0&order=id&limit=1&page=1&include=newsletters%2Clabels","params":{},"headers":{"x-real-ip":"171.224.177.21","host":"192.34.61.231","connection":"close","user-agent":"Mozilla/5.0 (Macintosh; Intel Mac OS X 10.15; rv:137.0) Gecko/20100101 Firefox/137.0","accept":"application/json, text/javascript, */*; q=0.01","accept-language":"en-US,en;q=0.5","accept-encoding":"gzip, deflate","content-type":"application/json; charset=UTF-8","x-ghost-version":"5.118","app-pragma":"no-cache","x-requested-with":"XMLHttpRequest","referer":"http://192.34.61.231/ghost/","cookie":"**REDACTED**"},"query":{"filter":"newsletters.status:active+status:free+email_disabled:0","order":"id","limit":"1","page":"1","include":"newsletters,labels"}},"res":{"_headers":{"x-powered-by":"Express","content-version":"v5.118","vary":"Accept-Version, Accept-Encoding","cache-control":"no-cache, private, no-store, must-revalidate, max-stale=0, post-check=0, pre-check=0","content-type":"application/json; charset=utf-8","content-length":"101","etag":"W/\"65-f6nBT1UI6bh1EnkUkUhaEXI/ziw\""},"statusCode":200,"responseTime":"257ms"},"msg":"","time":"2025-05-01T06:55:26.875Z","v":0}
{"name":"Log","hostname":"lina-blog","pid":32635,"level":30,"version":"5.118.1","req":{"meta":{"requestId":"a925726b-52ad-49a9-b755-1429dec961e8","userId":"1"},"url":"/posts/?formats=mobiledoc%2Clexical&limit=5&filter=status%3A%5Bpublished%2Csent%5D&order=published_at%20desc","method":"GET","originalUrl":"/ghost/api/admin/posts/?formats=mobiledoc%2Clexical&limit=5&filter=status%3A%5Bpublished%2Csent%5D&order=published_at%20desc","params":{},"headers":{"x-real-ip":"171.224.177.21","host":"192.34.61.231","connection":"close","user-agent":"Mozilla/5.0 (Macintosh; Intel Mac OS X 10.15; rv:137.0) Gecko/20100101 Firefox/137.0","accept":"application/json, text/javascript, */*; q=0.01","accept-language":"en-US,en;q=0.5","accept-encoding":"gzip, deflate","content-type":"application/json; charset=UTF-8","x-ghost-version":"5.118","app-pragma":"no-cache","x-requested-with":"XMLHttpRequest","referer":"http://192.34.61.231/ghost/","cookie":"**REDACTED**"},"query":{"formats":"mobiledoc,lexical","limit":"5","filter":"status:[published,sent]","order":"published_at desc"}},"res":{"_headers":{"x-powered-by":"Express","content-version":"v5.118","vary":"Accept-Version, Accept-Encoding","cache-control":"no-cache, private, no-store, must-revalidate, max-stale=0, post-check=0, pre-check=0","content-type":"application/json; charset=utf-8","etag":"W/\"17ca-zgTtEvloFWTR3iLrhsMTBGD7CIw\"","content-encoding":"gzip"},"statusCode":200,"responseTime":"32ms"},"msg":"","time":"2025-05-01T06:55:26.925Z","v":0}
{"name":"Log","hostname":"lina-blog","pid":32635,"level":30,"version":"5.118.1","req":{"meta":{"requestId":"292a21f5-226e-499c-ac71-842209db1e13","userId":null},"url":"/","method":"GET","originalUrl":"/","params":{},"headers":{"x-real-ip":"167.94.138.166","host":"192.34.61.231","connection":"close","user-agent":"Mozilla/5.0 (compatible; CensysInspect/1.1; +https://about.censys.io/)","accept":"*/*","accept-encoding":"gzip"},"query":{}},"res":{"_headers":{"x-powered-by":"Express","cache-control":"public, max-age=0","content-type":"text/html; charset=utf-8","etag":"W/\"4477-/ovtXKYO27WaqC3k1WdmlWfXIxE\"","vary":"Accept-Encoding","content-encoding":"gzip"},"statusCode":200,"responseTime":"55ms"},"msg":"","time":"2025-05-01T06:55:28.715Z","v":0}
{"name":"Log","hostname":"lina-blog","pid":32635,"level":30,"version":"5.118.1","req":{"meta":{"requestId":"3468f27d-a8b7-45af-9fbe-d63d981c5d4f","userId":null},"url":"/favicon.ico","method":"GET","originalUrl":"/favicon.ico","params":{},"headers":{"x-real-ip":"167.94.138.166","host":"192.34.61.231","connection":"close","user-agent":"Mozilla/5.0 (compatible; CensysInspect/1.1; +https://about.censys.io/)","accept-encoding":"gzip"},"query":{}},"res":{"_headers":{"x-powered-by":"Express","content-type":"image/x-icon","etag":"\"a9c6dbdcdc3ae568f4e0dad92149a0e3\"","cache-control":"public, max-age=86400","vary":"Accept-Encoding","content-encoding":"gzip"},"statusCode":200,"responseTime":"3ms"},"msg":"","time":"2025-05-01T06:55:32.009Z","v":0}
{"name":"Log","hostname":"lina-blog","pid":32635,"level":30,"version":"5.118.1","req":{"meta":{"requestId":"66d88b04-4ac0-4db8-9203-75891812400b","userId":null},"url":"/","method":"GET","originalUrl":"/ghost/","params":{"0":"/"},"headers":{"x-real-ip":"171.224.177.21","host":"192.34.61.231","connection":"close","user-agent":"Mozilla/5.0 (Macintosh; Intel Mac OS X 10.15; rv:137.0) Gecko/20100101 Firefox/137.0","accept":"text/html,application/xhtml+xml,application/xml;q=0.9,*/*;q=0.8","accept-language":"en-US,en;q=0.5","accept-encoding":"gzip, deflate","referer":"http://192.34.61.231/ghost/","cookie":"**REDACTED**","upgrade-insecure-requests":"1","priority":"u=0, i"},"query":{}},"res":{"_headers":{"x-powered-by":"Express","cache-control":"no-cache, private, no-store, must-revalidate, max-stale=0, post-check=0, pre-check=0","etag":"8c670d38001513076d206700c5a5f814","x-frame-options":"sameorigin","accept-ranges":"bytes","last-modified":"Sat, 26 Oct 1985 08:15:00 GMT","content-type":"text/html; charset=UTF-8","vary":"Accept-Encoding","content-encoding":"gzip"},"statusCode":200,"responseTime":"27ms"},"msg":"","time":"2025-05-01T06:55:35.406Z","v":0}
{"name":"Log","hostname":"lina-blog","pid":32635,"level":30,"version":"5.118.1","req":{"meta":{"requestId":"0e61e5d8-b766-4b79-afc6-36bc77e3d5e4","userId":null},"url":"/vendor-0ede59da8efb5e28fa929557f7ff7154.css","method":"GET","originalUrl":"/ghost/assets/vendor-0ede59da8efb5e28fa929557f7ff7154.css","params":{},"headers":{"x-real-ip":"171.224.177.21","host":"192.34.61.231","connection":"close","user-agent":"Mozilla/5.0 (Macintosh; Intel Mac OS X 10.15; rv:137.0) Gecko/20100101 Firefox/137.0","accept":"text/css,*/*;q=0.1","accept-language":"en-US,en;q=0.5","accept-encoding":"gzip, deflate","referer":"http://192.34.61.231/ghost/","cookie":"**REDACTED**","priority":"u=2"},"query":{}},"res":{"_headers":{"x-powered-by":"Express","accept-ranges":"bytes","cache-control":"public, max-age=31536000, immutable","last-modified":"Sat, 26 Oct 1985 08:15:00 GMT","etag":"W/\"8b45-7438674ba0\"","content-type":"text/css; charset=UTF-8","vary":"Accept-Encoding","content-encoding":"gzip"},"statusCode":200,"responseTime":"12ms"},"msg":"","time":"2025-05-01T06:55:35.783Z","v":0}
{"name":"Log","hostname":"lina-blog","pid":32635,"level":30,"version":"5.118.1","req":{"meta":{"requestId":"4243259b-0ea9-4469-8982-444e38ca1ea8","userId":null},"url":"/ghost-c10c25cbf2256a65051bf20fdb32b1a9.css","method":"GET","originalUrl":"/ghost/assets/ghost-c10c25cbf2256a65051bf20fdb32b1a9.css","params":{},"headers":{"x-real-ip":"171.224.177.21","host":"192.34.61.231","connection":"close","user-agent":"Mozilla/5.0 (Macintosh; Intel Mac OS X 10.15; rv:137.0) Gecko/20100101 Firefox/137.0","accept":"text/css,*/*;q=0.1","accept-language":"en-US,en;q=0.5","accept-encoding":"gzip, deflate","referer":"http://192.34.61.231/ghost/","cookie":"**REDACTED**","priority":"u=2"},"query":{}},"res":{"_headers":{"x-powered-by":"Express","accept-ranges":"bytes","cache-control":"public, max-age=31536000, immutable","last-modified":"Sat, 26 Oct 1985 08:15:00 GMT","etag":"W/\"8bfb1-7438674ba0\"","content-type":"text/css; charset=UTF-8","vary":"Accept-Encoding","content-encoding":"gzip"},"statusCode":200,"responseTime":"28ms"},"msg":"","time":"2025-05-01T06:55:35.798Z","v":0}
{"name":"Log","hostname":"lina-blog","pid":32635,"level":30,"version":"5.118.1","req":{"meta":{"requestId":"f6989380-db01-424e-8005-04e16201542b","userId":null},"url":"/fonts/Inter-roman.var-66c6e40883646a7ad993108b2ce2da32.woff2","method":"GET","originalUrl":"/ghost/assets/fonts/Inter-roman.var-66c6e40883646a7ad993108b2ce2da32.woff2","params":{},"headers":{"x-real-ip":"171.224.177.21","host":"192.34.61.231","connection":"close","user-agent":"Mozilla/5.0 (Macintosh; Intel Mac OS X 10.15; rv:137.0) Gecko/20100101 Firefox/137.0","accept":"application/font-woff2;q=1.0,application/font-woff;q=0.9,*/*;q=0.8","accept-language":"en-US,en;q=0.5","accept-encoding":"identity","referer":"http://192.34.61.231/ghost/assets/ghost-c10c25cbf2256a65051bf20fdb32b1a9.css","cookie":"**REDACTED**"},"query":{}},"res":{"_headers":{"x-powered-by":"Express","accept-ranges":"bytes","cache-control":"public, max-age=31536000, immutable","last-modified":"Sat, 26 Oct 1985 08:15:00 GMT","etag":"W/\"3776c-7438674ba0\"","content-type":"font/woff2","content-length":227180},"statusCode":200,"responseTime":"2ms"},"msg":"","time":"2025-05-01T06:55:36.996Z","v":0}
{"name":"Log","hostname":"lina-blog","pid":32635,"level":30,"version":"5.118.1","req":{"meta":{"requestId":"532bb7fa-e4b3-427e-b745-1e2ac7f38f9f","userId":"1"},"url":"/users/me/?include=roles","method":"GET","originalUrl":"/ghost/api/admin/users/me/?include=roles","params":{"id":"me"},"headers":{"x-real-ip":"171.224.177.21","host":"192.34.61.231","connection":"close","user-agent":"Mozilla/5.0 (Macintosh; Intel Mac OS X 10.15; rv:137.0) Gecko/20100101 Firefox/137.0","accept":"application/json, text/javascript, */*; q=0.01","accept-language":"en-US,en;q=0.5","accept-encoding":"gzip, deflate","content-type":"application/json; charset=UTF-8","x-ghost-version":"5.118","app-pragma":"no-cache","x-requested-with":"XMLHttpRequest","referer":"http://192.34.61.231/ghost/","cookie":"**REDACTED**"},"query":{"include":"roles"}},"res":{"_headers":{"x-powered-by":"Express","content-version":"v5.118","vary":"Accept-Version, Accept-Encoding","cache-control":"no-cache, private, no-store, must-revalidate, max-stale=0, post-check=0, pre-check=0","content-type":"application/json; charset=utf-8","etag":"W/\"4db-rL0LN9xpsizxgBZFIyGyVC5kolA\"","content-encoding":"gzip"},"statusCode":200,"responseTime":"27ms"},"msg":"","time":"2025-05-01T06:55:37.101Z","v":0}
{"name":"Log","hostname":"lina-blog","pid":32635,"level":30,"version":"5.118.1","req":{"meta":{"requestId":"625ee5b3-7cac-46a3-a2d7-37bec362d779","userId":null},"url":"/site/","method":"GET","originalUrl":"/ghost/api/admin/site/","params":{},"headers":{"x-real-ip":"171.224.177.21","host":"192.34.61.231","connection":"close","user-agent":"Mozilla/5.0 (Macintosh; Intel Mac OS X 10.15; rv:137.0) Gecko/20100101 Firefox/137.0","accept":"application/json, text/javascript, */*; q=0.01","accept-language":"en-US,en;q=0.5","accept-encoding":"gzip, deflate","content-type":"application/json; charset=UTF-8","x-ghost-version":"5.118","app-pragma":"no-cache","x-requested-with":"XMLHttpRequest","referer":"http://192.34.61.231/ghost/","cookie":"**REDACTED**"},"query":{}},"res":{"_headers":{"x-powered-by":"Express","content-version":"v5.118","vary":"Accept-Version, Accept-Encoding","cache-control":"no-cache, private, no-store, must-revalidate, max-stale=0, post-check=0, pre-check=0","content-type":"application/json; charset=utf-8","content-length":"305","etag":"W/\"131-/7wbJh99Obvg8AgBMK/SDtaTWSM\""},"statusCode":200,"responseTime":"3ms"},"msg":"","time":"2025-05-01T06:55:37.383Z","v":0}
{"name":"Log","hostname":"lina-blog","pid":32635,"level":30,"version":"5.118.1","req":{"meta":{"requestId":"8b51749a-a22b-4031-b007-899c25498014","userId":"1"},"url":"/config/","method":"GET","originalUrl":"/ghost/api/admin/config/","params":{},"headers":{"x-real-ip":"171.224.177.21","host":"192.34.61.231","connection":"close","user-agent":"Mozilla/5.0 (Macintosh; Intel Mac OS X 10.15; rv:137.0) Gecko/20100101 Firefox/137.0","accept":"application/json, text/javascript, */*; q=0.01","accept-language":"en-US,en;q=0.5","accept-encoding":"gzip, deflate","content-type":"application/json; charset=UTF-8","x-ghost-version":"5.118","app-pragma":"no-cache","x-requested-with":"XMLHttpRequest","referer":"http://192.34.61.231/ghost/","cookie":"**REDACTED**"},"query":{}},"res":{"_headers":{"x-powered-by":"Express","content-version":"v5.118","vary":"Accept-Version, Accept-Encoding","cache-control":"no-cache, private, no-store, must-revalidate, max-stale=0, post-check=0, pre-check=0","content-type":"application/json; charset=utf-8","content-length":"612","etag":"W/\"264-4KQ3xYd3/olOYOTs2FmeiatqBvM\""},"statusCode":200,"responseTime":"7ms"},"msg":"","time":"2025-05-01T06:55:37.663Z","v":0}
{"name":"Log","hostname":"lina-blog","pid":32635,"level":30,"version":"5.118.1","req":{"meta":{"requestId":"074dddd6-6ee1-40ca-b398-d9d932fcc53a","userId":"1"},"url":"/settings/?group=site%2Ctheme%2Cprivate%2Cmembers%2Cportal%2Cnewsletter%2Cemail%2Camp%2Clabs%2Cslack%2Cunsplash%2Cviews%2Cfirstpromoter%2Ceditor%2Ccomments%2Canalytics%2Cannouncement%2Cpintura%2Cdonations%2Crecommendations%2Csecurity","method":"GET","originalUrl":"/ghost/api/admin/settings/?group=site%2Ctheme%2Cprivate%2Cmembers%2Cportal%2Cnewsletter%2Cemail%2Camp%2Clabs%2Cslack%2Cunsplash%2Cviews%2Cfirstpromoter%2Ceditor%2Ccomments%2Canalytics%2Cannouncement%2Cpintura%2Cdonations%2Crecommendations%2Csecurity","params":{},"headers":{"x-real-ip":"171.224.177.21","host":"192.34.61.231","connection":"close","user-agent":"Mozilla/5.0 (Macintosh; Intel Mac OS X 10.15; rv:137.0) Gecko/20100101 Firefox/137.0","accept":"application/json, text/javascript, */*; q=0.01","accept-language":"en-US,en;q=0.5","accept-encoding":"gzip, deflate","content-type":"application/json; charset=UTF-8","x-ghost-version":"5.118","app-pragma":"no-cache","x-requested-with":"XMLHttpRequest","referer":"http://192.34.61.231/ghost/","cookie":"**REDACTED**"},"query":{"group":"site,theme,private,members,portal,newsletter,email,amp,labs,slack,unsplash,views,firstpromoter,editor,comments,analytics,announcement,pintura,donations,recommendations,security"}},"res":{"_headers":{"x-powered-by":"Express","content-version":"v5.118","vary":"Accept-Version, Accept-Encoding","cache-control":"no-cache, private, no-store, must-revalidate, max-stale=0, post-check=0, pre-check=0","content-type":"application/json; charset=utf-8","etag":"W/\"11a2-8kEbYgPSznIPYavjhq4x9l7n4Zc\"","content-encoding":"gzip"},"statusCode":200,"responseTime":"27ms"},"msg":"","time":"2025-05-01T06:55:37.692Z","v":0}
{"name":"Log","hostname":"lina-blog","pid":32635,"level":30,"version":"5.118.1","req":{"meta":{"requestId":"b085cfb8-94cc-4e90-8e4d-f55df32286e0","userId":"1"},"url":"/tiers/?filter=type%3Apaid%2Bactive%3Atrue&limit=all","method":"GET","originalUrl":"/ghost/api/admin/tiers/?filter=type%3Apaid%2Bactive%3Atrue&limit=all","params":{},"headers":{"x-real-ip":"171.224.177.21","host":"192.34.61.231","connection":"close","user-agent":"Mozilla/5.0 (Macintosh; Intel Mac OS X 10.15; rv:137.0) Gecko/20100101 Firefox/137.0","accept":"application/json, text/javascript, */*; q=0.01","accept-language":"en-US,en;q=0.5","accept-encoding":"gzip, deflate","content-type":"application/json; charset=UTF-8","x-ghost-version":"5.118","app-pragma":"no-cache","x-requested-with":"XMLHttpRequest","referer":"http://192.34.61.231/ghost/","cookie":"**REDACTED**"},"query":{"filter":"type:paid+active:true","limit":"all"}},"res":{"_headers":{"x-powered-by":"Express","content-version":"v5.118","vary":"Accept-Version, Accept-Encoding","cache-control":"no-cache, private, no-store, must-revalidate, max-stale=0, post-check=0, pre-check=0","content-type":"application/json; charset=utf-8","content-length":"447","etag":"W/\"1bf-nuGIF4JdWFzP+P7+0PPWMPYy8Jg\""},"statusCode":200,"responseTime":"28ms"},"msg":"","time":"2025-05-01T06:55:37.696Z","v":0}
{"name":"Log","hostname":"lina-blog","pid":32635,"level":30,"version":"5.118.1","req":{"meta":{"requestId":"cf9349bc-94f9-47a3-afdf-90818b548bb6","userId":null},"url":"/ghost-dark-6cbe9c3d45b8b605f846c4b417881e50.css","method":"GET","originalUrl":"/ghost/assets/ghost-dark-6cbe9c3d45b8b605f846c4b417881e50.css","params":{},"headers":{"x-real-ip":"171.224.177.21","host":"192.34.61.231","connection":"close","user-agent":"Mozilla/5.0 (Macintosh; Intel Mac OS X 10.15; rv:137.0) Gecko/20100101 Firefox/137.0","accept":"text/css,*/*;q=0.1","accept-language":"en-US,en;q=0.5","accept-encoding":"gzip, deflate","referer":"http://192.34.61.231/ghost/","cookie":"**REDACTED**","priority":"u=4"},"query":{}},"res":{"_headers":{"x-powered-by":"Express","accept-ranges":"bytes","cache-control":"public, max-age=31536000, immutable","last-modified":"Sat, 26 Oct 1985 08:15:00 GMT","etag":"W/\"8da8c-7438674ba0\"","content-type":"text/css; charset=UTF-8","vary":"Accept-Encoding","content-encoding":"gzip"},"statusCode":200,"responseTime":"27ms"},"msg":"","time":"2025-05-01T06:55:38.030Z","v":0}
{"name":"Log","hostname":"lina-blog","pid":32635,"level":30,"version":"5.118.1","req":{"meta":{"requestId":"38cc63e6-f365-430b-b24e-a4f65e6c620d","userId":"1"},"url":"/notifications/","method":"GET","originalUrl":"/ghost/api/admin/notifications/","params":{},"headers":{"x-real-ip":"171.224.177.21","host":"192.34.61.231","connection":"close","user-agent":"Mozilla/5.0 (Macintosh; Intel Mac OS X 10.15; rv:137.0) Gecko/20100101 Firefox/137.0","accept":"application/json, text/javascript, */*; q=0.01","accept-language":"en-US,en;q=0.5","accept-encoding":"gzip, deflate","content-type":"application/json; charset=UTF-8","x-ghost-version":"5.118","app-pragma":"no-cache","x-requested-with":"XMLHttpRequest","referer":"http://192.34.61.231/ghost/","cookie":"**REDACTED**"},"query":{}},"res":{"_headers":{"x-powered-by":"Express","content-version":"v5.118","vary":"Accept-Version, Accept-Encoding","cache-control":"no-cache, private, no-store, must-revalidate, max-stale=0, post-check=0, pre-check=0","content-type":"application/json; charset=utf-8","content-length":"243","etag":"W/\"f3-Hq4pWdKFDz+2mCCeWQSp6UcdYw8\""},"statusCode":200,"responseTime":"37ms"},"msg":"","time":"2025-05-01T06:55:38.836Z","v":0}
{"name":"Log","hostname":"lina-blog","pid":32635,"level":30,"version":"5.118.1","req":{"meta":{"requestId":"620362a1-d432-45ca-af2c-d08a49dce836","userId":"1"},"url":"/themes/active/","method":"GET","originalUrl":"/ghost/api/admin/themes/active/","params":{},"headers":{"x-real-ip":"171.224.177.21","host":"192.34.61.231","connection":"close","user-agent":"Mozilla/5.0 (Macintosh; Intel Mac OS X 10.15; rv:137.0) Gecko/20100101 Firefox/137.0","accept":"application/json, text/javascript, */*; q=0.01","accept-language":"en-US,en;q=0.5","accept-encoding":"gzip, deflate","content-type":"application/json; charset=UTF-8","x-ghost-version":"5.118","app-pragma":"no-cache","x-requested-with":"XMLHttpRequest","referer":"http://192.34.61.231/ghost/","cookie":"**REDACTED**"},"query":{}},"res":{"_headers":{"x-powered-by":"Express","content-version":"v5.118","vary":"Accept-Version, Accept-Encoding","cache-control":"no-cache, private, no-store, must-revalidate, max-stale=0, post-check=0, pre-check=0","content-type":"application/json; charset=utf-8","etag":"W/\"e93-rJ65zfyElQqbqi/vH2pWLKGkojE\"","content-encoding":"gzip"},"statusCode":200,"responseTime":"39ms"},"msg":"","time":"2025-05-01T06:55:38.839Z","v":0}
{"name":"Log","hostname":"lina-blog","pid":32635,"level":30,"version":"5.118.1","req":{"meta":{"requestId":"ed84409e-7c18-488f-a720-e3eca949795a","userId":"1"},"url":"/stats/referrers/","method":"GET","originalUrl":"/ghost/api/admin/stats/referrers/","params":{},"headers":{"x-real-ip":"171.224.177.21","host":"192.34.61.231","connection":"close","user-agent":"Mozilla/5.0 (Macintosh; Intel Mac OS X 10.15; rv:137.0) Gecko/20100101 Firefox/137.0","accept":"application/json, text/javascript, */*; q=0.01","accept-language":"en-US,en;q=0.5","accept-encoding":"gzip, deflate","content-type":"application/json; charset=UTF-8","x-ghost-version":"5.118","app-pragma":"no-cache","x-requested-with":"XMLHttpRequest","referer":"http://192.34.61.231/ghost/","cookie":"**REDACTED**"},"query":{}},"res":{"_headers":{"x-powered-by":"Express","content-version":"v5.118","vary":"Accept-Version, Accept-Encoding","cache-control":"no-cache, private, no-store, must-revalidate, max-stale=0, post-check=0, pre-check=0","content-type":"application/json; charset=utf-8","content-length":"22","etag":"W/\"16-WcmRIiz+hBM7bbYRjg6ziVwXuLI\""},"statusCode":200,"responseTime":"57ms"},"msg":"","time":"2025-05-01T06:55:38.910Z","v":0}
{"name":"Log","hostname":"lina-blog","pid":32635,"level":30,"version":"5.118.1","req":{"meta":{"requestId":"b93a03af-0334-4b50-9a4e-f67edfa5e13a","userId":"1"},"url":"/stats/member_count/","method":"GET","originalUrl":"/ghost/api/admin/stats/member_count/","params":{},"headers":{"x-real-ip":"171.224.177.21","host":"192.34.61.231","connection":"close","user-agent":"Mozilla/5.0 (Macintosh; Intel Mac OS X 10.15; rv:137.0) Gecko/20100101 Firefox/137.0","accept":"application/json, text/javascript, */*; q=0.01","accept-language":"en-US,en;q=0.5","accept-encoding":"gzip, deflate","content-type":"application/json; charset=UTF-8","x-ghost-version":"5.118","app-pragma":"no-cache","x-requested-with":"XMLHttpRequest","referer":"http://192.34.61.231/ghost/","cookie":"**REDACTED**"},"query":{}},"res":{"_headers":{"x-powered-by":"Express","content-version":"v5.118","vary":"Accept-Version, Accept-Encoding","cache-control":"no-cache, private, no-store, must-revalidate, max-stale=0, post-check=0, pre-check=0","content-type":"application/json; charset=utf-8","content-length":"149","etag":"W/\"95-WzNIeFVRQLsdLGGCN0Th1HLTTP8\""},"statusCode":200,"responseTime":"57ms"},"msg":"","time":"2025-05-01T06:55:38.920Z","v":0}
{"name":"Log","hostname":"lina-blog","pid":32635,"level":30,"version":"5.118.1","req":{"meta":{"requestId":"fc537bbb-90be-4a24-9e7d-5d101ef35462","userId":"1"},"url":"/members/?order=id&limit=1&page=1&include=newsletters%2Clabels","method":"GET","originalUrl":"/ghost/api/admin/members/?order=id&limit=1&page=1&include=newsletters%2Clabels","params":{},"headers":{"x-real-ip":"171.224.177.21","host":"192.34.61.231","connection":"close","user-agent":"Mozilla/5.0 (Macintosh; Intel Mac OS X 10.15; rv:137.0) Gecko/20100101 Firefox/137.0","accept":"application/json, text/javascript, */*; q=0.01","accept-language":"en-US,en;q=0.5","accept-encoding":"gzip, deflate","content-type":"application/json; charset=UTF-8","x-ghost-version":"5.118","app-pragma":"no-cache","x-requested-with":"XMLHttpRequest","referer":"http://192.34.61.231/ghost/","cookie":"**REDACTED**"},"query":{"order":"id","limit":"1","page":"1","include":"newsletters,labels"}},"res":{"_headers":{"x-powered-by":"Express","content-version":"v5.118","vary":"Accept-Version, Accept-Encoding","cache-control":"no-cache, private, no-store, must-revalidate, max-stale=0, post-check=0, pre-check=0","content-type":"application/json; charset=utf-8","content-length":"101","etag":"W/\"65-f6nBT1UI6bh1EnkUkUhaEXI/ziw\""},"statusCode":200,"responseTime":"56ms"},"msg":"","time":"2025-05-01T06:55:38.938Z","v":0}
{"name":"Log","hostname":"lina-blog","pid":32635,"level":30,"version":"5.118.1","req":{"meta":{"requestId":"c84a336f-8363-4f2f-9a42-f2b2ec468bd0","userId":"1"},"url":"/members/?filter=last_seen_at%3A%3E2025-03-31T17%3A00%3A00.000Z&order=id&limit=1&page=1&include=newsletters%2Clabels","method":"GET","originalUrl":"/ghost/api/admin/members/?filter=last_seen_at%3A%3E2025-03-31T17%3A00%3A00.000Z&order=id&limit=1&page=1&include=newsletters%2Clabels","params":{},"headers":{"x-real-ip":"171.224.177.21","host":"192.34.61.231","connection":"close","user-agent":"Mozilla/5.0 (Macintosh; Intel Mac OS X 10.15; rv:137.0) Gecko/20100101 Firefox/137.0","accept":"application/json, text/javascript, */*; q=0.01","accept-language":"en-US,en;q=0.5","accept-encoding":"gzip, deflate","content-type":"application/json; charset=UTF-8","x-ghost-version":"5.118","app-pragma":"no-cache","x-requested-with":"XMLHttpRequest","referer":"http://192.34.61.231/ghost/","cookie":"**REDACTED**"},"query":{"filter":"last_seen_at:>2025-03-31T17:00:00.000Z","order":"id","limit":"1","page":"1","include":"newsletters,labels"}},"res":{"_headers":{"x-powered-by":"Express","content-version":"v5.118","vary":"Accept-Version, Accept-Encoding","cache-control":"no-cache, private, no-store, must-revalidate, max-stale=0, post-check=0, pre-check=0","content-type":"application/json; charset=utf-8","content-length":"101","etag":"W/\"65-f6nBT1UI6bh1EnkUkUhaEXI/ziw\""},"statusCode":200,"responseTime":"41ms"},"msg":"","time":"2025-05-01T06:55:39.141Z","v":0}
{"name":"Log","hostname":"lina-blog","pid":32635,"level":30,"version":"5.118.1","req":{"meta":{"requestId":"7280614e-567d-4ac7-ba30-c07344e5d80a","userId":"1"},"url":"/members/?filter=last_seen_at%3A%3E2025-04-23T17%3A00%3A00.000Z&order=id&limit=1&page=1&include=newsletters%2Clabels","method":"GET","originalUrl":"/ghost/api/admin/members/?filter=last_seen_at%3A%3E2025-04-23T17%3A00%3A00.000Z&order=id&limit=1&page=1&include=newsletters%2Clabels","params":{},"headers":{"x-real-ip":"171.224.177.21","host":"192.34.61.231","connection":"close","user-agent":"Mozilla/5.0 (Macintosh; Intel Mac OS X 10.15; rv:137.0) Gecko/20100101 Firefox/137.0","accept":"application/json, text/javascript, */*; q=0.01","accept-language":"en-US,en;q=0.5","accept-encoding":"gzip, deflate","content-type":"application/json; charset=UTF-8","x-ghost-version":"5.118","app-pragma":"no-cache","x-requested-with":"XMLHttpRequest","referer":"http://192.34.61.231/ghost/","cookie":"**REDACTED**"},"query":{"filter":"last_seen_at:>2025-04-23T17:00:00.000Z","order":"id","limit":"1","page":"1","include":"newsletters,labels"}},"res":{"_headers":{"x-powered-by":"Express","content-version":"v5.118","vary":"Accept-Version, Accept-Encoding","cache-control":"no-cache, private, no-store, must-revalidate, max-stale=0, post-check=0, pre-check=0","content-type":"application/json; charset=utf-8","content-length":"101","etag":"W/\"65-f6nBT1UI6bh1EnkUkUhaEXI/ziw\""},"statusCode":200,"responseTime":"48ms"},"msg":"","time":"2025-05-01T06:55:39.154Z","v":0}
{"name":"Log","hostname":"lina-blog","pid":32635,"level":30,"version":"5.118.1","req":{"meta":{"requestId":"ec861761-3178-41d6-bfba-b5a6839ef7d0","userId":"1"},"url":"/members/?filter=newsletters.status%3Aactive%2Bstatus%3A-free%2Bemail_disabled%3A0&order=id&limit=1&page=1&include=newsletters%2Clabels","method":"GET","originalUrl":"/ghost/api/admin/members/?filter=newsletters.status%3Aactive%2Bstatus%3A-free%2Bemail_disabled%3A0&order=id&limit=1&page=1&include=newsletters%2Clabels","params":{},"headers":{"x-real-ip":"171.224.177.21","host":"192.34.61.231","connection":"close","user-agent":"Mozilla/5.0 (Macintosh; Intel Mac OS X 10.15; rv:137.0) Gecko/20100101 Firefox/137.0","accept":"application/json, text/javascript, */*; q=0.01","accept-language":"en-US,en;q=0.5","accept-encoding":"gzip, deflate","content-type":"application/json; charset=UTF-8","x-ghost-version":"5.118","app-pragma":"no-cache","x-requested-with":"XMLHttpRequest","referer":"http://192.34.61.231/ghost/","cookie":"**REDACTED**"},"query":{"filter":"newsletters.status:active+status:-free+email_disabled:0","order":"id","limit":"1","page":"1","include":"newsletters,labels"}},"res":{"_headers":{"x-powered-by":"Express","content-version":"v5.118","vary":"Accept-Version, Accept-Encoding","cache-control":"no-cache, private, no-store, must-revalidate, max-stale=0, post-check=0, pre-check=0","content-type":"application/json; charset=utf-8","content-length":"101","etag":"W/\"65-f6nBT1UI6bh1EnkUkUhaEXI/ziw\""},"statusCode":200,"responseTime":"42ms"},"msg":"","time":"2025-05-01T06:55:39.196Z","v":0}
{"name":"Log","hostname":"lina-blog","pid":32635,"level":30,"version":"5.118.1","req":{"meta":{"requestId":"6c051a2c-8921-473e-a2d8-6ee76daf0cd8","userId":"1"},"url":"/members/?filter=newsletters.status%3Aactive%2Bstatus%3Afree%2Bemail_disabled%3A0&order=id&limit=1&page=1&include=newsletters%2Clabels","method":"GET","originalUrl":"/ghost/api/admin/members/?filter=newsletters.status%3Aactive%2Bstatus%3Afree%2Bemail_disabled%3A0&order=id&limit=1&page=1&include=newsletters%2Clabels","params":{},"headers":{"x-real-ip":"171.224.177.21","host":"192.34.61.231","connection":"close","user-agent":"Mozilla/5.0 (Macintosh; Intel Mac OS X 10.15; rv:137.0) Gecko/20100101 Firefox/137.0","accept":"application/json, text/javascript, */*; q=0.01","accept-language":"en-US,en;q=0.5","accept-encoding":"gzip, deflate","content-type":"application/json; charset=UTF-8","x-ghost-version":"5.118","app-pragma":"no-cache","x-requested-with":"XMLHttpRequest","referer":"http://192.34.61.231/ghost/","cookie":"**REDACTED**"},"query":{"filter":"newsletters.status:active+status:free+email_disabled:0","order":"id","limit":"1","page":"1","include":"newsletters,labels"}},"res":{"_headers":{"x-powered-by":"Express","content-version":"v5.118","vary":"Accept-Version, Accept-Encoding","cache-control":"no-cache, private, no-store, must-revalidate, max-stale=0, post-check=0, pre-check=0","content-type":"application/json; charset=utf-8","content-length":"101","etag":"W/\"65-f6nBT1UI6bh1EnkUkUhaEXI/ziw\""},"statusCode":200,"responseTime":"73ms"},"msg":"","time":"2025-05-01T06:55:39.257Z","v":0}
{"name":"Log","hostname":"lina-blog","pid":32635,"level":30,"version":"5.118.1","req":{"meta":{"requestId":"542d27cd-2038-4d8b-86dd-1dccd0c68730","userId":"1"},"url":"/posts/?formats=mobiledoc%2Clexical&limit=5&filter=status%3A%5Bpublished%2Csent%5D&order=published_at%20desc","method":"GET","originalUrl":"/ghost/api/admin/posts/?formats=mobiledoc%2Clexical&limit=5&filter=status%3A%5Bpublished%2Csent%5D&order=published_at%20desc","params":{},"headers":{"x-real-ip":"171.224.177.21","host":"192.34.61.231","connection":"close","user-agent":"Mozilla/5.0 (Macintosh; Intel Mac OS X 10.15; rv:137.0) Gecko/20100101 Firefox/137.0","accept":"application/json, text/javascript, */*; q=0.01","accept-language":"en-US,en;q=0.5","accept-encoding":"gzip, deflate","content-type":"application/json; charset=UTF-8","x-ghost-version":"5.118","app-pragma":"no-cache","x-requested-with":"XMLHttpRequest","referer":"http://192.34.61.231/ghost/","cookie":"**REDACTED**"},"query":{"formats":"mobiledoc,lexical","limit":"5","filter":"status:[published,sent]","order":"published_at desc"}},"res":{"_headers":{"x-powered-by":"Express","content-version":"v5.118","vary":"Accept-Version, Accept-Encoding","cache-control":"no-cache, private, no-store, must-revalidate, max-stale=0, post-check=0, pre-check=0","content-type":"application/json; charset=utf-8","etag":"W/\"17ca-zgTtEvloFWTR3iLrhsMTBGD7CIw\"","content-encoding":"gzip"},"statusCode":200,"responseTime":"81ms"},"msg":"","time":"2025-05-01T06:55:39.280Z","v":0}
{"name":"Log","hostname":"lina-blog","pid":32635,"level":30,"version":"5.118.1","req":{"meta":{"requestId":"b096c66d-58aa-4bc3-b610-dd7eff4de6fc","userId":null},"url":"/","method":"GET","originalUrl":"/","params":{},"headers":{"x-real-ip":"171.224.177.21","host":"192.34.61.231","connection":"close","user-agent":"Mozilla/5.0 (Macintosh; Intel Mac OS X 10.15; rv:137.0) Gecko/20100101 Firefox/137.0","accept":"text/html,application/xhtml+xml,application/xml;q=0.9,*/*;q=0.8","accept-language":"en-US,en;q=0.5","accept-encoding":"gzip, deflate","upgrade-insecure-requests":"1","priority":"u=0, i"},"query":{}},"res":{"_headers":{"x-powered-by":"Express","cache-control":"public, max-age=0","content-type":"text/html; charset=utf-8","etag":"W/\"4477-/ovtXKYO27WaqC3k1WdmlWfXIxE\"","vary":"Accept-Encoding","content-encoding":"gzip"},"statusCode":200,"responseTime":"48ms"},"msg":"","time":"2025-05-01T06:55:39.442Z","v":0}
{"name":"Log","hostname":"lina-blog","pid":32635,"level":30,"version":"5.118.1","req":{"meta":{"requestId":"21785e39-4791-468f-beef-3e16d5f9d91f","userId":null},"url":"/assets/built/screen.css?v=5508cbe2b5","method":"GET","originalUrl":"/assets/built/screen.css?v=5508cbe2b5","params":{},"headers":{"x-real-ip":"171.224.177.21","host":"192.34.61.231","connection":"close","user-agent":"Mozilla/5.0 (Macintosh; Intel Mac OS X 10.15; rv:137.0) Gecko/20100101 Firefox/137.0","accept":"text/css,*/*;q=0.1","accept-language":"en-US,en;q=0.5","accept-encoding":"gzip, deflate","referer":"http://192.34.61.231/","priority":"u=0"},"query":{"v":"5508cbe2b5"}},"res":{"_headers":{"x-powered-by":"Express","accept-ranges":"bytes","cache-control":"public, max-age=31536000","last-modified":"Sat, 26 Oct 1985 08:15:00 GMT","etag":"W/\"d1bb-7438674ba0\"","content-type":"text/css; charset=UTF-8","vary":"Accept-Encoding","content-encoding":"gzip"},"statusCode":200,"responseTime":"4ms"},"msg":"","time":"2025-05-01T06:55:39.793Z","v":0}
{"name":"Log","hostname":"lina-blog","pid":32635,"level":30,"version":"5.118.1","req":{"meta":{"requestId":"4833541c-b70b-4887-9630-8b5610ae3a6e","userId":null},"url":"/public/cards.min.css?v=5508cbe2b5","method":"GET","originalUrl":"/public/cards.min.css?v=5508cbe2b5","params":{},"headers":{"x-real-ip":"171.224.177.21","host":"192.34.61.231","connection":"close","user-agent":"Mozilla/5.0 (Macintosh; Intel Mac OS X 10.15; rv:137.0) Gecko/20100101 Firefox/137.0","accept":"text/css,*/*;q=0.1","accept-language":"en-US,en;q=0.5","accept-encoding":"gzip, deflate","referer":"http://192.34.61.231/","priority":"u=2"},"query":{"v":"5508cbe2b5"}},"res":{"_headers":{"x-powered-by":"Express","content-type":"text/css","etag":"\"3801af0a554047aab1689db8c9cd3501\"","cache-control":"public, max-age=31536000","vary":"Accept-Encoding","content-encoding":"gzip"},"statusCode":200,"responseTime":"4ms"},"msg":"","time":"2025-05-01T06:55:40.046Z","v":0}
{"name":"Log","hostname":"lina-blog","pid":32635,"level":30,"version":"5.118.1","req":{"meta":{"requestId":"ac024404-4b75-4b53-96d6-eca7e23cd355","userId":"1"},"url":"/integrations/?include=api_keys%2Cwebhooks","method":"GET","originalUrl":"/ghost/api/admin/integrations/?include=api_keys%2Cwebhooks","params":{},"headers":{"x-real-ip":"171.224.177.21","host":"192.34.61.231","connection":"close","user-agent":"Mozilla/5.0 (Macintosh; Intel Mac OS X 10.15; rv:137.0) Gecko/20100101 Firefox/137.0","accept":"application/json, text/javascript, */*; q=0.01","accept-language":"en-US,en;q=0.5","accept-encoding":"gzip, deflate","content-type":"application/json; charset=UTF-8","x-ghost-version":"5.118","app-pragma":"no-cache","x-requested-with":"XMLHttpRequest","referer":"http://192.34.61.231/ghost/","cookie":"**REDACTED**","priority":"u=0"},"query":{"include":"api_keys,webhooks"}},"res":{"_headers":{"x-powered-by":"Express","content-version":"v5.118","vary":"Accept-Version, Accept-Encoding","cache-control":"no-cache, private, no-store, must-revalidate, max-stale=0, post-check=0, pre-check=0","content-type":"application/json; charset=utf-8","etag":"W/\"a43-vfdu9kv5hCSi1MW9L0jT805+JAc\"","content-encoding":"gzip"},"statusCode":200,"responseTime":"44ms"},"msg":"","time":"2025-05-01T06:55:46.817Z","v":0}
{"name":"Log","hostname":"lina-blog","pid":32635,"level":30,"version":"5.118.1","req":{"meta":{"requestId":"f4ef4f47-2d45-4ac9-8885-006ff57751ad","userId":"1"},"url":"/integrations/?include=api_keys%2Cwebhooks","method":"GET","originalUrl":"/ghost/api/admin/integrations/?include=api_keys%2Cwebhooks","params":{},"headers":{"x-real-ip":"171.224.177.21","host":"192.34.61.231","connection":"close","user-agent":"Mozilla/5.0 (Macintosh; Intel Mac OS X 10.15; rv:137.0) Gecko/20100101 Firefox/137.0","accept":"application/json, text/javascript, */*; q=0.01","accept-language":"en-US,en;q=0.5","accept-encoding":"gzip, deflate","content-type":"application/json; charset=UTF-8","x-ghost-version":"5.118","app-pragma":"no-cache","x-requested-with":"XMLHttpRequest","referer":"http://192.34.61.231/ghost/","cookie":"**REDACTED**","priority":"u=0"},"query":{"include":"api_keys,webhooks"}},"res":{"_headers":{"x-powered-by":"Express","content-version":"v5.118","vary":"Accept-Version, Accept-Encoding","cache-control":"no-cache, private, no-store, must-revalidate, max-stale=0, post-check=0, pre-check=0","content-type":"application/json; charset=utf-8","etag":"W/\"a43-vfdu9kv5hCSi1MW9L0jT805+JAc\"","content-encoding":"gzip"},"statusCode":200,"responseTime":"51ms"},"msg":"","time":"2025-05-01T06:55:46.835Z","v":0}
{"name":"Log","hostname":"lina-blog","pid":32635,"level":30,"version":"5.118.1","req":{"meta":{"requestId":"c9765e23-5348-4ad7-9baf-18818b0e39a3","userId":null},"url":"/","method":"GET","originalUrl":"/","params":{},"headers":{"x-real-ip":"167.94.138.166","host":"192.34.61.231","connection":"close","user-agent":"Mozilla/5.0 (compatible; CensysInspect/1.1; +https://about.censys.io/)","accept":"*/*","accept-encoding":"gzip"},"query":{}},"res":{"_headers":{"x-powered-by":"Express","cache-control":"public, max-age=0","content-type":"text/html; charset=utf-8","etag":"W/\"4477-/ovtXKYO27WaqC3k1WdmlWfXIxE\"","vary":"Accept-Encoding","content-encoding":"gzip"},"statusCode":200,"responseTime":"40ms"},"msg":"","time":"2025-05-01T06:55:47.354Z","v":0}
{"name":"Log","hostname":"lina-blog","pid":32635,"level":40,"version":"5.118.1","msg":"Ghost is shutting down","time":"2025-05-01T06:57:43.751Z","v":0}
{"name":"Log","hostname":"lina-blog","pid":32635,"level":40,"version":"5.118.1","msg":"Ghost has shut down","time":"2025-05-01T06:57:43.755Z","v":0}
{"name":"Log","hostname":"lina-blog","pid":32635,"level":40,"version":"5.118.1","msg":"Your site is now offline","time":"2025-05-01T06:57:43.755Z","v":0}
{"name":"Log","hostname":"lina-blog","pid":32635,"level":40,"version":"5.118.1","msg":"Ghost was running for 10 minutes","time":"2025-05-01T06:57:43.757Z","v":0}
